{"type":"FeatureCollection","features":[{"type":"Feature","properties":{"Name":"Jenney","Max_Voltag":115,"Owner":"Other","COUNTY":"Alameda County","Status":"Operational"},"geometry":{"type":"Point","coordinates":[-122.242916190399,37.7724357156804]}},{"type":"Feature","properties":{"Name":"Corona","Max_Voltag":115,"Owner":"PG&E","COUNTY":"Sonoma County","Status":"Operational"},"geometry":{"type":"Point","coordinates":[-122.657368534469,38.2650127048483]}},{"type":"Feature","properties":{"Name":"South Bay 1","Max_Voltag":0,"Owner":"PG&E","COUNTY":"Alameda County","Status":"Operational"},"geometry":{"type":"Point","coordinates":[-121.625951343447,37.7784816104464]}},{"type":"Feature","properties":{"Name":"Altamont","Max_Voltag":60,"Owner":"PG&E","COUNTY":"Alameda County","Status":"Operational"},"geometry":{"type":"Point","coordinates":[-121.677208340397,37.7483765023683]}},{"type":"Feature","properties":{"Name":"Castro Valley","Max_Voltag":230,"Owner":"PG&E","COUNTY":"Alameda County","Status":"Operational"},"geometry":{"type":"Point","coordinates":[-122.061277390617,37.6912809840355]}},{"type":"Feature","properties":{"Name":"Claremont","Max_Voltag":115,"Owner":"PG&E","COUNTY":"Alameda County","Status":"Operational"},"geometry":{"type":"Point","coordinates":[-122.228585075617,37.8473734551554]}},{"type":"Feature","properties":{"Name":"Cryogenics","Max_Voltag":115,"Owner":"Other","COUNTY":"Alameda County","Status":"Operational"},"geometry":{"type":"Point","coordinates":[-122.017435291042,37.5957819343591]}},{"type":"Feature","properties":{"Name":"Kekawaka","Max_Voltag":60,"Owner":"PG&E","COUNTY":"Trinity County","Status":"Operational"},"geometry":{"type":"Point","coordinates":[-123.5091867967,40.0940307350771]}},{"type":"Feature","properties":{"Name":"Dumbarton","Max_Voltag":115,"Owner":"PG&E","COUNTY":"Alameda County","Status":"Operational"},"geometry":{"type":"Point","coordinates":[-122.057940017284,37.556992018134]}},{"type":"Feature","properties":{"Name":"Eastshore","Max_Voltag":230,"Owner":"PG&E","COUNTY":"Alameda County","Status":"Operational"},"geometry":{"type":"Point","coordinates":[-122.116611213617,37.6250785877411]}},{"type":"Feature","properties":{"Name":"Edes","Max_Voltag":115,"Owner":"PG&E","COUNTY":"Alameda County","Status":"Operational"},"geometry":{"type":"Point","coordinates":[-122.193799065796,37.7386895429097]}},{"type":"Feature","properties":{"Name":"Fremont","Max_Voltag":115,"Owner":"PG&E","COUNTY":"Alameda County","Status":"Operational"},"geometry":{"type":"Point","coordinates":[-121.96195742139,37.5413631137341]}},{"type":"Feature","properties":{"Name":"Nummi","Max_Voltag":115,"Owner":"Other","COUNTY":"Alameda County","Status":"Operational"},"geometry":{"type":"Point","coordinates":[-121.939428544531,37.4936913185458]}},{"type":"Feature","properties":{"Name":"Grant","Max_Voltag":115,"Owner":"PG&E","COUNTY":"Alameda County","Status":"Operational"},"geometry":{"type":"Point","coordinates":[-122.159538674621,37.671268039201]}},{"type":"Feature","properties":{"Name":"Grizzly","Max_Voltag":115,"Owner":"Other","COUNTY":"Alameda County","Status":"Operational"},"geometry":{"type":"Point","coordinates":[-122.245764021428,37.8761740017175]}},{"type":"Feature","properties":{"Name":"Luka","Max_Voltag":60,"Owner":"PG&E","COUNTY":"Alameda County","Status":"Operational"},"geometry":{"type":"Point","coordinates":[-121.831876810197,37.6679460837166]}},{"type":"Feature","properties":{"Name":"Air Liquide","Max_Voltag":115,"Owner":"PG&E","COUNTY":"Alameda County","Status":"Operational"},"geometry":{"type":"Point","coordinates":[-122.017491449222,37.5953105578409]}},{"type":"Feature","properties":{"Name":"Kaiser","Max_Voltag":0,"Owner":"Other","COUNTY":"Alameda County","Status":"Operational"},"geometry":{"type":"Point","coordinates":[-121.907004468799,37.7085337582831]}},{"type":"Feature","properties":{"Name":"Las Positas","Max_Voltag":230,"Owner":"PG&E","COUNTY":"Alameda County","Status":"Operational"},"geometry":{"type":"Point","coordinates":[-121.733244468981,37.7008242331829]}},{"type":"Feature","properties":{"Name":"Livermore","Max_Voltag":60,"Owner":"PG&E","COUNTY":"Alameda County","Status":"Operational"},"geometry":{"type":"Point","coordinates":[-121.78050482979,37.6800278079968]}},{"type":"Feature","properties":{"Name":"Mt. Eden","Max_Voltag":0,"Owner":"PG&E","COUNTY":"Alameda County","Status":"Operational"},"geometry":{"type":"Point","coordinates":[-122.101848110693,37.6320601103185]}},{"type":"Feature","properties":{"Name":"Newark","Max_Voltag":230,"Owner":"PG&E","COUNTY":"Alameda County","Status":"Operational"},"geometry":{"type":"Point","coordinates":[-121.986262422075,37.5008731153367]}},{"type":"Feature","properties":{"Name":"Parks","Max_Voltag":0,"Owner":"PG&E","COUNTY":"Alameda County","Status":"Operational"},"geometry":{"type":"Point","coordinates":[-121.893850391381,37.7116436245795]}},{"type":"Feature","properties":{"Name":"Radum","Max_Voltag":60,"Owner":"PG&E","COUNTY":"Alameda County","Status":"Operational"},"geometry":{"type":"Point","coordinates":[-121.859528020044,37.6725550147905]}},{"type":"Feature","properties":{"Name":"Ralph","Max_Voltag":0,"Owner":"PG&E","COUNTY":"Alameda County","Status":"Operational"},"geometry":{"type":"Point","coordinates":[-121.619943800696,37.7990569895456]}},{"type":"Feature","properties":{"Name":"Ravenswood","Max_Voltag":230,"Owner":"PG&E","COUNTY":"San Mateo County","Status":"Operational"},"geometry":{"type":"Point","coordinates":[-122.137946150411,37.4929681238991]}},{"type":"Feature","properties":{"Name":"San Leandro U","Max_Voltag":115,"Owner":"PG&E","COUNTY":"Alameda County","Status":"Operational"},"geometry":{"type":"Point","coordinates":[-122.14818833075,37.7106247748766]}},{"type":"Feature","properties":{"Name":"Oakland J","Max_Voltag":115,"Owner":"PG&E","COUNTY":"Alameda County","Status":"Operational"},"geometry":{"type":"Point","coordinates":[-122.214494820723,37.7629982644222]}},{"type":"Feature","properties":{"Name":"Sunol","Max_Voltag":0,"Owner":"PG&E","COUNTY":"Alameda County","Status":"Operational"},"geometry":{"type":"Point","coordinates":[-121.869684000744,37.5869026581462]}},{"type":"Feature","properties":{"Name":"Tesla","Max_Voltag":500,"Owner":"PG&E","COUNTY":"Alameda County","Status":"Operational"},"geometry":{"type":"Point","coordinates":[-121.564857867798,37.7123963929351]}},{"type":"Feature","properties":{"Name":"Vallecitos","Max_Voltag":0,"Owner":"PG&E","COUNTY":"Alameda County","Status":"Operational"},"geometry":{"type":"Point","coordinates":[-121.842671016957,37.6092439869832]}},{"type":"Feature","properties":{"Name":"Vasco","Max_Voltag":60,"Owner":"PG&E","COUNTY":"Alameda County","Status":"Operational"},"geometry":{"type":"Point","coordinates":[-121.715874941091,37.7111192413439]}},{"type":"Feature","properties":{"Name":"Vineyard","Max_Voltag":0,"Owner":"PG&E","COUNTY":"Alameda County","Status":"Operational"},"geometry":{"type":"Point","coordinates":[-121.854437592519,37.6696892944771]}},{"type":"Feature","properties":{"Name":"Amfor","Max_Voltag":60,"Owner":"PG&E","COUNTY":"Amador County","Status":"Operational"},"geometry":{"type":"Point","coordinates":[-120.822097989804,38.4087669991357]}},{"type":"Feature","properties":{"Name":"Clay","Max_Voltag":60,"Owner":"PG&E","COUNTY":"Amador County","Status":"Operational"},"geometry":{"type":"Point","coordinates":[-120.934980375543,38.3421906119515]}},{"type":"Feature","properties":{"Name":"Ione","Max_Voltag":60,"Owner":"Other","COUNTY":"Amador County","Status":"Operational"},"geometry":{"type":"Point","coordinates":[-120.957549746658,38.373901043528]}},{"type":"Feature","properties":{"Name":"Ione Energy","Max_Voltag":0,"Owner":"PG&E","COUNTY":"Amador County","Status":"Operational"},"geometry":{"type":"Point","coordinates":[-120.913899539804,38.277173434411]}},{"type":"Feature","properties":{"Name":"Martell","Max_Voltag":60,"Owner":"PG&E","COUNTY":"Amador County","Status":"Operational"},"geometry":{"type":"Point","coordinates":[-120.796754021916,38.3691079935123]}},{"type":"Feature","properties":{"Name":"Nepco","Max_Voltag":0,"Owner":"Other","COUNTY":"Amador County","Status":"Operational"},"geometry":{"type":"Point","coordinates":[-120.805480348214,38.3686357459061]}},{"type":"Feature","properties":{"Name":"Oleta","Max_Voltag":60,"Owner":"PG&E","COUNTY":"Amador County","Status":"Operational"},"geometry":{"type":"Point","coordinates":[-120.844943634191,38.4807642551414]}},{"type":"Feature","properties":{"Name":"Salt Springs","Max_Voltag":115,"Owner":"PG&E","COUNTY":"Amador County","Status":"Operational"},"geometry":{"type":"Point","coordinates":[-120.218420167339,38.4984198954858]}},{"type":"Feature","properties":{"Name":"Pine Grove","Max_Voltag":60,"Owner":"PG&E","COUNTY":"Amador County","Status":"Operational"},"geometry":{"type":"Point","coordinates":[-120.660233944509,38.4127977031122]}},{"type":"Feature","properties":{"Name":"Lammers","Max_Voltag":115,"Owner":"PG&E","COUNTY":"San Joaquin County","Status":"Operational"},"geometry":{"type":"Point","coordinates":[-121.47752769021,37.7129654744624]}},{"type":"Feature","properties":{"Name":"A.P.T. Oro","Max_Voltag":0,"Owner":"PG&E","COUNTY":"Butte County","Status":"Operational"},"geometry":{"type":"Point","coordinates":[-121.565485411093,39.481226333298]}},{"type":"Feature","properties":{"Name":"Gridley","Max_Voltag":60,"Owner":"Other","COUNTY":"Butte County","Status":"Operational"},"geometry":{"type":"Point","coordinates":[-121.685615224881,39.3647131649206]}},{"type":"Feature","properties":{"Name":"Louisiana Pacific (Oroville)","Max_Voltag":0,"Owner":"Other","COUNTY":"Butte County","Status":"Operational"},"geometry":{"type":"Point","coordinates":[-121.574781767846,39.4743778165705]}},{"type":"Feature","properties":{"Name":"City Of Biggs","Max_Voltag":0,"Owner":"Other","COUNTY":"Butte County","Status":"Operational"},"geometry":{"type":"Point","coordinates":[-121.688626648107,39.4087526017334]}},{"type":"Feature","properties":{"Name":"Cabrillo","Max_Voltag":115,"Owner":"PG&E","COUNTY":"Santa Barbara County","Status":"Operational"},"geometry":{"type":"Point","coordinates":[-120.437280192896,34.6432697886197]}},{"type":"Feature","properties":{"Name":"Anita","Max_Voltag":60,"Owner":"Other","COUNTY":"Butte County","Status":"Operational"},"geometry":{"type":"Point","coordinates":[-121.91962657199,39.8109537404634]}},{"type":"Feature","properties":{"Name":"Bangor","Max_Voltag":0,"Owner":"PG&E","COUNTY":"Butte County","Status":"Operational"},"geometry":{"type":"Point","coordinates":[-121.403175699009,39.3876737374012]}},{"type":"Feature","properties":{"Name":"Big Bend","Max_Voltag":115,"Owner":"PG&E","COUNTY":"Butte County","Status":"Operational"},"geometry":{"type":"Point","coordinates":[-121.491517892545,39.6773546415566]}},{"type":"Feature","properties":{"Name":"Butte","Max_Voltag":115,"Owner":"PG&E","COUNTY":"Butte County","Status":"Operational"},"geometry":{"type":"Point","coordinates":[-121.813357076723,39.7122064480516]}},{"type":"Feature","properties":{"Name":"Chico A","Max_Voltag":0,"Owner":"PG&E","COUNTY":"Butte County","Status":"Operational"},"geometry":{"type":"Point","coordinates":[-121.820920623717,39.7188401590212]}},{"type":"Feature","properties":{"Name":"Chico B","Max_Voltag":115,"Owner":"PG&E","COUNTY":"Butte County","Status":"Operational"},"geometry":{"type":"Point","coordinates":[-121.847075808935,39.7255149338011]}},{"type":"Feature","properties":{"Name":"Ramon","Max_Voltag":0,"Owner":"IID","COUNTY":"Riverside County","Status":"Operational"},"geometry":{"type":"Point","coordinates":[-116.367405705765,33.8177460181335]}},{"type":"Feature","properties":{"Name":"Esquon","Max_Voltag":115,"Owner":"PG&E","COUNTY":"Butte County","Status":"Operational"},"geometry":{"type":"Point","coordinates":[-121.768333583853,39.6077355148337]}},{"type":"Feature","properties":{"Name":"Hamilton A","Max_Voltag":0,"Owner":"PG&E","COUNTY":"Glenn County","Status":"Operational"},"geometry":{"type":"Point","coordinates":[-122.011369335339,39.7464185415879]}},{"type":"Feature","properties":{"Name":"Honcut","Max_Voltag":115,"Owner":"PG&E","COUNTY":"Butte County","Status":"Operational"},"geometry":{"type":"Point","coordinates":[-121.595327683783,39.3205802729408]}},{"type":"Feature","properties":{"Name":"Kanaka","Max_Voltag":115,"Owner":"Other","COUNTY":"Butte County","Status":"Operational"},"geometry":{"type":"Point","coordinates":[-121.305578305933,39.5751864764318]}},{"type":"Feature","properties":{"Name":"Nord","Max_Voltag":115,"Owner":"PG&E","COUNTY":"Butte County","Status":"Operational"},"geometry":{"type":"Point","coordinates":[-121.907048641656,39.7602408031575]}},{"type":"Feature","properties":{"Name":"Oro Fino","Max_Voltag":0,"Owner":"PG&E","COUNTY":"Butte County","Status":"Operational"},"geometry":{"type":"Point","coordinates":[-121.610785061352,39.8715625311713]}},{"type":"Feature","properties":{"Name":"Oroville","Max_Voltag":60,"Owner":"PG&E","COUNTY":"Butte County","Status":"Operational"},"geometry":{"type":"Point","coordinates":[-121.560155017505,39.5039979493354]}},{"type":"Feature","properties":{"Name":"Palermo","Max_Voltag":230,"Owner":"PG&E","COUNTY":"Butte County","Status":"Operational"},"geometry":{"type":"Point","coordinates":[-121.517661544292,39.4543430519995]}},{"type":"Feature","properties":{"Name":"Paradise","Max_Voltag":0,"Owner":"PG&E","COUNTY":"Butte County","Status":"Operational"},"geometry":{"type":"Point","coordinates":[-121.618730435462,39.7606629527409]}},{"type":"Feature","properties":{"Name":"Peachton","Max_Voltag":0,"Owner":"PG&E","COUNTY":"Butte County","Status":"Operational"},"geometry":{"type":"Point","coordinates":[-121.685094518223,39.3782417220444]}},{"type":"Feature","properties":{"Name":"Sycamore Creek","Max_Voltag":115,"Owner":"PG&E","COUNTY":"Butte County","Status":"Operational"},"geometry":{"type":"Point","coordinates":[-121.824028388562,39.7687610616224]}},{"type":"Feature","properties":{"Name":"Table Mt.","Max_Voltag":0,"Owner":"PG&E","COUNTY":"Butte County","Status":"Operational"},"geometry":{"type":"Point","coordinates":[-121.644787363852,39.5552805636731]}},{"type":"Feature","properties":{"Name":"Tres Vias","Max_Voltag":115,"Owner":"PG&E","COUNTY":"Butte County","Status":"Operational"},"geometry":{"type":"Point","coordinates":[-121.688024207334,39.4867645388193]}},{"type":"Feature","properties":{"Name":"Wyandotte","Max_Voltag":115,"Owner":"PG&E","COUNTY":"Butte County","Status":"Operational"},"geometry":{"type":"Point","coordinates":[-121.540946685839,39.4917002559659]}},{"type":"Feature","properties":{"Name":"Calaveras Cement","Max_Voltag":60,"Owner":"Other","COUNTY":"Calaveras County","Status":"Operational"},"geometry":{"type":"Point","coordinates":[-120.667227747611,38.1698969241865]}},{"type":"Feature","properties":{"Name":"Cataract","Max_Voltag":0,"Owner":"Other","COUNTY":"Tuolumne County","Status":"Operational"},"geometry":{"type":"Point","coordinates":[-120.422133477007,38.0698168751388]}},{"type":"Feature","properties":{"Name":"Corral","Max_Voltag":60,"Owner":"PG&E","COUNTY":"Calaveras County","Status":"Operational"},"geometry":{"type":"Point","coordinates":[-120.926175866171,38.1014806531228]}},{"type":"Feature","properties":{"Name":"Frogtown","Max_Voltag":0,"Owner":"PG&E","COUNTY":"Calaveras County","Status":"Operational"},"geometry":{"type":"Point","coordinates":[-120.533971051103,38.0571527995874]}},{"type":"Feature","properties":{"Name":"Melones","Max_Voltag":230,"Owner":"WAPA","COUNTY":"Calaveras County","Status":"Operational"},"geometry":{"type":"Point","coordinates":[-120.536221162007,37.9446465969776]}},{"type":"Feature","properties":{"Name":"Murphy","Max_Voltag":115,"Owner":"PG&E","COUNTY":"Calaveras County","Status":"Operational"},"geometry":{"type":"Point","coordinates":[-120.446419444188,38.1469870722835]}},{"type":"Feature","properties":{"Name":"North Branch","Max_Voltag":60,"Owner":"PG&E","COUNTY":"Calaveras County","Status":"Operational"},"geometry":{"type":"Point","coordinates":[-120.719348000395,38.1997469905903]}},{"type":"Feature","properties":{"Name":"Valley Springs","Max_Voltag":0,"Owner":"PG&E","COUNTY":"Calaveras County","Status":"Operational"},"geometry":{"type":"Point","coordinates":[-120.764010476522,38.2165850576358]}},{"type":"Feature","properties":{"Name":"Arbuckle","Max_Voltag":60,"Owner":"PG&E","COUNTY":"Colusa County","Status":"Operational"},"geometry":{"type":"Point","coordinates":[-122.061394824679,39.0174796791043]}},{"type":"Feature","properties":{"Name":"Colusa","Max_Voltag":60,"Owner":"PG&E","COUNTY":"Colusa County","Status":"Operational"},"geometry":{"type":"Point","coordinates":[-122.00255032087,39.2135346731381]}},{"type":"Feature","properties":{"Name":"Cortina","Max_Voltag":0,"Owner":"PG&E","COUNTY":"Colusa County","Status":"Operational"},"geometry":{"type":"Point","coordinates":[-122.223334911465,39.1205447357189]}},{"type":"Feature","properties":{"Name":"Drake","Max_Voltag":60,"Owner":"PG&E","COUNTY":"Colusa County","Status":"Operational"},"geometry":{"type":"Point","coordinates":[-122.043332171089,38.9698227660369]}},{"type":"Feature","properties":{"Name":"Harrington","Max_Voltag":60,"Owner":"PG&E","COUNTY":"Colusa County","Status":"Operational"},"geometry":{"type":"Point","coordinates":[-122.070468380377,38.9692239628549]}},{"type":"Feature","properties":{"Name":"Maxwell","Max_Voltag":60,"Owner":"PG&E","COUNTY":"Colusa County","Status":"Operational"},"geometry":{"type":"Point","coordinates":[-122.153288874204,39.2769599632616]}},{"type":"Feature","properties":{"Name":"Rice","Max_Voltag":60,"Owner":"PG&E","COUNTY":"Colusa County","Status":"Operational"},"geometry":{"type":"Point","coordinates":[-122.013264695249,39.4027471760761]}},{"type":"Feature","properties":{"Name":"Williams","Max_Voltag":60,"Owner":"PG&E","COUNTY":"Colusa County","Status":"Operational"},"geometry":{"type":"Point","coordinates":[-122.147712053868,39.1574876528924]}},{"type":"Feature","properties":{"Name":"Etiwanda","Max_Voltag":0,"Owner":"SCE","COUNTY":"San Bernardino County","Status":"Operational"},"geometry":{"type":"Point","coordinates":[-117.527046447742,34.089170062957]}},{"type":"Feature","properties":{"Name":"Stadium","Max_Voltag":0,"Owner":"SCE","COUNTY":"Los Angeles County","Status":"Operational"},"geometry":{"type":"Point","coordinates":[-118.100247409633,33.7713325483617]}},{"type":"Feature","properties":{"Name":"Alhambra","Max_Voltag":115,"Owner":"PG&E","COUNTY":"Contra Costa County","Status":"Operational"},"geometry":{"type":"Point","coordinates":[-122.130115571113,37.9939232226531]}},{"type":"Feature","properties":{"Name":"Byron Bethany","Max_Voltag":60,"Owner":"PG&E","COUNTY":"Contra Costa County","Status":"Operational"},"geometry":{"type":"Point","coordinates":[-121.587145694327,37.8169893550264]}},{"type":"Feature","properties":{"Name":"Du Pont","Max_Voltag":60,"Owner":"Other","COUNTY":"Contra Costa County","Status":"Operational"},"geometry":{"type":"Point","coordinates":[-121.748771021318,38.0113299890908]}},{"type":"Feature","properties":{"Name":"Los Vaqueros","Max_Voltag":0,"Owner":"Other","COUNTY":"Contra Costa County","Status":"Operational"},"geometry":{"type":"Point","coordinates":[-121.576927724482,37.8869937709718]}},{"type":"Feature","properties":{"Name":"GWF 3","Max_Voltag":230,"Owner":"Other","COUNTY":"Contra Costa County","Status":"Operational"},"geometry":{"type":"Point","coordinates":[-121.781130841457,38.0118309807636]}},{"type":"Feature","properties":{"Name":"GWF 4","Max_Voltag":60,"Owner":"PG&E","COUNTY":"Contra Costa County","Status":"Operational"},"geometry":{"type":"Point","coordinates":[-121.756269624609,38.01049964666]}},{"type":"Feature","properties":{"Name":"Linde","Max_Voltag":0,"Owner":"PG&E","COUNTY":"Contra Costa County","Status":"Operational"},"geometry":{"type":"Point","coordinates":[-121.849627928047,38.0263986652187]}},{"type":"Feature","properties":{"Name":"Shell Oil 1","Max_Voltag":115,"Owner":"Other","COUNTY":"Contra Costa County","Status":"Operational"},"geometry":{"type":"Point","coordinates":[-122.115806489311,38.0142000779952]}},{"type":"Feature","properties":{"Name":"Union Chemical","Max_Voltag":60,"Owner":"Other","COUNTY":"Contra Costa County","Status":"Operational"},"geometry":{"type":"Point","coordinates":[-122.235417661668,38.0190039316405]}},{"type":"Feature","properties":{"Name":"Walnut Creek Pp","Max_Voltag":0,"Owner":"Other","COUNTY":"Contra Costa County","Status":"Operational"},"geometry":{"type":"Point","coordinates":[-122.07138434037,37.9259561562707]}},{"type":"Feature","properties":{"Name":"Tres Vaqueros Wind Farm (Jv Ent)","Max_Voltag":0,"Owner":"Other","COUNTY":"Contra Costa County","Status":"Operational"},"geometry":{"type":"Point","coordinates":[-121.622906384316,37.8387026092942]}},{"type":"Feature","properties":{"Name":"Balfour","Max_Voltag":60,"Owner":"PG&E","COUNTY":"Contra Costa County","Status":"Operational"},"geometry":{"type":"Point","coordinates":[-121.678275986315,37.9258380062568]}},{"type":"Feature","properties":{"Name":"Bollman","Max_Voltag":115,"Owner":"Other","COUNTY":"Contra Costa County","Status":"Operational"},"geometry":{"type":"Point","coordinates":[-122.042678815603,38.0125913042598]}},{"type":"Feature","properties":{"Name":"Brentwood","Max_Voltag":0,"Owner":"PG&E","COUNTY":"Contra Costa County","Status":"Operational"},"geometry":{"type":"Point","coordinates":[-121.676763202715,37.9190574343462]}},{"type":"Feature","properties":{"Name":"Briones","Max_Voltag":60,"Owner":"Other","COUNTY":"Contra Costa County","Status":"Operational"},"geometry":{"type":"Point","coordinates":[-121.814446533737,37.8852517243422]}},{"type":"Feature","properties":{"Name":"Christie","Max_Voltag":115,"Owner":"PG&E","COUNTY":"Contra Costa County","Status":"Operational"},"geometry":{"type":"Point","coordinates":[-122.208367996973,38.0028620185985]}},{"type":"Feature","properties":{"Name":"Clayton","Max_Voltag":115,"Owner":"PG&E","COUNTY":"Contra Costa County","Status":"Operational"},"geometry":{"type":"Point","coordinates":[-121.969107148668,37.9441002517121]}},{"type":"Feature","properties":{"Name":"Columbia Steel","Max_Voltag":115,"Owner":"Other","COUNTY":"Contra Costa County","Status":"Operational"},"geometry":{"type":"Point","coordinates":[-121.863311220066,38.0259842881665]}},{"type":"Feature","properties":{"Name":"Antioch","Max_Voltag":60,"Owner":"PG&E","COUNTY":"Contra Costa County","Status":"Operational"},"geometry":{"type":"Point","coordinates":[-121.815551994237,38.0135180174137]}},{"type":"Feature","properties":{"Name":"Contra Costa","Max_Voltag":230,"Owner":"PG&E","COUNTY":"Contra Costa County","Status":"Operational"},"geometry":{"type":"Point","coordinates":[-121.782823097671,37.9995546787225]}},{"type":"Feature","properties":{"Name":"Dow Chemical","Max_Voltag":0,"Owner":"Other","COUNTY":"Contra Costa County","Status":"Operational"},"geometry":{"type":"Point","coordinates":[-121.854379679031,38.0272872520857]}},{"type":"Feature","properties":{"Name":"East Portal","Max_Voltag":115,"Owner":"PG&E","COUNTY":"Contra Costa County","Status":"Operational"},"geometry":{"type":"Point","coordinates":[-122.187045868358,37.87595520403]}},{"type":"Feature","properties":{"Name":"El Cerrito Station G","Max_Voltag":115,"Owner":"PG&E","COUNTY":"Contra Costa County","Status":"Operational"},"geometry":{"type":"Point","coordinates":[-122.302222202787,37.9162522422699]}},{"type":"Feature","properties":{"Name":"Fibreboard","Max_Voltag":115,"Owner":"PG&E","COUNTY":"Contra Costa County","Status":"Operational"},"geometry":{"type":"Point","coordinates":[-121.773918621079,38.0159963375998]}},{"type":"Feature","properties":{"Name":"Franklin","Max_Voltag":60,"Owner":"PG&E","COUNTY":"Contra Costa County","Status":"Operational"},"geometry":{"type":"Point","coordinates":[-122.264329984901,38.0121070019349]}},{"type":"Feature","properties":{"Name":"Herdlyn","Max_Voltag":60,"Owner":"PG&E","COUNTY":"Contra Costa County","Status":"Operational"},"geometry":{"type":"Point","coordinates":[-121.586165420349,37.8167204643561]}},{"type":"Feature","properties":{"Name":"Imhoff","Max_Voltag":115,"Owner":"PG&E","COUNTY":"Contra Costa County","Status":"Operational"},"geometry":{"type":"Point","coordinates":[-122.067255686918,38.0016365678569]}},{"type":"Feature","properties":{"Name":"Kirker","Max_Voltag":115,"Owner":"PG&E","COUNTY":"Contra Costa County","Status":"Operational"},"geometry":{"type":"Point","coordinates":[-121.905954993103,38.0207889912219]}},{"type":"Feature","properties":{"Name":"Lakewood","Max_Voltag":115,"Owner":"PG&E","COUNTY":"Contra Costa County","Status":"Operational"},"geometry":{"type":"Point","coordinates":[-122.057334857312,37.9084101291033]}},{"type":"Feature","properties":{"Name":"Marsh","Max_Voltag":60,"Owner":"PG&E","COUNTY":"Contra Costa County","Status":"Operational"},"geometry":{"type":"Point","coordinates":[-121.72269574933,37.9028654144998]}},{"type":"Feature","properties":{"Name":"Meadow Lane","Max_Voltag":115,"Owner":"PG&E","COUNTY":"Contra Costa County","Status":"Operational"},"geometry":{"type":"Point","coordinates":[-122.05225312458,37.9632432560228]}},{"type":"Feature","properties":{"Name":"Moraga","Max_Voltag":230,"Owner":"PG&E","COUNTY":"Contra Costa County","Status":"Operational"},"geometry":{"type":"Point","coordinates":[-122.160831855168,37.847763929455]}},{"type":"Feature","properties":{"Name":"Pittsburg","Max_Voltag":230,"Owner":"PG&E","COUNTY":"Contra Costa County","Status":"Operational"},"geometry":{"type":"Point","coordinates":[-121.89679600313,38.036821997066]}},{"type":"Feature","properties":{"Name":"Point Pinole","Max_Voltag":115,"Owner":"PG&E","COUNTY":"Contra Costa County","Status":"Operational"},"geometry":{"type":"Point","coordinates":[-122.348103139392,37.9959215826354]}},{"type":"Feature","properties":{"Name":"Port Costa Brick","Max_Voltag":60,"Owner":"Other","COUNTY":"Contra Costa County","Status":"Operational"},"geometry":{"type":"Point","coordinates":[-122.178095990912,38.0373260046831]}},{"type":"Feature","properties":{"Name":"Posco","Max_Voltag":0,"Owner":"Other","COUNTY":"Contra Costa County","Status":"Operational"},"geometry":{"type":"Point","coordinates":[-121.866958765497,38.0259556637708]}},{"type":"Feature","properties":{"Name":"Rossmoor","Max_Voltag":230,"Owner":"PG&E","COUNTY":"Contra Costa County","Status":"Operational"},"geometry":{"type":"Point","coordinates":[-122.080323275438,37.8646542159616]}},{"type":"Feature","properties":{"Name":"San Ramon Research Cntr.","Max_Voltag":230,"Owner":"PG&E","COUNTY":"Contra Costa County","Status":"Operational"},"geometry":{"type":"Point","coordinates":[-121.967662431316,37.7824159583187]}},{"type":"Feature","properties":{"Name":"San Pablo","Max_Voltag":0,"Owner":"PG&E","COUNTY":"Contra Costa County","Status":"Operational"},"geometry":{"type":"Point","coordinates":[-122.336825262615,37.9852964077444]}},{"type":"Feature","properties":{"Name":"San Ramon","Max_Voltag":230,"Owner":"PG&E","COUNTY":"Contra Costa County","Status":"Operational"},"geometry":{"type":"Point","coordinates":[-121.935909803139,37.7447257531966]}},{"type":"Feature","properties":{"Name":"Sobrante","Max_Voltag":230,"Owner":"PG&E","COUNTY":"Contra Costa County","Status":"Operational"},"geometry":{"type":"Point","coordinates":[-122.208095069027,37.9054580482871]}},{"type":"Feature","properties":{"Name":"Narrows","Max_Voltag":60,"Owner":"PG&E","COUNTY":"Nevada County","Status":"Operational"},"geometry":{"type":"Point","coordinates":[-121.268631467866,39.2351286693287]}},{"type":"Feature","properties":{"Name":"Tidewater","Max_Voltag":230,"Owner":"PG&E","COUNTY":"Contra Costa County","Status":"Operational"},"geometry":{"type":"Point","coordinates":[-122.061857033944,38.0196442043138]}},{"type":"Feature","properties":{"Name":"Unocal","Max_Voltag":0,"Owner":"PG&E","COUNTY":"Contra Costa County","Status":"Operational"},"geometry":{"type":"Point","coordinates":[-122.234532186004,38.0534078104796]}},{"type":"Feature","properties":{"Name":"Urich","Max_Voltag":60,"Owner":"PG&E","COUNTY":"Contra Costa County","Status":"Operational"},"geometry":{"type":"Point","coordinates":[-122.103100989223,38.0289550045885]}},{"type":"Feature","properties":{"Name":"Valley View","Max_Voltag":115,"Owner":"PG&E","COUNTY":"Contra Costa County","Status":"Operational"},"geometry":{"type":"Point","coordinates":[-122.278624217553,37.9661339850236]}},{"type":"Feature","properties":{"Name":"Willow Pass","Max_Voltag":115,"Owner":"PG&E","COUNTY":"Contra Costa County","Status":"Operational"},"geometry":{"type":"Point","coordinates":[-121.960973296335,38.0247703197803]}},{"type":"Feature","properties":{"Name":"Belmont","Max_Voltag":69,"Owner":"PCORP","COUNTY":"Del Norte County","Status":"Operational"},"geometry":{"type":"Point","coordinates":[-124.207892141521,41.7730606549094]}},{"type":"Feature","properties":{"Name":"Del Norte","Max_Voltag":115,"Owner":"PCORP","COUNTY":"Del Norte County","Status":"Operational"},"geometry":{"type":"Point","coordinates":[-124.139072562439,41.8676618117685]}},{"type":"Feature","properties":{"Name":"Gasquet","Max_Voltag":115,"Owner":"PCORP","COUNTY":"Del Norte County","Status":"Operational"},"geometry":{"type":"Point","coordinates":[-123.966751290007,41.8482559455755]}},{"type":"Feature","properties":{"Name":"Lake Earl","Max_Voltag":0,"Owner":"PCORP","COUNTY":"Del Norte County","Status":"Operational"},"geometry":{"type":"Point","coordinates":[-124.147986158728,41.8517968515462]}},{"type":"Feature","properties":{"Name":"Miller Redwood","Max_Voltag":69,"Owner":"PCORP","COUNTY":"Del Norte County","Status":"Operational"},"geometry":{"type":"Point","coordinates":[-124.097424868339,41.7329003123309]}},{"type":"Feature","properties":{"Name":"Northcrest","Max_Voltag":69,"Owner":"PCORP","COUNTY":"Del Norte County","Status":"Operational"},"geometry":{"type":"Point","coordinates":[-124.199180522441,41.7660616281371]}},{"type":"Feature","properties":{"Name":"Patrick'S Creek","Max_Voltag":115,"Owner":"PCORP","COUNTY":"Del Norte County","Status":"Operational"},"geometry":{"type":"Point","coordinates":[-123.864666492287,41.8814008701558]}},{"type":"Feature","properties":{"Name":"Redwood","Max_Voltag":69,"Owner":"PCORP","COUNTY":"Del Norte County","Status":"Operational"},"geometry":{"type":"Point","coordinates":[-124.163472575237,41.7608130401366]}},{"type":"Feature","properties":{"Name":"Simonson","Max_Voltag":0,"Owner":"PCORP","COUNTY":"Del Norte County","Status":"Closed"},"geometry":{"type":"Point","coordinates":[-124.139423871089,41.9251459539719]}},{"type":"Feature","properties":{"Name":"Smith River","Max_Voltag":0,"Owner":"PCORP","COUNTY":"Del Norte County","Status":"Operational"},"geometry":{"type":"Point","coordinates":[-124.140575364858,41.8854156726903]}},{"type":"Feature","properties":{"Name":"Steelhead","Max_Voltag":69,"Owner":"PCORP","COUNTY":"Siskiyou County","Status":"Operational"},"geometry":{"type":"Point","coordinates":[-123.035079085428,41.77442883297]}},{"type":"Feature","properties":{"Name":"Yurok","Max_Voltag":69,"Owner":"PCORP","COUNTY":"Del Norte County","Status":"Operational"},"geometry":{"type":"Point","coordinates":[-124.050434904922,41.5433677834811]}},{"type":"Feature","properties":{"Name":"Meyers","Max_Voltag":0,"Owner":"Other","COUNTY":"El Dorado County","Status":"Operational"},"geometry":{"type":"Point","coordinates":[-119.985852727302,38.8772408896045]}},{"type":"Feature","properties":{"Name":"Stateline","Max_Voltag":0,"Owner":"Other","COUNTY":"El Dorado County","Status":"Operational"},"geometry":{"type":"Point","coordinates":[-119.943253296904,38.9318413118652]}},{"type":"Feature","properties":{"Name":"Apple Hill","Max_Voltag":0,"Owner":"PG&E","COUNTY":"El Dorado County","Status":"Operational"},"geometry":{"type":"Point","coordinates":[-120.67716509454,38.7396829676975]}},{"type":"Feature","properties":{"Name":"San Bernardino","Max_Voltag":0,"Owner":"SCE","COUNTY":"San Bernardino County","Status":"Operational"},"geometry":{"type":"Point","coordinates":[-117.238653813431,34.0796073255659]}},{"type":"Feature","properties":{"Name":"Diamond Springs","Max_Voltag":115,"Owner":"PG&E","COUNTY":"El Dorado County","Status":"Operational"},"geometry":{"type":"Point","coordinates":[-120.825894807387,38.6934122861412]}},{"type":"Feature","properties":{"Name":"El Dorado","Max_Voltag":230,"Owner":"PG&E","COUNTY":"El Dorado County","Status":"Closed"},"geometry":{"type":"Point","coordinates":[-120.621921460598,38.7956054291454]}},{"type":"Feature","properties":{"Name":"Flint","Max_Voltag":0,"Owner":"PG&E","COUNTY":"Placer County","Status":"Operational"},"geometry":{"type":"Point","coordinates":[-121.067141624172,38.8849204070636]}},{"type":"Feature","properties":{"Name":"Limestone","Max_Voltag":0,"Owner":"PG&E","COUNTY":"El Dorado County","Status":"Operational"},"geometry":{"type":"Point","coordinates":[-120.980182787665,38.6349329015219]}},{"type":"Feature","properties":{"Name":"Mt. Quarries","Max_Voltag":60,"Owner":"PG&E","COUNTY":"El Dorado County","Status":"Operational"},"geometry":{"type":"Point","coordinates":[-121.018982201579,38.9140659675757]}},{"type":"Feature","properties":{"Name":"Newcastle","Max_Voltag":115,"Owner":"PG&E","COUNTY":"Placer County","Status":"Operational"},"geometry":{"type":"Point","coordinates":[-121.094820996204,38.8348589935342]}},{"type":"Feature","properties":{"Name":"Placerville","Max_Voltag":115,"Owner":"PG&E","COUNTY":"El Dorado County","Status":"Operational"},"geometry":{"type":"Point","coordinates":[-120.783838608005,38.7308986423731]}},{"type":"Feature","properties":{"Name":"Shingle Springs","Max_Voltag":0,"Owner":"PG&E","COUNTY":"El Dorado County","Status":"Operational"},"geometry":{"type":"Point","coordinates":[-120.947238108581,38.6592976870939]}},{"type":"Feature","properties":{"Name":"Clarksville","Max_Voltag":0,"Owner":"PG&E","COUNTY":"El Dorado County","Status":"Operational"},"geometry":{"type":"Point","coordinates":[-121.059543732788,38.6557178832251]}},{"type":"Feature","properties":{"Name":"Blythe Walc","Max_Voltag":161,"Owner":"Other","COUNTY":"Riverside County","Status":"Operational"},"geometry":{"type":"Point","coordinates":[-114.680477367683,33.6112583722807]}},{"type":"Feature","properties":{"Name":"Jones Fork","Max_Voltag":0,"Owner":"SMUD","COUNTY":"El Dorado County","Status":"Operational"},"geometry":{"type":"Point","coordinates":[-120.381954426886,38.8502886136532]}},{"type":"Feature","properties":{"Name":"Camino","Max_Voltag":0,"Owner":"PG&E","COUNTY":"El Dorado County","Status":"Operational"},"geometry":{"type":"Point","coordinates":[-120.619310968959,38.7933776241533]}},{"type":"Feature","properties":{"Name":"Union Valley","Max_Voltag":230,"Owner":"SMUD","COUNTY":"El Dorado County","Status":"Operational"},"geometry":{"type":"Point","coordinates":[-120.442851457152,38.8634320313136]}},{"type":"Feature","properties":{"Name":"Guardian and Eastbank","Max_Voltag":115,"Owner":"Other","COUNTY":"Fresno County","Status":"Operational"},"geometry":{"type":"Point","coordinates":[-119.581842259957,36.5407613855958]}},{"type":"Feature","properties":{"Name":"Las Palmas","Max_Voltag":115,"Owner":"Other","COUNTY":"Fresno County","Status":"Operational"},"geometry":{"type":"Point","coordinates":[-119.696854497336,36.7577323345463]}},{"type":"Feature","properties":{"Name":"Mussel Slough","Max_Voltag":60,"Owner":"Other","COUNTY":"Kings County","Status":"Operational"},"geometry":{"type":"Point","coordinates":[-119.947059659986,36.3194622395054]}},{"type":"Feature","properties":{"Name":"Cal Resources LLC","Max_Voltag":60,"Owner":"Other","COUNTY":"Fresno County","Status":"Operational"},"geometry":{"type":"Point","coordinates":[-120.368703569471,36.2377429924461]}},{"type":"Feature","properties":{"Name":"Oxford","Max_Voltag":500,"Owner":"PG&E","COUNTY":"Fresno County","Status":"Operational"},"geometry":{"type":"Point","coordinates":[-120.701828798806,36.71509335401]}},{"type":"Feature","properties":{"Name":"Penn Zier","Max_Voltag":60,"Owner":"Other","COUNTY":"Fresno County","Status":"Operational"},"geometry":{"type":"Point","coordinates":[-120.381463882062,36.224569448016]}},{"type":"Feature","properties":{"Name":"Ranchers Cotton","Max_Voltag":115,"Owner":"PG&E","COUNTY":"Fresno County","Status":"Operational"},"geometry":{"type":"Point","coordinates":[-119.754488957881,36.7005675112874]}},{"type":"Feature","properties":{"Name":"River Rock","Max_Voltag":60,"Owner":"PG&E","COUNTY":"Fresno County","Status":"Operational"},"geometry":{"type":"Point","coordinates":[-119.773842986404,36.9028600062002]}},{"type":"Feature","properties":{"Name":"Tornado","Max_Voltag":60,"Owner":"Other","COUNTY":"Fresno County","Status":"Operational"},"geometry":{"type":"Point","coordinates":[-120.355271697933,36.1922951422271]}},{"type":"Feature","properties":{"Name":"Westlands","Max_Voltag":60,"Owner":"PG&E","COUNTY":"Fresno County","Status":"Operational"},"geometry":{"type":"Point","coordinates":[-120.342312204589,36.6324175382516]}},{"type":"Feature","properties":{"Name":"Kamm","Max_Voltag":0,"Owner":"Other","COUNTY":"Fresno County","Status":"Operational"},"geometry":{"type":"Point","coordinates":[-120.485263154028,36.528074642292]}},{"type":"Feature","properties":{"Name":"Agrico","Max_Voltag":60,"Owner":"Other","COUNTY":"Fresno County","Status":"Operational"},"geometry":{"type":"Point","coordinates":[-120.099821649632,36.6176957961804]}},{"type":"Feature","properties":{"Name":"Barton","Max_Voltag":115,"Owner":"PG&E","COUNTY":"Fresno County","Status":"Operational"},"geometry":{"type":"Point","coordinates":[-119.734910805982,36.7642427562471]}},{"type":"Feature","properties":{"Name":"Biola","Max_Voltag":70,"Owner":"PG&E","COUNTY":"Fresno County","Status":"Operational"},"geometry":{"type":"Point","coordinates":[-120.114146604666,36.7927398666835]}},{"type":"Feature","properties":{"Name":"Bullard","Max_Voltag":115,"Owner":"PG&E","COUNTY":"Fresno County","Status":"Operational"},"geometry":{"type":"Point","coordinates":[-119.768475886755,36.8238771210079]}},{"type":"Feature","properties":{"Name":"Calflax","Max_Voltag":60,"Owner":"Other","COUNTY":"Fresno County","Status":"Operational"},"geometry":{"type":"Point","coordinates":[-120.122075019481,36.2840083735941]}},{"type":"Feature","properties":{"Name":"Camden","Max_Voltag":60,"Owner":"PG&E","COUNTY":"Fresno County","Status":"Operational"},"geometry":{"type":"Point","coordinates":[-119.798966613723,36.4459860906793]}},{"type":"Feature","properties":{"Name":"Cantua","Max_Voltag":115,"Owner":"PG&E","COUNTY":"Fresno County","Status":"Operational"},"geometry":{"type":"Point","coordinates":[-120.341655758,36.4293135603461]}},{"type":"Feature","properties":{"Name":"Capco Madera","Max_Voltag":60,"Owner":"PG&E","COUNTY":"Fresno County","Status":"Operational"},"geometry":{"type":"Point","coordinates":[-120.449556765402,36.836092721154]}},{"type":"Feature","properties":{"Name":"Caruthers","Max_Voltag":0,"Owner":"PG&E","COUNTY":"Fresno County","Status":"Operational"},"geometry":{"type":"Point","coordinates":[-119.881469450688,36.5321694563089]}},{"type":"Feature","properties":{"Name":"Cheney","Max_Voltag":0,"Owner":"PG&E","COUNTY":"Fresno County","Status":"Operational"},"geometry":{"type":"Point","coordinates":[-120.531993545651,36.6327597183486]}},{"type":"Feature","properties":{"Name":"Clovis","Max_Voltag":115,"Owner":"PG&E","COUNTY":"Fresno County","Status":"Operational"},"geometry":{"type":"Point","coordinates":[-119.681253809733,36.8261981071143]}},{"type":"Feature","properties":{"Name":"Coppermine","Max_Voltag":115,"Owner":"PG&E","COUNTY":"Fresno County","Status":"Operational"},"geometry":{"type":"Point","coordinates":[-119.664706389449,36.8958126528395]}},{"type":"Feature","properties":{"Name":"Derrick","Max_Voltag":0,"Owner":"Other","COUNTY":"Fresno County","Status":"Operational"},"geometry":{"type":"Point","coordinates":[-120.337888455464,36.2265030404462]}},{"type":"Feature","properties":{"Name":"Dinuba Energy","Max_Voltag":60,"Owner":"Other","COUNTY":"Tulare County","Status":"Operational"},"geometry":{"type":"Point","coordinates":[-119.419033363951,36.5701694780351]}},{"type":"Feature","properties":{"Name":"Dunlap","Max_Voltag":60,"Owner":"PG&E","COUNTY":"Fresno County","Status":"Operational"},"geometry":{"type":"Point","coordinates":[-119.028955572627,36.7093527709877]}},{"type":"Feature","properties":{"Name":"Fig Garden","Max_Voltag":0,"Owner":"PG&E","COUNTY":"Fresno County","Status":"Operational"},"geometry":{"type":"Point","coordinates":[-119.858927930941,36.8219186652999]}},{"type":"Feature","properties":{"Name":"Firebaugh","Max_Voltag":60,"Owner":"PG&E","COUNTY":"Fresno County","Status":"Operational"},"geometry":{"type":"Point","coordinates":[-120.466372330103,36.8505810976442]}},{"type":"Feature","properties":{"Name":"Gates","Max_Voltag":0,"Owner":"PG&E","COUNTY":"Fresno County","Status":"Operational"},"geometry":{"type":"Point","coordinates":[-120.125463656972,36.1402449844986]}},{"type":"Feature","properties":{"Name":"Giffen","Max_Voltag":60,"Owner":"PG&E","COUNTY":"Fresno County","Status":"Operational"},"geometry":{"type":"Point","coordinates":[-120.334775611545,36.545143601897]}},{"type":"Feature","properties":{"Name":"Hammonds","Max_Voltag":115,"Owner":"PG&E","COUNTY":"Fresno County","Status":"Operational"},"geometry":{"type":"Point","coordinates":[-120.603310787972,36.7202352188503]}},{"type":"Feature","properties":{"Name":"Helm","Max_Voltag":230,"Owner":"PG&E","COUNTY":"Fresno County","Status":"Operational"},"geometry":{"type":"Point","coordinates":[-120.176198765979,36.5914234315459]}},{"type":"Feature","properties":{"Name":"Herndon","Max_Voltag":230,"Owner":"PG&E","COUNTY":"Fresno County","Status":"Operational"},"geometry":{"type":"Point","coordinates":[-119.922134727431,36.8447178608251]}},{"type":"Feature","properties":{"Name":"Huron","Max_Voltag":115,"Owner":"PG&E","COUNTY":"Fresno County","Status":"Operational"},"geometry":{"type":"Point","coordinates":[-120.103911122165,36.1860639137851]}},{"type":"Feature","properties":{"Name":"Kerman","Max_Voltag":60,"Owner":"PG&E","COUNTY":"Fresno County","Status":"Operational"},"geometry":{"type":"Point","coordinates":[-120.060082997681,36.691535007004]}},{"type":"Feature","properties":{"Name":"Kearney (New)","Max_Voltag":230,"Owner":"PG&E","COUNTY":"Fresno County","Status":"Operational"},"geometry":{"type":"Point","coordinates":[-119.882865023906,36.7056228914329]}},{"type":"Feature","properties":{"Name":"Kearney (Old)","Max_Voltag":60,"Owner":"PG&E","COUNTY":"Fresno County","Status":"Operational"},"geometry":{"type":"Point","coordinates":[-119.880022998689,36.706793996033]}},{"type":"Feature","properties":{"Name":"Kings River","Max_Voltag":0,"Owner":"PG&E","COUNTY":"Fresno County","Status":"Operational"},"geometry":{"type":"Point","coordinates":[-119.159474567068,36.8882681472868]}},{"type":"Feature","properties":{"Name":"Kingsburg","Max_Voltag":115,"Owner":"PG&E","COUNTY":"Fresno County","Status":"Operational"},"geometry":{"type":"Point","coordinates":[-119.582490216568,36.488432123434]}},{"type":"Feature","properties":{"Name":"Malaga","Max_Voltag":115,"Owner":"PG&E","COUNTY":"Fresno County","Status":"Operational"},"geometry":{"type":"Point","coordinates":[-119.726533979127,36.6932550182541]}},{"type":"Feature","properties":{"Name":"Manchester","Max_Voltag":115,"Owner":"PG&E","COUNTY":"Fresno County","Status":"Operational"},"geometry":{"type":"Point","coordinates":[-119.787878868071,36.7880553140264]}},{"type":"Feature","properties":{"Name":"McCall","Max_Voltag":230,"Owner":"PG&E","COUNTY":"Fresno County","Status":"Operational"},"geometry":{"type":"Point","coordinates":[-119.639210634125,36.6108290061771]}},{"type":"Feature","properties":{"Name":"Mc Mullin","Max_Voltag":230,"Owner":"PG&E","COUNTY":"Fresno County","Status":"Operational"},"geometry":{"type":"Point","coordinates":[-119.988708369183,36.5933691606621]}},{"type":"Feature","properties":{"Name":"Mendota","Max_Voltag":115,"Owner":"PG&E","COUNTY":"Fresno County","Status":"Operational"},"geometry":{"type":"Point","coordinates":[-120.458955106092,36.7205963110811]}},{"type":"Feature","properties":{"Name":"Mendota Biomass","Max_Voltag":60,"Owner":"Other","COUNTY":"Fresno County","Status":"Operational"},"geometry":{"type":"Point","coordinates":[-120.365370219692,36.7562405055182]}},{"type":"Feature","properties":{"Name":"Oro Loma","Max_Voltag":115,"Owner":"PG&E","COUNTY":"Fresno County","Status":"Operational"},"geometry":{"type":"Point","coordinates":[-120.65491603391,36.8867505729973]}},{"type":"Feature","properties":{"Name":"Bowles","Max_Voltag":60,"Owner":"PG&E","COUNTY":"Fresno County","Status":"Operational"},"geometry":{"type":"Point","coordinates":[-119.773306980539,36.6056190151585]}},{"type":"Feature","properties":{"Name":"Panoche","Max_Voltag":230,"Owner":"PG&E","COUNTY":"Fresno County","Status":"Operational"},"geometry":{"type":"Point","coordinates":[-120.581756064869,36.6535362515979]}},{"type":"Feature","properties":{"Name":"Parlier","Max_Voltag":0,"Owner":"PG&E","COUNTY":"Fresno County","Status":"Operational"},"geometry":{"type":"Point","coordinates":[-119.521310084936,36.6075535148068]}},{"type":"Feature","properties":{"Name":"Piedra","Max_Voltag":0,"Owner":"Other","COUNTY":"Fresno County","Status":"Operational"},"geometry":{"type":"Point","coordinates":[-119.403403627527,36.7899507673987]}},{"type":"Feature","properties":{"Name":"Rainbow","Max_Voltag":0,"Owner":"PG&E","COUNTY":"Fresno County","Status":"Operational"},"geometry":{"type":"Point","coordinates":[-119.538113887995,36.710222222762]}},{"type":"Feature","properties":{"Name":"Reedley","Max_Voltag":115,"Owner":"PG&E","COUNTY":"Fresno County","Status":"Operational"},"geometry":{"type":"Point","coordinates":[-119.37620837467,36.6043471948113]}},{"type":"Feature","properties":{"Name":"San Joaquin","Max_Voltag":60,"Owner":"PG&E","COUNTY":"Fresno County","Status":"Operational"},"geometry":{"type":"Point","coordinates":[-120.178351301876,36.6209361477065]}},{"type":"Feature","properties":{"Name":"Sand Creek","Max_Voltag":60,"Owner":"PG&E","COUNTY":"Tulare County","Status":"Operational"},"geometry":{"type":"Point","coordinates":[-119.160498111994,36.6447873140953]}},{"type":"Feature","properties":{"Name":"Sanger","Max_Voltag":115,"Owner":"PG&E","COUNTY":"Fresno County","Status":"Operational"},"geometry":{"type":"Point","coordinates":[-119.610900063554,36.7072232206897]}},{"type":"Feature","properties":{"Name":"Schindler","Max_Voltag":115,"Owner":"PG&E","COUNTY":"Fresno County","Status":"Operational"},"geometry":{"type":"Point","coordinates":[-120.138722201271,36.4019444251113]}},{"type":"Feature","properties":{"Name":"Stroud","Max_Voltag":60,"Owner":"PG&E","COUNTY":"Fresno County","Status":"Operational"},"geometry":{"type":"Point","coordinates":[-120.104506477026,36.5310876417251]}},{"type":"Feature","properties":{"Name":"Tivy Valley","Max_Voltag":0,"Owner":"PG&E","COUNTY":"Fresno County","Status":"Operational"},"geometry":{"type":"Point","coordinates":[-119.393312981298,36.7705490065516]}},{"type":"Feature","properties":{"Name":"Air Products","Max_Voltag":115,"Owner":"Other","COUNTY":"Fresno County","Status":"Operational"},"geometry":{"type":"Point","coordinates":[-119.721983994247,36.6875380159819]}},{"type":"Feature","properties":{"Name":"Wahtoke","Max_Voltag":115,"Owner":"PG&E","COUNTY":"Fresno County","Status":"Operational"},"geometry":{"type":"Point","coordinates":[-119.452608707077,36.615390709781]}},{"type":"Feature","properties":{"Name":"Wesix","Max_Voltag":60,"Owner":"WAPA","COUNTY":"Fresno County","Status":"Operational"},"geometry":{"type":"Point","coordinates":[-120.33439541577,36.661083067846]}},{"type":"Feature","properties":{"Name":"West Fresno","Max_Voltag":115,"Owner":"PG&E","COUNTY":"Fresno County","Status":"Operational"},"geometry":{"type":"Point","coordinates":[-119.819004475773,36.7181736696809]}},{"type":"Feature","properties":{"Name":"Westlands 16Ra","Max_Voltag":115,"Owner":"Other","COUNTY":"Fresno County","Status":"Operational"},"geometry":{"type":"Point","coordinates":[-120.279278478419,36.399139890327]}},{"type":"Feature","properties":{"Name":"Westlands 18Ra","Max_Voltag":60,"Owner":"Other","COUNTY":"Fresno County","Status":"Operational"},"geometry":{"type":"Point","coordinates":[-120.251206157232,36.3568574133778]}},{"type":"Feature","properties":{"Name":"Woodward","Max_Voltag":115,"Owner":"PG&E","COUNTY":"Fresno County","Status":"Operational"},"geometry":{"type":"Point","coordinates":[-119.751000980194,36.896277016946]}},{"type":"Feature","properties":{"Name":"Camp 10","Max_Voltag":230,"Owner":"SCE","COUNTY":"Fresno County","Status":"Operational"},"geometry":{"type":"Point","coordinates":[-119.240367067885,37.2041785770498]}},{"type":"Feature","properties":{"Name":"Line Creek","Max_Voltag":33,"Owner":"SCE","COUNTY":"Fresno County","Status":"Operational"},"geometry":{"type":"Point","coordinates":[-119.194309076931,37.2454740905504]}},{"type":"Feature","properties":{"Name":"Portal","Max_Voltag":33,"Owner":"SCE","COUNTY":"Fresno County","Status":"Operational"},"geometry":{"type":"Point","coordinates":[-119.159117661015,37.2569911584472]}},{"type":"Feature","properties":{"Name":"Pitman","Max_Voltag":230,"Owner":"SCE","COUNTY":"Fresno County","Status":"Operational"},"geometry":{"type":"Point","coordinates":[-119.24084637209,37.2054387385052]}},{"type":"Feature","properties":{"Name":"De Francesco","Max_Voltag":0,"Owner":"PG&E","COUNTY":"Fresno County","Status":"Operational"},"geometry":{"type":"Point","coordinates":[-120.620307354221,36.8360439160095]}},{"type":"Feature","properties":{"Name":"Gates Wellhead","Max_Voltag":60,"Owner":"PG&E","COUNTY":"Fresno County","Status":"Operational"},"geometry":{"type":"Point","coordinates":[-120.147819342237,36.1525210673116]}},{"type":"Feature","properties":{"Name":"Jacinto","Max_Voltag":60,"Owner":"PG&E","COUNTY":"Glenn County","Status":"Operational"},"geometry":{"type":"Point","coordinates":[-122.010471915675,39.5827856366891]}},{"type":"Feature","properties":{"Name":"Capay","Max_Voltag":60,"Owner":"PG&E","COUNTY":"Glenn County","Status":"Operational"},"geometry":{"type":"Point","coordinates":[-122.103810940369,39.7759635809288]}},{"type":"Feature","properties":{"Name":"Elk Creek","Max_Voltag":60,"Owner":"PG&E","COUNTY":"Glenn County","Status":"Operational"},"geometry":{"type":"Point","coordinates":[-122.542910391432,39.592913698357]}},{"type":"Feature","properties":{"Name":"Glenn","Max_Voltag":230,"Owner":"PG&E","COUNTY":"Glenn County","Status":"Operational"},"geometry":{"type":"Point","coordinates":[-122.142904054872,39.77791304421]}},{"type":"Feature","properties":{"Name":"Headgate","Max_Voltag":60,"Owner":"PG&E","COUNTY":"Glenn County","Status":"Operational"},"geometry":{"type":"Point","coordinates":[-122.051310360656,39.7892791599159]}},{"type":"Feature","properties":{"Name":"Logan Creek","Max_Voltag":230,"Owner":"PG&E","COUNTY":"Glenn County","Status":"Operational"},"geometry":{"type":"Point","coordinates":[-122.263050854904,39.539511190988]}},{"type":"Feature","properties":{"Name":"Orland B","Max_Voltag":60,"Owner":"PG&E","COUNTY":"Glenn County","Status":"Operational"},"geometry":{"type":"Point","coordinates":[-122.178741012727,39.7251960003594]}},{"type":"Feature","properties":{"Name":"Provident","Max_Voltag":60,"Owner":"PG&E","COUNTY":"Glenn County","Status":"Operational"},"geometry":{"type":"Point","coordinates":[-122.004703739811,39.557768550626]}},{"type":"Feature","properties":{"Name":"Willows A","Max_Voltag":60,"Owner":"PG&E","COUNTY":"Glenn County","Status":"Operational"},"geometry":{"type":"Point","coordinates":[-122.186123937264,39.5316759969912]}},{"type":"Feature","properties":{"Name":"Stony Gorge","Max_Voltag":0,"Owner":"PG&E","COUNTY":"Glenn County","Status":"Operational"},"geometry":{"type":"Point","coordinates":[-122.533156966473,39.587043025785]}},{"type":"Feature","properties":{"Name":"Ultra Power","Max_Voltag":60,"Owner":"PG&E","COUNTY":"Humboldt County","Status":"Operational"},"geometry":{"type":"Point","coordinates":[-123.994633258186,40.8779343647181]}},{"type":"Feature","properties":{"Name":"Arcata","Max_Voltag":60,"Owner":"PG&E","COUNTY":"Humboldt County","Status":"Operational"},"geometry":{"type":"Point","coordinates":[-124.0884242783,40.8670811711101]}},{"type":"Feature","properties":{"Name":"Big Lagoon","Max_Voltag":60,"Owner":"PG&E","COUNTY":"Humboldt County","Status":"Operational"},"geometry":{"type":"Point","coordinates":[-124.102006370611,41.1627147449426]}},{"type":"Feature","properties":{"Name":"Blue Chip Milling","Max_Voltag":60,"Owner":"Other","COUNTY":"Humboldt County","Status":"Operational"},"geometry":{"type":"Point","coordinates":[-124.034369197225,40.9058439650488]}},{"type":"Feature","properties":{"Name":"Blue Lake","Max_Voltag":60,"Owner":"PG&E","COUNTY":"Humboldt County","Status":"Operational"},"geometry":{"type":"Point","coordinates":[-123.98059072719,40.8798342997814]}},{"type":"Feature","properties":{"Name":"Bridgeville","Max_Voltag":115,"Owner":"PG&E","COUNTY":"Humboldt County","Status":"Operational"},"geometry":{"type":"Point","coordinates":[-123.780309818239,40.4796459699451]}},{"type":"Feature","properties":{"Name":"Carlotta","Max_Voltag":60,"Owner":"PG&E","COUNTY":"Humboldt County","Status":"Operational"},"geometry":{"type":"Point","coordinates":[-124.063767296127,40.5411469237694]}},{"type":"Feature","properties":{"Name":"Eel River","Max_Voltag":60,"Owner":"PG&E","COUNTY":"Humboldt County","Status":"Operational"},"geometry":{"type":"Point","coordinates":[-124.210132829996,40.6026228132656]}},{"type":"Feature","properties":{"Name":"Fairhaven","Max_Voltag":60,"Owner":"PG&E","COUNTY":"Humboldt County","Status":"Operational"},"geometry":{"type":"Point","coordinates":[-124.19629383748,40.8004670391703]}},{"type":"Feature","properties":{"Name":"Lousiana Pacific","Max_Voltag":60,"Owner":"Other","COUNTY":"Humboldt County","Status":"Operational"},"geometry":{"type":"Point","coordinates":[-124.196196249897,40.8059206015359]}},{"type":"Feature","properties":{"Name":"Fort Seward","Max_Voltag":60,"Owner":"PG&E","COUNTY":"Humboldt County","Status":"Operational"},"geometry":{"type":"Point","coordinates":[-123.596384394631,40.2137770138916]}},{"type":"Feature","properties":{"Name":"Fruitland","Max_Voltag":60,"Owner":"PG&E","COUNTY":"Humboldt County","Status":"Operational"},"geometry":{"type":"Point","coordinates":[-123.837307708319,40.2858417417975]}},{"type":"Feature","properties":{"Name":"Garberville","Max_Voltag":60,"Owner":"PG&E","COUNTY":"Humboldt County","Status":"Operational"},"geometry":{"type":"Point","coordinates":[-123.792877414354,40.1030078600771]}},{"type":"Feature","properties":{"Name":"Harris","Max_Voltag":60,"Owner":"PG&E","COUNTY":"Humboldt County","Status":"Operational"},"geometry":{"type":"Point","coordinates":[-124.131853424135,40.7809145888029]}},{"type":"Feature","properties":{"Name":"Hoopa","Max_Voltag":60,"Owner":"PG&E","COUNTY":"Humboldt County","Status":"Operational"},"geometry":{"type":"Point","coordinates":[-123.682108918989,41.0564653893846]}},{"type":"Feature","properties":{"Name":"Humboldt","Max_Voltag":115,"Owner":"PG&E","COUNTY":"Humboldt County","Status":"Operational"},"geometry":{"type":"Point","coordinates":[-124.112380022985,40.7825845756141]}},{"type":"Feature","properties":{"Name":"Humboldt Bay","Max_Voltag":0,"Owner":"PG&E","COUNTY":"Humboldt County","Status":"Operational"},"geometry":{"type":"Point","coordinates":[-124.209655922496,40.7403252644565]}},{"type":"Feature","properties":{"Name":"Janes Creek","Max_Voltag":60,"Owner":"PG&E","COUNTY":"Humboldt County","Status":"Operational"},"geometry":{"type":"Point","coordinates":[-124.072346985031,40.9051378243501]}},{"type":"Feature","properties":{"Name":"Sierra Pacific Lumber","Max_Voltag":60,"Owner":"Other","COUNTY":"Humboldt County","Status":"Operational"},"geometry":{"type":"Point","coordinates":[-124.152342516241,40.8657513690733]}},{"type":"Feature","properties":{"Name":"Maple Creek","Max_Voltag":0,"Owner":"PG&E","COUNTY":"Humboldt County","Status":"Operational"},"geometry":{"type":"Point","coordinates":[-123.873700206804,40.7678991071307]}},{"type":"Feature","properties":{"Name":"Newburg","Max_Voltag":60,"Owner":"PG&E","COUNTY":"Humboldt County","Status":"Operational"},"geometry":{"type":"Point","coordinates":[-124.135207206095,40.5945929817345]}},{"type":"Feature","properties":{"Name":"Windmaster","Max_Voltag":230,"Owner":"Other","COUNTY":"Contra Costa County","Status":"Operational"},"geometry":{"type":"Point","coordinates":[-121.641651016411,37.8011600008816]}},{"type":"Feature","properties":{"Name":"Pacific Lumber","Max_Voltag":60,"Owner":"Other","COUNTY":"Humboldt County","Status":"Operational"},"geometry":{"type":"Point","coordinates":[-124.1040000664,40.4809234655639]}},{"type":"Feature","properties":{"Name":"Ridge Cabin","Max_Voltag":0,"Owner":"PG&E","COUNTY":"Humboldt County","Status":"Closed"},"geometry":{"type":"Point","coordinates":[-123.66977850955,40.7289192544855]}},{"type":"Feature","properties":{"Name":"Rio Dell","Max_Voltag":60,"Owner":"PG&E","COUNTY":"Humboldt County","Status":"Operational"},"geometry":{"type":"Point","coordinates":[-124.099268059487,40.4953898184572]}},{"type":"Feature","properties":{"Name":"Russ Ranch","Max_Voltag":60,"Owner":"PG&E","COUNTY":"Humboldt County","Status":"Operational"},"geometry":{"type":"Point","coordinates":[-123.828237545558,40.8204976108121]}},{"type":"Feature","properties":{"Name":"Mrip","Max_Voltag":0,"Owner":"Other","COUNTY":"San Joaquin County","Status":"Operational"},"geometry":{"type":"Point","coordinates":[-121.120652023452,37.733295006526]}},{"type":"Feature","properties":{"Name":"Trinidad","Max_Voltag":60,"Owner":"PG&E","COUNTY":"Humboldt County","Status":"Operational"},"geometry":{"type":"Point","coordinates":[-124.128423239562,41.0647368817164]}},{"type":"Feature","properties":{"Name":"Willow Creek","Max_Voltag":60,"Owner":"PG&E","COUNTY":"Humboldt County","Status":"Operational"},"geometry":{"type":"Point","coordinates":[-123.640106160382,40.9478758995063]}},{"type":"Feature","properties":{"Name":"Alamorio","Max_Voltag":92,"Owner":"IID","COUNTY":"Imperial County","Status":"Operational"},"geometry":{"type":"Point","coordinates":[-115.518888921984,32.998979092633]}},{"type":"Feature","properties":{"Name":"Anza","Max_Voltag":92,"Owner":"IID","COUNTY":"Imperial County","Status":"Operational"},"geometry":{"type":"Point","coordinates":[-115.978535723594,33.1253308857854]}},{"type":"Feature","properties":{"Name":"Bard","Max_Voltag":0,"Owner":"IID","COUNTY":"Imperial County","Status":"Operational"},"geometry":{"type":"Point","coordinates":[-114.574590688576,32.7814997086361]}},{"type":"Feature","properties":{"Name":"Barret","Max_Voltag":0,"Owner":"IID","COUNTY":"Imperial County","Status":"Operational"},"geometry":{"type":"Point","coordinates":[-114.480080876996,32.9025065111595]}},{"type":"Feature","properties":{"Name":"Bombay","Max_Voltag":92,"Owner":"IID","COUNTY":"Imperial County","Status":"Operational"},"geometry":{"type":"Point","coordinates":[-115.688766610655,33.3849611744921]}},{"type":"Feature","properties":{"Name":"Calexico","Max_Voltag":0,"Owner":"IID","COUNTY":"Imperial County","Status":"Operational"},"geometry":{"type":"Point","coordinates":[-115.500271795862,32.669109590409]}},{"type":"Feature","properties":{"Name":"Calipatria","Max_Voltag":92,"Owner":"IID","COUNTY":"Imperial County","Status":"Operational"},"geometry":{"type":"Point","coordinates":[-115.510147432124,33.1265611911163]}},{"type":"Feature","properties":{"Name":"Central","Max_Voltag":0,"Owner":"IID","COUNTY":"Imperial County","Status":"Operational"},"geometry":{"type":"Point","coordinates":[-115.577982288771,32.8179142213143]}},{"type":"Feature","properties":{"Name":"Dahlia","Max_Voltag":92,"Owner":"IID","COUNTY":"Imperial County","Status":"Operational"},"geometry":{"type":"Point","coordinates":[-115.577833731678,32.7810584793841]}},{"type":"Feature","properties":{"Name":"Desert Shores","Max_Voltag":92,"Owner":"IID","COUNTY":"Imperial County","Status":"Operational"},"geometry":{"type":"Point","coordinates":[-116.05074992115,33.4118055553289]}},{"type":"Feature","properties":{"Name":"Dixieland","Max_Voltag":92,"Owner":"IID","COUNTY":"Imperial County","Status":"Operational"},"geometry":{"type":"Point","coordinates":[-115.778420048062,32.7937614791144]}},{"type":"Feature","properties":{"Name":"El Centro","Max_Voltag":230,"Owner":"IID","COUNTY":"Imperial County","Status":"Operational"},"geometry":{"type":"Point","coordinates":[-115.537147103777,32.8023414622788]}},{"type":"Feature","properties":{"Name":"Euclid","Max_Voltag":92,"Owner":"IID","COUNTY":"Imperial County","Status":"Operational"},"geometry":{"type":"Point","coordinates":[-115.579102777188,32.7996333339987]}},{"type":"Feature","properties":{"Name":"Goldfields","Max_Voltag":92,"Owner":"IID","COUNTY":"Imperial County","Status":"Operational"},"geometry":{"type":"Point","coordinates":[-114.984140069148,33.0536006872551]}},{"type":"Feature","properties":{"Name":"Goldmine","Max_Voltag":0,"Owner":"IID","COUNTY":"Imperial County","Status":"Operational"},"geometry":{"type":"Point","coordinates":[-114.884194446681,33.0470333344911]}},{"type":"Feature","properties":{"Name":"Heber","Max_Voltag":92,"Owner":"IID","COUNTY":"Imperial County","Status":"Operational"},"geometry":{"type":"Point","coordinates":[-115.534556378667,32.7147815584506]}},{"type":"Feature","properties":{"Name":"Highline","Max_Voltag":230,"Owner":"IID","COUNTY":"Imperial County","Status":"Operational"},"geometry":{"type":"Point","coordinates":[-115.273711872525,32.7702930309543]}},{"type":"Feature","properties":{"Name":"Holly Sugar","Max_Voltag":0,"Owner":"IID","COUNTY":"Imperial County","Status":"Operational"},"geometry":{"type":"Point","coordinates":[-115.568124494847,32.9119980697059]}},{"type":"Feature","properties":{"Name":"Holtville","Max_Voltag":0,"Owner":"IID","COUNTY":"Imperial County","Status":"Operational"},"geometry":{"type":"Point","coordinates":[-115.387994445229,32.8124138920339]}},{"type":"Feature","properties":{"Name":"Imperial Valley","Max_Voltag":0,"Owner":"IID","COUNTY":"Imperial County","Status":"Operational"},"geometry":{"type":"Point","coordinates":[-115.563744526015,32.8561559443487]}},{"type":"Feature","properties":{"Name":"Imperial Valley","Max_Voltag":0,"Owner":"SDG&E","COUNTY":"Imperial County","Status":"Operational"},"geometry":{"type":"Point","coordinates":[-115.715661489339,32.717947761549]}},{"type":"Feature","properties":{"Name":"El Segundo","Max_Voltag":0,"Owner":"SCE","COUNTY":"Los Angeles County","Status":"Operational"},"geometry":{"type":"Point","coordinates":[-118.423074930168,33.9084436386806]}},{"type":"Feature","properties":{"Name":"Mesquite","Max_Voltag":0,"Owner":"IID","COUNTY":"Imperial County","Status":"Operational"},"geometry":{"type":"Point","coordinates":[-114.986735400819,33.0273707119234]}},{"type":"Feature","properties":{"Name":"Midway","Max_Voltag":230,"Owner":"IID","COUNTY":"Imperial County","Status":"Operational"},"geometry":{"type":"Point","coordinates":[-115.434474267075,33.1923626911182]}},{"type":"Feature","properties":{"Name":"No Mans Land","Max_Voltag":0,"Owner":"IID","COUNTY":"Imperial County","Status":"Operational"},"geometry":{"type":"Point","coordinates":[-114.590083987078,32.7529387766972]}},{"type":"Feature","properties":{"Name":"Drop 2","Max_Voltag":0,"Owner":"IID","COUNTY":"Imperial County","Status":"Operational"},"geometry":{"type":"Point","coordinates":[-115.031164843181,32.706214455285]}},{"type":"Feature","properties":{"Name":"Sand Hill","Max_Voltag":0,"Owner":"IID","COUNTY":"Imperial County","Status":"Operational"},"geometry":{"type":"Point","coordinates":[-114.942561642342,32.7111465877064]}},{"type":"Feature","properties":{"Name":"Araz","Max_Voltag":161,"Owner":"IID","COUNTY":"Imperial County","Status":"Operational"},"geometry":{"type":"Point","coordinates":[-114.712645210659,32.7365732809577]}},{"type":"Feature","properties":{"Name":"Navy Base","Max_Voltag":92,"Owner":"IID","COUNTY":"Imperial County","Status":"Operational"},"geometry":{"type":"Point","coordinates":[-115.680425000454,32.811405554038]}},{"type":"Feature","properties":{"Name":"Niland","Max_Voltag":161,"Owner":"IID","COUNTY":"Imperial County","Status":"Operational"},"geometry":{"type":"Point","coordinates":[-115.50112104247,33.2422770419833]}},{"type":"Feature","properties":{"Name":"Oakley","Max_Voltag":0,"Owner":"IID","COUNTY":"Imperial County","Status":"Operational"},"geometry":{"type":"Point","coordinates":[-115.542972231932,32.9869722325439]}},{"type":"Feature","properties":{"Name":"Perry","Max_Voltag":92,"Owner":"IID","COUNTY":"Imperial County","Status":"Operational"},"geometry":{"type":"Point","coordinates":[-115.490758318101,32.6871027718531]}},{"type":"Feature","properties":{"Name":"Knob","Max_Voltag":0,"Owner":"WAPA","COUNTY":"Imperial County","Status":"Operational"},"geometry":{"type":"Point","coordinates":[-114.748656709377,32.7603681976726]}},{"type":"Feature","properties":{"Name":"Plaster City","Max_Voltag":0,"Owner":"IID","COUNTY":"Imperial County","Status":"Operational"},"geometry":{"type":"Point","coordinates":[-115.857801034599,32.7918460573042]}},{"type":"Feature","properties":{"Name":"Pruett","Max_Voltag":0,"Owner":"IID","COUNTY":"Imperial County","Status":"Operational"},"geometry":{"type":"Point","coordinates":[-115.50854443611,32.6859805504149]}},{"type":"Feature","properties":{"Name":"Rio Vista","Max_Voltag":92,"Owner":"IID","COUNTY":"Imperial County","Status":"Operational"},"geometry":{"type":"Point","coordinates":[-115.534218218658,32.9703966266304]}},{"type":"Feature","properties":{"Name":"Salton City","Max_Voltag":92,"Owner":"IID","COUNTY":"Imperial County","Status":"Operational"},"geometry":{"type":"Point","coordinates":[-115.969833332009,33.2852888905327]}},{"type":"Feature","properties":{"Name":"Seeley","Max_Voltag":92,"Owner":"IID","COUNTY":"Imperial County","Status":"Operational"},"geometry":{"type":"Point","coordinates":[-115.694666460675,32.7914894595245]}},{"type":"Feature","properties":{"Name":"Silsbee","Max_Voltag":0,"Owner":"IID","COUNTY":"Imperial County","Status":"Operational"},"geometry":{"type":"Point","coordinates":[-115.637672223145,32.7527055556185]}},{"type":"Feature","properties":{"Name":"Superstition","Max_Voltag":92,"Owner":"IID","COUNTY":"Imperial County","Status":"Operational"},"geometry":{"type":"Point","coordinates":[-115.743436115129,32.8806222210948]}},{"type":"Feature","properties":{"Name":"Valley","Max_Voltag":92,"Owner":"IID","COUNTY":"Imperial County","Status":"Operational"},"geometry":{"type":"Point","coordinates":[-115.534035577686,32.7593040560065]}},{"type":"Feature","properties":{"Name":"Verde","Max_Voltag":0,"Owner":"IID","COUNTY":"Imperial County","Status":"Operational"},"geometry":{"type":"Point","coordinates":[-115.283200587326,32.6994030131615]}},{"type":"Feature","properties":{"Name":"Westmorland","Max_Voltag":0,"Owner":"IID","COUNTY":"Imperial County","Status":"Operational"},"geometry":{"type":"Point","coordinates":[-115.61899225358,33.0381003805033]}},{"type":"Feature","properties":{"Name":"Winterhaven","Max_Voltag":0,"Owner":"IID","COUNTY":"Imperial County","Status":"Operational"},"geometry":{"type":"Point","coordinates":[-114.633466660369,32.7388638873942]}},{"type":"Feature","properties":{"Name":"Deep Springs","Max_Voltag":0,"Owner":"SCE","COUNTY":"Inyo County","Status":"Closed"},"geometry":{"type":"Point","coordinates":[-117.979604196982,37.3743822704113]}},{"type":"Feature","properties":{"Name":"Haiwee","Max_Voltag":0,"Owner":"SCE","COUNTY":"Inyo County","Status":"Operational"},"geometry":{"type":"Point","coordinates":[-117.956455549053,36.1098916666448]}},{"type":"Feature","properties":{"Name":"Lone Pine","Max_Voltag":0,"Owner":"SCE","COUNTY":"Inyo County","Status":"Operational"},"geometry":{"type":"Point","coordinates":[-118.072500875958,36.6007107909669]}},{"type":"Feature","properties":{"Name":"Morgan","Max_Voltag":0,"Owner":"SCE","COUNTY":"Inyo County","Status":"Operational"},"geometry":{"type":"Point","coordinates":[-118.701894507754,37.359760466839]}},{"type":"Feature","properties":{"Name":"Mt. Tom","Max_Voltag":0,"Owner":"SCE","COUNTY":"Inyo County","Status":"Operational"},"geometry":{"type":"Point","coordinates":[-118.465352570557,37.3498063921]}},{"type":"Feature","properties":{"Name":"Roberts","Max_Voltag":0,"Owner":"SCE","COUNTY":"Inyo County","Status":"Closed"},"geometry":{"type":"Point","coordinates":[-118.350536444388,37.4007002128614]}},{"type":"Feature","properties":{"Name":"Berrenda A","Max_Voltag":70,"Owner":"PG&E","COUNTY":"Kern County","Status":"Operational"},"geometry":{"type":"Point","coordinates":[-120.011195613619,35.7116007949925]}},{"type":"Feature","properties":{"Name":"Berrenda C","Max_Voltag":70,"Owner":"PG&E","COUNTY":"Kern County","Status":"Operational"},"geometry":{"type":"Point","coordinates":[-120.042429736909,35.6585014537535]}},{"type":"Feature","properties":{"Name":"Castaic","Max_Voltag":70,"Owner":"Other","COUNTY":"Kern County","Status":"Operational"},"geometry":{"type":"Point","coordinates":[-118.90096994317,34.880514579763]}},{"type":"Feature","properties":{"Name":"Cawelo B","Max_Voltag":70,"Owner":"PG&E","COUNTY":"Kern County","Status":"Operational"},"geometry":{"type":"Point","coordinates":[-119.118318874858,35.4707657973525]}},{"type":"Feature","properties":{"Name":"Cawelo C","Max_Voltag":115,"Owner":"PG&E","COUNTY":"Kern County","Status":"Operational"},"geometry":{"type":"Point","coordinates":[-119.11542007342,35.5707575715482]}},{"type":"Feature","properties":{"Name":"Emidio Mobil","Max_Voltag":70,"Owner":"Other","COUNTY":"Kern County","Status":"Operational"},"geometry":{"type":"Point","coordinates":[-119.065871630819,35.0629504359776]}},{"type":"Feature","properties":{"Name":"Kernwater","Max_Voltag":0,"Owner":"PG&E","COUNTY":"Kern County","Status":"Operational"},"geometry":{"type":"Point","coordinates":[-119.035392989784,35.4010574287077]}},{"type":"Feature","properties":{"Name":"Lebec","Max_Voltag":0,"Owner":"SCE","COUNTY":"Kern County","Status":"Operational"},"geometry":{"type":"Point","coordinates":[-118.844250222706,34.9549141776409]}},{"type":"Feature","properties":{"Name":"Lost Hills","Max_Voltag":60,"Owner":"PG&E","COUNTY":"Kern County","Status":"Operational"},"geometry":{"type":"Point","coordinates":[-119.866283480218,35.7857318941029]}},{"type":"Feature","properties":{"Name":"Petrol","Max_Voltag":115,"Owner":"PG&E","COUNTY":"Kern County","Status":"Operational"},"geometry":{"type":"Point","coordinates":[-118.992191668383,35.4546305573232]}},{"type":"Feature","properties":{"Name":"Valpredo","Max_Voltag":70,"Owner":"PG&E","COUNTY":"Kern County","Status":"Operational"},"geometry":{"type":"Point","coordinates":[-119.061826787487,35.064014158751]}},{"type":"Feature","properties":{"Name":"Pacific Pipeline","Max_Voltag":70,"Owner":"Other","COUNTY":"Kern County","Status":"Operational"},"geometry":{"type":"Point","coordinates":[-118.925299537931,34.9263974738477]}},{"type":"Feature","properties":{"Name":"Antelope","Max_Voltag":70,"Owner":"PG&E","COUNTY":"Kern County","Status":"Operational"},"geometry":{"type":"Point","coordinates":[-119.996434471717,35.6579011993871]}},{"type":"Feature","properties":{"Name":"Arco","Max_Voltag":230,"Owner":"PG&E","COUNTY":"Kern County","Status":"Operational"},"geometry":{"type":"Point","coordinates":[-119.913603828725,35.7755223976458]}},{"type":"Feature","properties":{"Name":"Arvin","Max_Voltag":70,"Owner":"PG&E","COUNTY":"Kern County","Status":"Operational"},"geometry":{"type":"Point","coordinates":[-118.878467356407,35.1503145253992]}},{"type":"Feature","properties":{"Name":"Arvin-Edison","Max_Voltag":0,"Owner":"Other","COUNTY":"Kern County","Status":"Operational"},"geometry":{"type":"Point","coordinates":[-118.933213892315,35.3169805584388]}},{"type":"Feature","properties":{"Name":"Bakersfield","Max_Voltag":230,"Owner":"PG&E","COUNTY":"Kern County","Status":"Operational"},"geometry":{"type":"Point","coordinates":[-119.004436030896,35.3872324715868]}},{"type":"Feature","properties":{"Name":"Blackwell","Max_Voltag":70,"Owner":"PG&E","COUNTY":"Kern County","Status":"Operational"},"geometry":{"type":"Point","coordinates":[-119.853711171541,35.6146222336976]}},{"type":"Feature","properties":{"Name":"Cadet","Max_Voltag":70,"Owner":"PG&E","COUNTY":"Kern County","Status":"Operational"},"geometry":{"type":"Point","coordinates":[-119.403545310712,35.1067804927229]}},{"type":"Feature","properties":{"Name":"Carnation Dairy","Max_Voltag":70,"Owner":"PG&E","COUNTY":"Kern County","Status":"Operational"},"geometry":{"type":"Point","coordinates":[-119.085806686973,35.311006076722]}},{"type":"Feature","properties":{"Name":"Carneras","Max_Voltag":70,"Owner":"PG&E","COUNTY":"Kern County","Status":"Operational"},"geometry":{"type":"Point","coordinates":[-119.805230573385,35.541099946826]}},{"type":"Feature","properties":{"Name":"Celeron","Max_Voltag":70,"Owner":"Other","COUNTY":"Kern County","Status":"Operational"},"geometry":{"type":"Point","coordinates":[-119.760381650125,35.4747136019227]}},{"type":"Feature","properties":{"Name":"Chalk","Max_Voltag":70,"Owner":"PG&E","COUNTY":"Kern County","Status":"Operational"},"geometry":{"type":"Point","coordinates":[-119.429418954038,35.0971415142502]}},{"type":"Feature","properties":{"Name":"Charca","Max_Voltag":115,"Owner":"PG&E","COUNTY":"Kern County","Status":"Operational"},"geometry":{"type":"Point","coordinates":[-119.325313878481,35.6080750074807]}},{"type":"Feature","properties":{"Name":"Columbus","Max_Voltag":115,"Owner":"PG&E","COUNTY":"Kern County","Status":"Operational"},"geometry":{"type":"Point","coordinates":[-118.939880555042,35.398405555095]}},{"type":"Feature","properties":{"Name":"Copus","Max_Voltag":70,"Owner":"PG&E","COUNTY":"Kern County","Status":"Operational"},"geometry":{"type":"Point","coordinates":[-119.27893651129,35.0933900716307]}},{"type":"Feature","properties":{"Name":"Cymric","Max_Voltag":115,"Owner":"Other","COUNTY":"Kern County","Status":"Operational"},"geometry":{"type":"Point","coordinates":[-119.609569452006,35.3151250218928]}},{"type":"Feature","properties":{"Name":"Devils Den","Max_Voltag":70,"Owner":"PG&E","COUNTY":"Kern County","Status":"Operational"},"geometry":{"type":"Point","coordinates":[-119.97378894323,35.7750083340236]}},{"type":"Feature","properties":{"Name":"Dexel","Max_Voltag":115,"Owner":"Other","COUNTY":"Kern County","Status":"Operational"},"geometry":{"type":"Point","coordinates":[-119.021158168113,35.4555582805599]}},{"type":"Feature","properties":{"Name":"Discovery","Max_Voltag":115,"Owner":"Other","COUNTY":"Kern County","Status":"Operational"},"geometry":{"type":"Point","coordinates":[-118.976434368493,35.4279781766071]}},{"type":"Feature","properties":{"Name":"Double C","Max_Voltag":115,"Owner":"Other","COUNTY":"Kern County","Status":"Operational"},"geometry":{"type":"Point","coordinates":[-119.046039858464,35.5010390645296]}},{"type":"Feature","properties":{"Name":"Eisen","Max_Voltag":0,"Owner":"PG&E","COUNTY":"Kern County","Status":"Operational"},"geometry":{"type":"Point","coordinates":[-118.971771202175,35.3557797151035]}},{"type":"Feature","properties":{"Name":"Elk Hills","Max_Voltag":70,"Owner":"PG&E","COUNTY":"Kern County","Status":"Operational"},"geometry":{"type":"Point","coordinates":[-119.376603124949,35.2260666404117]}},{"type":"Feature","properties":{"Name":"Famoso","Max_Voltag":115,"Owner":"PG&E","COUNTY":"Kern County","Status":"Operational"},"geometry":{"type":"Point","coordinates":[-119.203653124344,35.6050403291025]}},{"type":"Feature","properties":{"Name":"Fellows","Max_Voltag":115,"Owner":"PG&E","COUNTY":"Kern County","Status":"Operational"},"geometry":{"type":"Point","coordinates":[-119.58529444517,35.1951777889629]}},{"type":"Feature","properties":{"Name":"Frito Lay","Max_Voltag":0,"Owner":"Other","COUNTY":"Kern County","Status":"Operational"},"geometry":{"type":"Point","coordinates":[-119.321481890956,35.3940466908082]}},{"type":"Feature","properties":{"Name":"Fruitvale","Max_Voltag":0,"Owner":"PG&E","COUNTY":"Kern County","Status":"Operational"},"geometry":{"type":"Point","coordinates":[-119.092688039865,35.3772675950586]}},{"type":"Feature","properties":{"Name":"Ganso","Max_Voltag":115,"Owner":"PG&E","COUNTY":"Kern County","Status":"Operational"},"geometry":{"type":"Point","coordinates":[-119.448966867745,35.5011151659601]}},{"type":"Feature","properties":{"Name":"Gardner","Max_Voltag":70,"Owner":"Other","COUNTY":"Kern County","Status":"Operational"},"geometry":{"type":"Point","coordinates":[-119.336184787891,35.1536038549726]}},{"type":"Feature","properties":{"Name":"Goose Lake","Max_Voltag":115,"Owner":"PG&E","COUNTY":"Kern County","Status":"Operational"},"geometry":{"type":"Point","coordinates":[-119.579880562159,35.6016389033893]}},{"type":"Feature","properties":{"Name":"Grapevine","Max_Voltag":70,"Owner":"Other","COUNTY":"Kern County","Status":"Operational"},"geometry":{"type":"Point","coordinates":[-118.926190748439,34.9183352192807]}},{"type":"Feature","properties":{"Name":"Kelley","Max_Voltag":70,"Owner":"Other","COUNTY":"Kern County","Status":"Operational"},"geometry":{"type":"Point","coordinates":[-119.062849581422,35.0205118533948]}},{"type":"Feature","properties":{"Name":"Kern Front","Max_Voltag":115,"Owner":"PG&E","COUNTY":"Kern County","Status":"Operational"},"geometry":{"type":"Point","coordinates":[-119.030511178916,35.5094448660443]}},{"type":"Feature","properties":{"Name":"Kernridge","Max_Voltag":115,"Owner":"PG&E","COUNTY":"Kern County","Status":"Operational"},"geometry":{"type":"Point","coordinates":[-119.73962987985,35.4425098613451]}},{"type":"Feature","properties":{"Name":"Lakeview","Max_Voltag":70,"Owner":"PG&E","COUNTY":"Kern County","Status":"Operational"},"geometry":{"type":"Point","coordinates":[-119.101122236728,35.0941444348883]}},{"type":"Feature","properties":{"Name":"Lamont","Max_Voltag":115,"Owner":"PG&E","COUNTY":"Kern County","Status":"Operational"},"geometry":{"type":"Point","coordinates":[-118.861432426706,35.2967742461019]}},{"type":"Feature","properties":{"Name":"Lerdo","Max_Voltag":115,"Owner":"PG&E","COUNTY":"Kern County","Status":"Operational"},"geometry":{"type":"Point","coordinates":[-119.151827284512,35.5003660295844]}},{"type":"Feature","properties":{"Name":"Lost Hills (Texaco)","Max_Voltag":0,"Owner":"Other","COUNTY":"Kern County","Status":"Operational"},"geometry":{"type":"Point","coordinates":[-119.767451215341,35.6658154313615]}},{"type":"Feature","properties":{"Name":"Magunden","Max_Voltag":0,"Owner":"PG&E","COUNTY":"Kern County","Status":"Operational"},"geometry":{"type":"Point","coordinates":[-118.921731728761,35.3611268250189]}},{"type":"Feature","properties":{"Name":"Maricopa","Max_Voltag":70,"Owner":"PG&E","COUNTY":"Kern County","Status":"Operational"},"geometry":{"type":"Point","coordinates":[-119.398181003026,35.1077800183758]}},{"type":"Feature","properties":{"Name":"Mc Farland","Max_Voltag":70,"Owner":"PG&E","COUNTY":"Kern County","Status":"Operational"},"geometry":{"type":"Point","coordinates":[-119.276859808474,35.688384059995]}},{"type":"Feature","properties":{"Name":"Sysquoc","Max_Voltag":70,"Owner":"PG&E","COUNTY":"Kern County","Status":"Operational"},"geometry":{"type":"Point","coordinates":[-119.66232479034,35.3198257332807]}},{"type":"Feature","properties":{"Name":"Midsun","Max_Voltag":115,"Owner":"Other","COUNTY":"Kern County","Status":"Operational"},"geometry":{"type":"Point","coordinates":[-119.624547195689,35.2424194221551]}},{"type":"Feature","properties":{"Name":"Midway","Max_Voltag":0,"Owner":"PG&E","COUNTY":"Kern County","Status":"Operational"},"geometry":{"type":"Point","coordinates":[-119.45237612247,35.4036809459997]}},{"type":"Feature","properties":{"Name":"Mobil","Max_Voltag":70,"Owner":"Other","COUNTY":"Kern County","Status":"Operational"},"geometry":{"type":"Point","coordinates":[-119.580310315293,35.2329708998078]}},{"type":"Feature","properties":{"Name":"Moco","Max_Voltag":70,"Owner":"Other","COUNTY":"Kern County","Status":"Operational"},"geometry":{"type":"Point","coordinates":[-119.407038917242,35.0908250276445]}},{"type":"Feature","properties":{"Name":"Mt. Poso","Max_Voltag":115,"Owner":"Other","COUNTY":"Kern County","Status":"Operational"},"geometry":{"type":"Point","coordinates":[-119.081349275279,35.544811991057]}},{"type":"Feature","properties":{"Name":"Norco","Max_Voltag":115,"Owner":"PG&E","COUNTY":"Kern County","Status":"Operational"},"geometry":{"type":"Point","coordinates":[-119.309037410747,35.2859998119797]}},{"type":"Feature","properties":{"Name":"Old River","Max_Voltag":70,"Owner":"PG&E","COUNTY":"Kern County","Status":"Operational"},"geometry":{"type":"Point","coordinates":[-119.100686204371,35.2084305633918]}},{"type":"Feature","properties":{"Name":"Panama","Max_Voltag":70,"Owner":"PG&E","COUNTY":"Kern County","Status":"Operational"},"geometry":{"type":"Point","coordinates":[-119.021652113958,35.2955560725267]}},{"type":"Feature","properties":{"Name":"Petro Lewis","Max_Voltag":70,"Owner":"Other","COUNTY":"Kern County","Status":"Operational"},"geometry":{"type":"Point","coordinates":[-119.759538118598,35.5177070018045]}},{"type":"Feature","properties":{"Name":"Ultra Power","Max_Voltag":0,"Owner":"Other","COUNTY":"Kern County","Status":"Operational"},"geometry":{"type":"Point","coordinates":[-119.075445171736,35.547761135551]}},{"type":"Feature","properties":{"Name":"Rio Bravo","Max_Voltag":115,"Owner":"PG&E","COUNTY":"Kern County","Status":"Operational"},"geometry":{"type":"Point","coordinates":[-119.260715396681,35.4420296075716]}},{"type":"Feature","properties":{"Name":"Rio Bravo","Max_Voltag":70,"Owner":"PG&E","COUNTY":"Kern County","Status":"Operational"},"geometry":{"type":"Point","coordinates":[-118.822631474876,35.4298234653729]}},{"type":"Feature","properties":{"Name":"Rose","Max_Voltag":70,"Owner":"Other","COUNTY":"Kern County","Status":"Operational"},"geometry":{"type":"Point","coordinates":[-118.942801986838,34.9918293515086]}},{"type":"Feature","properties":{"Name":"Rosedale","Max_Voltag":115,"Owner":"PG&E","COUNTY":"Kern County","Status":"Operational"},"geometry":{"type":"Point","coordinates":[-119.077932993931,35.3771630900196]}},{"type":"Feature","properties":{"Name":"San Bernard","Max_Voltag":70,"Owner":"PG&E","COUNTY":"Kern County","Status":"Operational"},"geometry":{"type":"Point","coordinates":[-118.87811671251,35.0923972236396]}},{"type":"Feature","properties":{"Name":"Santa Fe Energy","Max_Voltag":115,"Owner":"Other","COUNTY":"Kern County","Status":"Operational"},"geometry":{"type":"Point","coordinates":[-119.582347233521,35.193347197542]}},{"type":"Feature","properties":{"Name":"Semitropic","Max_Voltag":115,"Owner":"PG&E","COUNTY":"Kern County","Status":"Operational"},"geometry":{"type":"Point","coordinates":[-119.437524053096,35.6007457106147]}},{"type":"Feature","properties":{"Name":"Shafter","Max_Voltag":115,"Owner":"PG&E","COUNTY":"Kern County","Status":"Operational"},"geometry":{"type":"Point","coordinates":[-119.317801440236,35.5139048436509]}},{"type":"Feature","properties":{"Name":"Badger Creek","Max_Voltag":115,"Owner":"PG&E","COUNTY":"Kern County","Status":"Operational"},"geometry":{"type":"Point","coordinates":[-119.029702749059,35.4839555757697]}},{"type":"Feature","properties":{"Name":"Smyrna","Max_Voltag":115,"Owner":"PG&E","COUNTY":"Kern County","Status":"Operational"},"geometry":{"type":"Point","coordinates":[-119.45534163909,35.7178215095709]}},{"type":"Feature","properties":{"Name":"Stallion","Max_Voltag":66,"Owner":"Other","COUNTY":"Kern County","Status":"Operational"},"geometry":{"type":"Point","coordinates":[-118.567013140681,35.1088165901514]}},{"type":"Feature","properties":{"Name":"Stockdale","Max_Voltag":230,"Owner":"PG&E","COUNTY":"Kern County","Status":"Operational"},"geometry":{"type":"Point","coordinates":[-119.067634257458,35.3170569232874]}},{"type":"Feature","properties":{"Name":"Berry Petroleum","Max_Voltag":70,"Owner":"PG&E","COUNTY":"Kern County","Status":"Operational"},"geometry":{"type":"Point","coordinates":[-119.443830439291,35.0932290948869]}},{"type":"Feature","properties":{"Name":"Taft","Max_Voltag":115,"Owner":"Other","COUNTY":"Kern County","Status":"Operational"},"geometry":{"type":"Point","coordinates":[-119.482027826556,35.1359461066337]}},{"type":"Feature","properties":{"Name":"Tannehill Electric Co.","Max_Voltag":70,"Owner":"Other","COUNTY":"Kern County","Status":"Operational"},"geometry":{"type":"Point","coordinates":[-119.440697472211,35.091756147811]}},{"type":"Feature","properties":{"Name":"Tecuya","Max_Voltag":70,"Owner":"PG&E","COUNTY":"Kern County","Status":"Operational"},"geometry":{"type":"Point","coordinates":[-118.979638386922,35.0196513903672]}},{"type":"Feature","properties":{"Name":"Tejon","Max_Voltag":70,"Owner":"PG&E","COUNTY":"Kern County","Status":"Operational"},"geometry":{"type":"Point","coordinates":[-118.955155896205,35.0196539924674]}},{"type":"Feature","properties":{"Name":"Temblor","Max_Voltag":115,"Owner":"PG&E","COUNTY":"Kern County","Status":"Operational"},"geometry":{"type":"Point","coordinates":[-119.696187597052,35.3827481207593]}},{"type":"Feature","properties":{"Name":"Midset","Max_Voltag":115,"Owner":"Other","COUNTY":"Kern County","Status":"Operational"},"geometry":{"type":"Point","coordinates":[-119.571260353845,35.1943412124765]}},{"type":"Feature","properties":{"Name":"Tupman","Max_Voltag":115,"Owner":"PG&E","COUNTY":"Kern County","Status":"Operational"},"geometry":{"type":"Point","coordinates":[-119.270655565218,35.3541610923262]}},{"type":"Feature","properties":{"Name":"Twisselman","Max_Voltag":70,"Owner":"PG&E","COUNTY":"Kern County","Status":"Operational"},"geometry":{"type":"Point","coordinates":[-119.858098073569,35.7306565070293]}},{"type":"Feature","properties":{"Name":"Rio Bravo Poso","Max_Voltag":115,"Owner":"PG&E","COUNTY":"Kern County","Status":"Operational"},"geometry":{"type":"Point","coordinates":[-119.006527206469,35.5765324094054]}},{"type":"Feature","properties":{"Name":"Vedder","Max_Voltag":115,"Owner":"Other","COUNTY":"Kern County","Status":"Operational"},"geometry":{"type":"Point","coordinates":[-118.959048637691,35.5926623120947]}},{"type":"Feature","properties":{"Name":"Wasco","Max_Voltag":115,"Owner":"PG&E","COUNTY":"Kern County","Status":"Operational"},"geometry":{"type":"Point","coordinates":[-119.32619440802,35.6018111029645]}},{"type":"Feature","properties":{"Name":"Weedpatch","Max_Voltag":70,"Owner":"PG&E","COUNTY":"Kern County","Status":"Operational"},"geometry":{"type":"Point","coordinates":[-118.880008342615,35.2237472240081]}},{"type":"Feature","properties":{"Name":"Wellfield","Max_Voltag":70,"Owner":"PG&E","COUNTY":"Kern County","Status":"Operational"},"geometry":{"type":"Point","coordinates":[-118.77897441208,35.2243202585685]}},{"type":"Feature","properties":{"Name":"West Park","Max_Voltag":0,"Owner":"PG&E","COUNTY":"Kern County","Status":"Operational"},"geometry":{"type":"Point","coordinates":[-119.04031665945,35.3739278076962]}},{"type":"Feature","properties":{"Name":"Wheeler Ridge","Max_Voltag":230,"Owner":"PG&E","COUNTY":"Kern County","Status":"Operational"},"geometry":{"type":"Point","coordinates":[-118.975964660092,35.0887527180734]}},{"type":"Feature","properties":{"Name":"Witco","Max_Voltag":115,"Owner":"PG&E","COUNTY":"Kern County","Status":"Operational"},"geometry":{"type":"Point","coordinates":[-118.977505591503,35.4279569335932]}},{"type":"Feature","properties":{"Name":"Getty Oil","Max_Voltag":115,"Owner":"Other","COUNTY":"Kern County","Status":"Operational"},"geometry":{"type":"Point","coordinates":[-119.592437866276,35.2960680253504]}},{"type":"Feature","properties":{"Name":"Kern Oil","Max_Voltag":115,"Owner":"PG&E","COUNTY":"Kern County","Status":"Operational"},"geometry":{"type":"Point","coordinates":[-119.020736061439,35.4407056095478]}},{"type":"Feature","properties":{"Name":"Alamo","Max_Voltag":66,"Owner":"SCE","COUNTY":"Los Angeles County","Status":"Operational"},"geometry":{"type":"Point","coordinates":[-118.686127778248,34.8155055497364]}},{"type":"Feature","properties":{"Name":"Borel","Max_Voltag":66,"Owner":"SCE","COUNTY":"Kern County","Status":"Operational"},"geometry":{"type":"Point","coordinates":[-118.524766667341,35.5881083296287]}},{"type":"Feature","properties":{"Name":"Breeze","Max_Voltag":66,"Owner":"SCE","COUNTY":"Kern County","Status":"Operational"},"geometry":{"type":"Point","coordinates":[-118.37412133488,35.123894068865]}},{"type":"Feature","properties":{"Name":"Browning","Max_Voltag":66,"Owner":"SCE","COUNTY":"Kern County","Status":"Operational"},"geometry":{"type":"Point","coordinates":[-119.204505650702,35.7036993067898]}},{"type":"Feature","properties":{"Name":"Cal Cement","Max_Voltag":66,"Owner":"SCE","COUNTY":"Kern County","Status":"Operational"},"geometry":{"type":"Point","coordinates":[-118.310822066712,35.0302656865736]}},{"type":"Feature","properties":{"Name":"Corum","Max_Voltag":66,"Owner":"SCE","COUNTY":"Kern County","Status":"Operational"},"geometry":{"type":"Point","coordinates":[-117.953067121768,34.9405740107364]}},{"type":"Feature","properties":{"Name":"Cummings","Max_Voltag":66,"Owner":"SCE","COUNTY":"Kern County","Status":"Operational"},"geometry":{"type":"Point","coordinates":[-118.494667321071,35.1096636225054]}},{"type":"Feature","properties":{"Name":"Delano","Max_Voltag":66,"Owner":"SCE","COUNTY":"Kern County","Status":"Operational"},"geometry":{"type":"Point","coordinates":[-119.242486137047,35.77551391642]}},{"type":"Feature","properties":{"Name":"Edmonston","Max_Voltag":0,"Owner":"Other","COUNTY":"Kern County","Status":"Operational"},"geometry":{"type":"Point","coordinates":[-118.826285024646,34.9412399630656]}},{"type":"Feature","properties":{"Name":"Edwards","Max_Voltag":0,"Owner":"SCE","COUNTY":"Kern County","Status":"Operational"},"geometry":{"type":"Point","coordinates":[-117.891094454171,34.9844777822797]}},{"type":"Feature","properties":{"Name":"Frazier Park","Max_Voltag":66,"Owner":"SCE","COUNTY":"Kern County","Status":"Operational"},"geometry":{"type":"Point","coordinates":[-119.009899235907,34.8149997852385]}},{"type":"Feature","properties":{"Name":"Glennville","Max_Voltag":66,"Owner":"SCE","COUNTY":"Kern County","Status":"Operational"},"geometry":{"type":"Point","coordinates":[-118.695072671842,35.722249895924]}},{"type":"Feature","properties":{"Name":"Goldtown","Max_Voltag":66,"Owner":"SCE","COUNTY":"Kern County","Status":"Operational"},"geometry":{"type":"Point","coordinates":[-118.186156285355,35.0541089419604]}},{"type":"Feature","properties":{"Name":"Great Lakes","Max_Voltag":0,"Owner":"SCE","COUNTY":"Kern County","Status":"Operational"},"geometry":{"type":"Point","coordinates":[-118.155467250797,34.8373824692377]}},{"type":"Feature","properties":{"Name":"Greenhorn","Max_Voltag":66,"Owner":"SCE","COUNTY":"Kern County","Status":"Operational"},"geometry":{"type":"Point","coordinates":[-118.556402130052,35.7383717218874]}},{"type":"Feature","properties":{"Name":"Havilah","Max_Voltag":66,"Owner":"SCE","COUNTY":"Kern County","Status":"Operational"},"geometry":{"type":"Point","coordinates":[-118.527571566086,35.4836877474104]}},{"type":"Feature","properties":{"Name":"Holgate","Max_Voltag":115,"Owner":"SCE","COUNTY":"Kern County","Status":"Operational"},"geometry":{"type":"Point","coordinates":[-117.704034895673,35.0141227041029]}},{"type":"Feature","properties":{"Name":"Inyokern","Max_Voltag":0,"Owner":"SCE","COUNTY":"Kern County","Status":"Operational"},"geometry":{"type":"Point","coordinates":[-117.795800887659,35.6525188264352]}},{"type":"Feature","properties":{"Name":"Isabella","Max_Voltag":66,"Owner":"SCE","COUNTY":"Kern County","Status":"Operational"},"geometry":{"type":"Point","coordinates":[-118.478256013519,35.6326585909972]}},{"type":"Feature","properties":{"Name":"Kernville","Max_Voltag":66,"Owner":"SCE","COUNTY":"Kern County","Status":"Operational"},"geometry":{"type":"Point","coordinates":[-118.432364408521,35.7725121892849]}},{"type":"Feature","properties":{"Name":"Lakegen","Max_Voltag":66,"Owner":"SCE","COUNTY":"Kern County","Status":"Operational"},"geometry":{"type":"Point","coordinates":[-118.481854592682,35.6444035009402]}},{"type":"Feature","properties":{"Name":"Loraine","Max_Voltag":66,"Owner":"SCE","COUNTY":"Kern County","Status":"Operational"},"geometry":{"type":"Point","coordinates":[-118.423287286511,35.3069055605206]}},{"type":"Feature","properties":{"Name":"Monolith","Max_Voltag":66,"Owner":"SCE","COUNTY":"Kern County","Status":"Operational"},"geometry":{"type":"Point","coordinates":[-118.379672071733,35.123761888866]}},{"type":"Feature","properties":{"Name":"Shiloh I","Max_Voltag":0,"Owner":"Other","COUNTY":"Solano County","Status":"Operational"},"geometry":{"type":"Point","coordinates":[-121.832271028673,38.1253020712081]}},{"type":"Feature","properties":{"Name":"Pandol","Max_Voltag":66,"Owner":"SCE","COUNTY":"Kern County","Status":"Operational"},"geometry":{"type":"Point","coordinates":[-119.233370140443,35.7189509519507]}},{"type":"Feature","properties":{"Name":"Pastoria","Max_Voltag":0,"Owner":"SCE","COUNTY":"Kern County","Status":"Operational"},"geometry":{"type":"Point","coordinates":[-118.84312777686,34.9352777663288]}},{"type":"Feature","properties":{"Name":"Quinn","Max_Voltag":66,"Owner":"SCE","COUNTY":"Kern County","Status":"Operational"},"geometry":{"type":"Point","coordinates":[-119.129808291409,35.7328597606529]}},{"type":"Feature","properties":{"Name":"Randsburg","Max_Voltag":0,"Owner":"SCE","COUNTY":"Kern County","Status":"Operational"},"geometry":{"type":"Point","coordinates":[-117.647445976202,35.3652236152435]}},{"type":"Feature","properties":{"Name":"Rocket Test","Max_Voltag":115,"Owner":"SCE","COUNTY":"Kern County","Status":"Operational"},"geometry":{"type":"Point","coordinates":[-117.698078219126,34.9304939397039]}},{"type":"Feature","properties":{"Name":"Rosamond","Max_Voltag":66,"Owner":"SCE","COUNTY":"Kern County","Status":"Operational"},"geometry":{"type":"Point","coordinates":[-118.237331087355,34.864281308663]}},{"type":"Feature","properties":{"Name":"Southbase","Max_Voltag":115,"Owner":"SCE","COUNTY":"Kern County","Status":"Operational"},"geometry":{"type":"Point","coordinates":[-117.896283329864,34.8799583344885]}},{"type":"Feature","properties":{"Name":"Walker Basin","Max_Voltag":66,"Owner":"SCE","COUNTY":"Kern County","Status":"Operational"},"geometry":{"type":"Point","coordinates":[-118.492508010978,35.4110254538587]}},{"type":"Feature","properties":{"Name":"Weldon","Max_Voltag":66,"Owner":"SCE","COUNTY":"Kern County","Status":"Operational"},"geometry":{"type":"Point","coordinates":[-118.262821499499,35.66663278434]}},{"type":"Feature","properties":{"Name":"Westpac","Max_Voltag":66,"Owner":"SCE","COUNTY":"Kern County","Status":"Operational"},"geometry":{"type":"Point","coordinates":[-118.751066669439,34.8194138715091]}},{"type":"Feature","properties":{"Name":"Sycamore","Max_Voltag":0,"Owner":"SCE","COUNTY":"Kern County","Status":"Operational"},"geometry":{"type":"Point","coordinates":[-118.9904153613,35.4522706230515]}},{"type":"Feature","properties":{"Name":"Boswell","Max_Voltag":0,"Owner":"PG&E","COUNTY":"Kings County","Status":"Operational"},"geometry":{"type":"Point","coordinates":[-119.553605553361,36.0851444423386]}},{"type":"Feature","properties":{"Name":"Angiola","Max_Voltag":60,"Owner":"PG&E","COUNTY":"Kings County","Status":"Operational"},"geometry":{"type":"Point","coordinates":[-119.571708335593,35.9920333394413]}},{"type":"Feature","properties":{"Name":"Armstrong","Max_Voltag":60,"Owner":"Other","COUNTY":"Kings County","Status":"Operational"},"geometry":{"type":"Point","coordinates":[-119.647310569667,36.2686979282858]}},{"type":"Feature","properties":{"Name":"Avenal","Max_Voltag":60,"Owner":"Other","COUNTY":"Kings County","Status":"Operational"},"geometry":{"type":"Point","coordinates":[-120.117158323437,35.9781222354538]}},{"type":"Feature","properties":{"Name":"Corcoran","Max_Voltag":115,"Owner":"PG&E","COUNTY":"Kings County","Status":"Operational"},"geometry":{"type":"Point","coordinates":[-119.557192663732,36.1094009455657]}},{"type":"Feature","properties":{"Name":"Guernsey","Max_Voltag":60,"Owner":"PG&E","COUNTY":"Kings County","Status":"Operational"},"geometry":{"type":"Point","coordinates":[-119.655224712049,36.2263133693429]}},{"type":"Feature","properties":{"Name":"Hanford","Max_Voltag":60,"Owner":"Other","COUNTY":"Kings County","Status":"Operational"},"geometry":{"type":"Point","coordinates":[-119.648940707379,36.2696502966815]}},{"type":"Feature","properties":{"Name":"Hardwick","Max_Voltag":60,"Owner":"PG&E","COUNTY":"Kings County","Status":"Operational"},"geometry":{"type":"Point","coordinates":[-119.685848943939,36.4041265498339]}},{"type":"Feature","properties":{"Name":"Henrietta","Max_Voltag":0,"Owner":"PG&E","COUNTY":"Kings County","Status":"Operational"},"geometry":{"type":"Point","coordinates":[-119.903271973164,36.2419195550122]}},{"type":"Feature","properties":{"Name":"Jacobs Corner","Max_Voltag":60,"Owner":"PG&E","COUNTY":"Kings County","Status":"Operational"},"geometry":{"type":"Point","coordinates":[-119.779913882841,36.2224111041426]}},{"type":"Feature","properties":{"Name":"Kettleman Hills","Max_Voltag":60,"Owner":"PG&E","COUNTY":"Kings County","Status":"Operational"},"geometry":{"type":"Point","coordinates":[-120.111391654047,36.0435944476421]}},{"type":"Feature","properties":{"Name":"Lemoore","Max_Voltag":60,"Owner":"PG&E","COUNTY":"Kings County","Status":"Operational"},"geometry":{"type":"Point","coordinates":[-119.798300601873,36.3093338114112]}},{"type":"Feature","properties":{"Name":"Reserve Oil","Max_Voltag":60,"Owner":"PG&E","COUNTY":"Kings County","Status":"Operational"},"geometry":{"type":"Point","coordinates":[-119.653611909127,36.2763334240116]}},{"type":"Feature","properties":{"Name":"Tulare Lake","Max_Voltag":60,"Owner":"PG&E","COUNTY":"Kings County","Status":"Operational"},"geometry":{"type":"Point","coordinates":[-119.949483341572,36.0034527694716]}},{"type":"Feature","properties":{"Name":"Clear Lake","Max_Voltag":60,"Owner":"PG&E","COUNTY":"Lake County","Status":"Operational"},"geometry":{"type":"Point","coordinates":[-122.894000771217,39.007767508461]}},{"type":"Feature","properties":{"Name":"Eagle Rock","Max_Voltag":0,"Owner":"PG&E","COUNTY":"Sonoma County","Status":"Operational"},"geometry":{"type":"Point","coordinates":[-122.810152154649,38.8290483552729]}},{"type":"Feature","properties":{"Name":"Hartley","Max_Voltag":60,"Owner":"PG&E","COUNTY":"Lake County","Status":"Operational"},"geometry":{"type":"Point","coordinates":[-122.932567852052,39.0772140704065]}},{"type":"Feature","properties":{"Name":"Konocti","Max_Voltag":60,"Owner":"PG&E","COUNTY":"Lake County","Status":"Operational"},"geometry":{"type":"Point","coordinates":[-122.74100628949,38.932330361937]}},{"type":"Feature","properties":{"Name":"Lower Lake","Max_Voltag":115,"Owner":"PG&E","COUNTY":"Lake County","Status":"Operational"},"geometry":{"type":"Point","coordinates":[-122.617367447793,38.910640702356]}},{"type":"Feature","properties":{"Name":"Lucerne","Max_Voltag":115,"Owner":"PG&E","COUNTY":"Lake County","Status":"Operational"},"geometry":{"type":"Point","coordinates":[-122.812838170349,39.1103868556999]}},{"type":"Feature","properties":{"Name":"Middletown","Max_Voltag":0,"Owner":"PG&E","COUNTY":"Lake County","Status":"Operational"},"geometry":{"type":"Point","coordinates":[-122.608722489096,38.7529172124324]}},{"type":"Feature","properties":{"Name":"Redbud","Max_Voltag":115,"Owner":"PG&E","COUNTY":"Lake County","Status":"Operational"},"geometry":{"type":"Point","coordinates":[-122.662383260067,39.0275350392156]}},{"type":"Feature","properties":{"Name":"Upper Lake","Max_Voltag":60,"Owner":"PG&E","COUNTY":"Lake County","Status":"Operational"},"geometry":{"type":"Point","coordinates":[-122.916658401808,39.1457404902506]}},{"type":"Feature","properties":{"Name":"Halls Flat","Max_Voltag":60,"Owner":"PG&E","COUNTY":"Lassen County","Status":"Operational"},"geometry":{"type":"Point","coordinates":[-121.278000134508,40.7448922213507]}},{"type":"Feature","properties":{"Name":"Janesville","Max_Voltag":60,"Owner":"Other","COUNTY":"Lassen County","Status":"Operational"},"geometry":{"type":"Point","coordinates":[-120.54034370422,40.314994794252]}},{"type":"Feature","properties":{"Name":"Standish","Max_Voltag":60,"Owner":"Other","COUNTY":"Lassen County","Status":"Operational"},"geometry":{"type":"Point","coordinates":[-120.422628811648,40.3654728069138]}},{"type":"Feature","properties":{"Name":"Susan","Max_Voltag":60,"Owner":"Other","COUNTY":"Lassen County","Status":"Operational"},"geometry":{"type":"Point","coordinates":[-120.667109279588,40.4174931627444]}},{"type":"Feature","properties":{"Name":"Leavitt","Max_Voltag":60,"Owner":"Other","COUNTY":"Lassen County","Status":"Operational"},"geometry":{"type":"Point","coordinates":[-120.526516616178,40.3978040824785]}},{"type":"Feature","properties":{"Name":"Milford","Max_Voltag":60,"Owner":"Other","COUNTY":"Lassen County","Status":"Operational"},"geometry":{"type":"Point","coordinates":[-120.351951305454,40.155266537606]}},{"type":"Feature","properties":{"Name":"Madeline","Max_Voltag":0,"Owner":"Other","COUNTY":"Lassen County","Status":"Operational"},"geometry":{"type":"Point","coordinates":[-120.503489619004,40.9608347728933]}},{"type":"Feature","properties":{"Name":"Bogard","Max_Voltag":60,"Owner":"PG&E","COUNTY":"Lassen County","Status":"Operational"},"geometry":{"type":"Point","coordinates":[-121.091584381506,40.5880712720794]}},{"type":"Feature","properties":{"Name":"Hamilton Branch","Max_Voltag":60,"Owner":"PG&E","COUNTY":"Plumas County","Status":"Operational"},"geometry":{"type":"Point","coordinates":[-121.088123897657,40.2693485665727]}},{"type":"Feature","properties":{"Name":"Westwood","Max_Voltag":60,"Owner":"Other","COUNTY":"Lassen County","Status":"Operational"},"geometry":{"type":"Point","coordinates":[-121.001684725762,40.2999793669883]}},{"type":"Feature","properties":{"Name":"Airway","Max_Voltag":66,"Owner":"Other","COUNTY":"Los Angeles County","Status":"Operational"},"geometry":{"type":"Point","coordinates":[-118.28419661524,34.1627028090949]}},{"type":"Feature","properties":{"Name":"Gramercy","Max_Voltag":138,"Owner":"LADWP","COUNTY":"Los Angeles County","Status":"Operational"},"geometry":{"type":"Point","coordinates":[-118.312887008785,33.9465090057563]}},{"type":"Feature","properties":{"Name":"Halldale","Max_Voltag":0,"Owner":"LADWP","COUNTY":"Los Angeles County","Status":"Operational"},"geometry":{"type":"Point","coordinates":[-118.303319640192,33.8477736335997]}},{"type":"Feature","properties":{"Name":"Hyperion","Max_Voltag":0,"Owner":"LADWP","COUNTY":"Los Angeles County","Status":"Operational"},"geometry":{"type":"Point","coordinates":[-118.425929526409,33.9316903977808]}},{"type":"Feature","properties":{"Name":"San Fernando","Max_Voltag":66,"Owner":"SCE","COUNTY":"Los Angeles County","Status":"Operational"},"geometry":{"type":"Point","coordinates":[-118.45877318455,34.2735702362353]}},{"type":"Feature","properties":{"Name":"Imperial Terminal Tower","Max_Voltag":138,"Owner":"LADWP","COUNTY":"Los Angeles County","Status":"Operational"},"geometry":{"type":"Point","coordinates":[-118.309639396911,33.9264473617467]}},{"type":"Feature","properties":{"Name":"Kenter Canyon","Max_Voltag":230,"Owner":"LADWP","COUNTY":"Los Angeles County","Status":"Operational"},"geometry":{"type":"Point","coordinates":[-118.488397949957,34.0682842810667]}},{"type":"Feature","properties":{"Name":"Movie","Max_Voltag":66,"Owner":"SCE","COUNTY":"Los Angeles County","Status":"Operational"},"geometry":{"type":"Point","coordinates":[-118.394041667646,33.9903221429573]}},{"type":"Feature","properties":{"Name":"Nichols Canyon","Max_Voltag":230,"Owner":"LADWP","COUNTY":"Los Angeles County","Status":"Operational"},"geometry":{"type":"Point","coordinates":[-118.358753070187,34.1059757915152]}},{"type":"Feature","properties":{"Name":"Olive","Max_Voltag":66,"Owner":"LADWP","COUNTY":"Los Angeles County","Status":"Operational"},"geometry":{"type":"Point","coordinates":[-118.450527775831,34.3078722249331]}},{"type":"Feature","properties":{"Name":"Rinaldi","Max_Voltag":500,"Owner":"LADWP","COUNTY":"Los Angeles County","Status":"Operational"},"geometry":{"type":"Point","coordinates":[-118.478331482782,34.2806528291328]}},{"type":"Feature","properties":{"Name":"River","Max_Voltag":230,"Owner":"LADWP","COUNTY":"Los Angeles County","Status":"Operational"},"geometry":{"type":"Point","coordinates":[-118.229889249505,34.0377301768362]}},{"type":"Feature","properties":{"Name":"Station A (St. John)","Max_Voltag":230,"Owner":"LADWP","COUNTY":"Los Angeles County","Status":"Operational"},"geometry":{"type":"Point","coordinates":[-118.226119596976,34.0671022670307]}},{"type":"Feature","properties":{"Name":"Station B (Century)","Max_Voltag":287,"Owner":"LADWP","COUNTY":"Los Angeles County","Status":"Operational"},"geometry":{"type":"Point","coordinates":[-118.255162011534,33.9482819868234]}},{"type":"Feature","properties":{"Name":"Station C (Wilmington)","Max_Voltag":138,"Owner":"LADWP","COUNTY":"Los Angeles County","Status":"Operational"},"geometry":{"type":"Point","coordinates":[-118.257881053795,33.7981952273526]}},{"type":"Feature","properties":{"Name":"Station D (Fairfax)","Max_Voltag":0,"Owner":"LADWP","COUNTY":"Los Angeles County","Status":"Operational"},"geometry":{"type":"Point","coordinates":[-118.370757771165,34.0382517947779]}},{"type":"Feature","properties":{"Name":"Station E (Toluca)","Max_Voltag":500,"Owner":"LADWP","COUNTY":"Los Angeles County","Status":"Operational"},"geometry":{"type":"Point","coordinates":[-118.359840522161,34.1762174039201]}},{"type":"Feature","properties":{"Name":"Bonnie Nook","Max_Voltag":60,"Owner":"PG&E","COUNTY":"Placer County","Status":"Operational"},"geometry":{"type":"Point","coordinates":[-120.809292450632,39.2147078695021]}},{"type":"Feature","properties":{"Name":"Cape Horn","Max_Voltag":0,"Owner":"Other","COUNTY":"Placer County","Status":"Operational"},"geometry":{"type":"Point","coordinates":[-120.943498599021,39.1199456246667]}},{"type":"Feature","properties":{"Name":"Cisco Grove","Max_Voltag":60,"Owner":"PG&E","COUNTY":"Placer County","Status":"Operational"},"geometry":{"type":"Point","coordinates":[-120.548342215475,39.3096278707926]}},{"type":"Feature","properties":{"Name":"Del Mar","Max_Voltag":60,"Owner":"PG&E","COUNTY":"Placer County","Status":"Operational"},"geometry":{"type":"Point","coordinates":[-121.221312604274,38.7988155170767]}},{"type":"Feature","properties":{"Name":"Foresthill","Max_Voltag":60,"Owner":"PG&E","COUNTY":"Placer County","Status":"Operational"},"geometry":{"type":"Point","coordinates":[-120.830245241409,39.0193016683988]}},{"type":"Feature","properties":{"Name":"Halsey","Max_Voltag":60,"Owner":"PG&E","COUNTY":"Placer County","Status":"Operational"},"geometry":{"type":"Point","coordinates":[-121.042230335231,38.9569284769488]}},{"type":"Feature","properties":{"Name":"Horseshoe","Max_Voltag":115,"Owner":"PG&E","COUNTY":"Placer County","Status":"Operational"},"geometry":{"type":"Point","coordinates":[-121.161642539736,38.7443160680755]}},{"type":"Feature","properties":{"Name":"Lincoln","Max_Voltag":0,"Owner":"PG&E","COUNTY":"Placer County","Status":"Operational"},"geometry":{"type":"Point","coordinates":[-121.294093973846,38.9005233034912]}},{"type":"Feature","properties":{"Name":"Penryn","Max_Voltag":60,"Owner":"PG&E","COUNTY":"Placer County","Status":"Operational"},"geometry":{"type":"Point","coordinates":[-121.166560409878,38.8445041198062]}},{"type":"Feature","properties":{"Name":"Placer","Max_Voltag":115,"Owner":"PG&E","COUNTY":"Placer County","Status":"Operational"},"geometry":{"type":"Point","coordinates":[-121.087858489508,38.9012552237489]}},{"type":"Feature","properties":{"Name":"Pleasant Grove","Max_Voltag":0,"Owner":"PG&E","COUNTY":"Placer County","Status":"Operational"},"geometry":{"type":"Point","coordinates":[-121.306540822014,38.8220904122718]}},{"type":"Feature","properties":{"Name":"Rocklin","Max_Voltag":60,"Owner":"PG&E","COUNTY":"Placer County","Status":"Operational"},"geometry":{"type":"Point","coordinates":[-121.23169197712,38.7879635470886]}},{"type":"Feature","properties":{"Name":"Shady Glen","Max_Voltag":60,"Owner":"PG&E","COUNTY":"Placer County","Status":"Operational"},"geometry":{"type":"Point","coordinates":[-120.952945312193,39.1153445139569]}},{"type":"Feature","properties":{"Name":"Summit","Max_Voltag":0,"Owner":"PG&E","COUNTY":"Nevada County","Status":"Operational"},"geometry":{"type":"Point","coordinates":[-120.378849714517,39.3192851320986]}},{"type":"Feature","properties":{"Name":"Summit Meter","Max_Voltag":115,"Owner":"Other","COUNTY":"Nevada County","Status":"Operational"},"geometry":{"type":"Point","coordinates":[-120.328814714713,39.3176966620031]}},{"type":"Feature","properties":{"Name":"Tamarack","Max_Voltag":0,"Owner":"PG&E","COUNTY":"Placer County","Status":"Operational"},"geometry":{"type":"Point","coordinates":[-120.496920650759,39.3138798625106]}},{"type":"Feature","properties":{"Name":"Taylor","Max_Voltag":60,"Owner":"Other","COUNTY":"Placer County","Status":"Operational"},"geometry":{"type":"Point","coordinates":[-121.246184396988,38.7801449950459]}},{"type":"Feature","properties":{"Name":"Weimar","Max_Voltag":60,"Owner":"PG&E","COUNTY":"Placer County","Status":"Operational"},"geometry":{"type":"Point","coordinates":[-120.987983604878,39.0359625924333]}},{"type":"Feature","properties":{"Name":"Santa Juanita-Canyon Fall","Max_Voltag":0,"Owner":"SMUD","COUNTY":"Sacramento County","Status":"Operational"},"geometry":{"type":"Point","coordinates":[-121.193734024116,38.7013910039993]}},{"type":"Feature","properties":{"Name":"SP Retarder Yard","Max_Voltag":60,"Owner":"SMUD","COUNTY":"Placer County","Status":"Operational"},"geometry":{"type":"Point","coordinates":[-121.304156512688,38.7374283978308]}},{"type":"Feature","properties":{"Name":"Roseville","Max_Voltag":0,"Owner":"Other","COUNTY":"Placer County","Status":"Operational"},"geometry":{"type":"Point","coordinates":[-121.324048764119,38.8103676104788]}},{"type":"Feature","properties":{"Name":"Beckworth","Max_Voltag":60,"Owner":"Other","COUNTY":"Plumas County","Status":"Operational"},"geometry":{"type":"Point","coordinates":[-120.375100730426,39.8196693993437]}},{"type":"Feature","properties":{"Name":"Chilcoot","Max_Voltag":60,"Owner":"Other","COUNTY":"Plumas County","Status":"Operational"},"geometry":{"type":"Point","coordinates":[-120.159698250329,39.7988880915303]}},{"type":"Feature","properties":{"Name":"Portola","Max_Voltag":60,"Owner":"Other","COUNTY":"Plumas County","Status":"Operational"},"geometry":{"type":"Point","coordinates":[-120.464637407507,39.8038805620283]}},{"type":"Feature","properties":{"Name":"Big Meadows","Max_Voltag":60,"Owner":"PG&E","COUNTY":"Plumas County","Status":"Operational"},"geometry":{"type":"Point","coordinates":[-121.08533652684,40.1715573020129]}},{"type":"Feature","properties":{"Name":"Chester","Max_Voltag":60,"Owner":"PG&E","COUNTY":"Plumas County","Status":"Operational"},"geometry":{"type":"Point","coordinates":[-121.227020688235,40.3024257885561]}},{"type":"Feature","properties":{"Name":"East Quincy","Max_Voltag":60,"Owner":"PG&E","COUNTY":"Plumas County","Status":"Operational"},"geometry":{"type":"Point","coordinates":[-120.910702230892,39.9385626632588]}},{"type":"Feature","properties":{"Name":"Gansner","Max_Voltag":60,"Owner":"PG&E","COUNTY":"Plumas County","Status":"Operational"},"geometry":{"type":"Point","coordinates":[-120.948185071231,39.9392663933961]}},{"type":"Feature","properties":{"Name":"Grays Flat","Max_Voltag":60,"Owner":"PG&E","COUNTY":"Plumas County","Status":"Operational"},"geometry":{"type":"Point","coordinates":[-121.065445542932,40.0224174190886]}},{"type":"Feature","properties":{"Name":"Greenville","Max_Voltag":0,"Owner":"PG&E","COUNTY":"Plumas County","Status":"Operational"},"geometry":{"type":"Point","coordinates":[-121.081244415955,40.1506911326555]}},{"type":"Feature","properties":{"Name":"Plumas","Max_Voltag":60,"Owner":"Other","COUNTY":"Plumas County","Status":"Operational"},"geometry":{"type":"Point","coordinates":[-120.914495987915,39.9351718980745]}},{"type":"Feature","properties":{"Name":"Spanish Creek","Max_Voltag":60,"Owner":"PG&E","COUNTY":"Plumas County","Status":"Operational"},"geometry":{"type":"Point","coordinates":[-120.963123429178,40.0269720619159]}},{"type":"Feature","properties":{"Name":"Carreon","Max_Voltag":92,"Owner":"IID","COUNTY":"Riverside County","Status":"Operational"},"geometry":{"type":"Point","coordinates":[-116.232308322613,33.7093472306552]}},{"type":"Feature","properties":{"Name":"Coachella Valley","Max_Voltag":230,"Owner":"IID","COUNTY":"Riverside County","Status":"Operational"},"geometry":{"type":"Point","coordinates":[-116.115409788427,33.6728183499132]}},{"type":"Feature","properties":{"Name":"Edom","Max_Voltag":115,"Owner":"IID","COUNTY":"Riverside County","Status":"Operational"},"geometry":{"type":"Point","coordinates":[-116.388683050667,33.8094912508693]}},{"type":"Feature","properties":{"Name":"Chiriaco","Max_Voltag":0,"Owner":"IID","COUNTY":"Riverside County","Status":"Operational"},"geometry":{"type":"Point","coordinates":[-115.714651999453,33.6620071907079]}},{"type":"Feature","properties":{"Name":"Jackson","Max_Voltag":92,"Owner":"IID","COUNTY":"Riverside County","Status":"Operational"},"geometry":{"type":"Point","coordinates":[-116.217259366782,33.6846442823019]}},{"type":"Feature","properties":{"Name":"Jefferson","Max_Voltag":92,"Owner":"IID","COUNTY":"Riverside County","Status":"Operational"},"geometry":{"type":"Point","coordinates":[-116.265029081341,33.6717562649632]}},{"type":"Feature","properties":{"Name":"Silver Spur","Max_Voltag":33,"Owner":"SCE","COUNTY":"Riverside County","Status":"Operational"},"geometry":{"type":"Point","coordinates":[-116.386346133761,33.6993744940617]}},{"type":"Feature","properties":{"Name":"Mecca","Max_Voltag":92,"Owner":"IID","COUNTY":"Riverside County","Status":"Operational"},"geometry":{"type":"Point","coordinates":[-116.088311765624,33.586971321797]}},{"type":"Feature","properties":{"Name":"North Shore","Max_Voltag":92,"Owner":"IID","COUNTY":"Riverside County","Status":"Operational"},"geometry":{"type":"Point","coordinates":[-115.92163177214,33.5232363524841]}},{"type":"Feature","properties":{"Name":"Oasis","Max_Voltag":0,"Owner":"IID","COUNTY":"Riverside County","Status":"Operational"},"geometry":{"type":"Point","coordinates":[-116.059817644087,33.4371519079544]}},{"type":"Feature","properties":{"Name":"Sky Valley","Max_Voltag":92,"Owner":"IID","COUNTY":"Riverside County","Status":"Operational"},"geometry":{"type":"Point","coordinates":[-116.355304089144,33.8878516945025]}},{"type":"Feature","properties":{"Name":"Thermal","Max_Voltag":92,"Owner":"IID","COUNTY":"Riverside County","Status":"Operational"},"geometry":{"type":"Point","coordinates":[-116.13622407875,33.6387270703553]}},{"type":"Feature","properties":{"Name":"Van Buren","Max_Voltag":92,"Owner":"IID","COUNTY":"Riverside County","Status":"Operational"},"geometry":{"type":"Point","coordinates":[-116.198691709086,33.7188666803296]}},{"type":"Feature","properties":{"Name":"Julian Hinds","Max_Voltag":230,"Owner":"SCE","COUNTY":"Riverside County","Status":"Operational"},"geometry":{"type":"Point","coordinates":[-115.626604435364,33.7047062245045]}},{"type":"Feature","properties":{"Name":"Riverside","Max_Voltag":66,"Owner":"Other","COUNTY":"Riverside County","Status":"Operational"},"geometry":{"type":"Point","coordinates":[-117.370077454482,33.978119315017]}},{"type":"Feature","properties":{"Name":"Alessandro","Max_Voltag":115,"Owner":"SCE","COUNTY":"Riverside County","Status":"Operational"},"geometry":{"type":"Point","coordinates":[-117.218744459874,33.9020611217445]}},{"type":"Feature","properties":{"Name":"Auld","Max_Voltag":115,"Owner":"SCE","COUNTY":"Riverside County","Status":"Operational"},"geometry":{"type":"Point","coordinates":[-117.137434120278,33.5973043599494]}},{"type":"Feature","properties":{"Name":"Bain","Max_Voltag":66,"Owner":"SCE","COUNTY":"Riverside County","Status":"Operational"},"geometry":{"type":"Point","coordinates":[-117.506347230708,34.0113416789285]}},{"type":"Feature","properties":{"Name":"Banning","Max_Voltag":115,"Owner":"SCE","COUNTY":"Riverside County","Status":"Operational"},"geometry":{"type":"Point","coordinates":[-116.872791688031,33.9223305738881]}},{"type":"Feature","properties":{"Name":"Bunker","Max_Voltag":115,"Owner":"SCE","COUNTY":"Riverside County","Status":"Operational"},"geometry":{"type":"Point","coordinates":[-117.212322231431,33.8289638826979]}},{"type":"Feature","properties":{"Name":"Cajalco","Max_Voltag":115,"Owner":"SCE","COUNTY":"Riverside County","Status":"Operational"},"geometry":{"type":"Point","coordinates":[-117.326344445417,33.8589250042835]}},{"type":"Feature","properties":{"Name":"Chase","Max_Voltag":66,"Owner":"SCE","COUNTY":"Riverside County","Status":"Operational"},"geometry":{"type":"Point","coordinates":[-117.537795721669,33.8450585576679]}},{"type":"Feature","properties":{"Name":"Concho","Max_Voltag":115,"Owner":"SCE","COUNTY":"Riverside County","Status":"Operational"},"geometry":{"type":"Point","coordinates":[-116.335076269344,33.7574765230014]}},{"type":"Feature","properties":{"Name":"Corona","Max_Voltag":66,"Owner":"SCE","COUNTY":"Riverside County","Status":"Operational"},"geometry":{"type":"Point","coordinates":[-117.571887728136,33.884400228638]}},{"type":"Feature","properties":{"Name":"Crestmore","Max_Voltag":0,"Owner":"SCE","COUNTY":"Riverside County","Status":"Operational"},"geometry":{"type":"Point","coordinates":[-117.387724414471,34.0293368686899]}},{"type":"Feature","properties":{"Name":"Databank","Max_Voltag":66,"Owner":"SCE","COUNTY":"Riverside County","Status":"Operational"},"geometry":{"type":"Point","coordinates":[-117.539295490477,33.8554383590314]}},{"type":"Feature","properties":{"Name":"Delgen","Max_Voltag":66,"Owner":"SCE","COUNTY":"Riverside County","Status":"Operational"},"geometry":{"type":"Point","coordinates":[-117.580118051446,33.8924295372328]}},{"type":"Feature","properties":{"Name":"Devers","Max_Voltag":0,"Owner":"SCE","COUNTY":"Riverside County","Status":"Operational"},"geometry":{"type":"Point","coordinates":[-116.577326941781,33.9369161191906]}},{"type":"Feature","properties":{"Name":"Eisenhower","Max_Voltag":115,"Owner":"SCE","COUNTY":"Riverside County","Status":"Operational"},"geometry":{"type":"Point","coordinates":[-116.493938898646,33.8079583532459]}},{"type":"Feature","properties":{"Name":"Elsinore","Max_Voltag":115,"Owner":"SCE","COUNTY":"Riverside County","Status":"Operational"},"geometry":{"type":"Point","coordinates":[-117.326180558573,33.6743833366443]}},{"type":"Feature","properties":{"Name":"Farrell","Max_Voltag":115,"Owner":"SCE","COUNTY":"Riverside County","Status":"Operational"},"geometry":{"type":"Point","coordinates":[-116.5050805513,33.8461583466202]}},{"type":"Feature","properties":{"Name":"Foil","Max_Voltag":33,"Owner":"SCE","COUNTY":"Riverside County","Status":"Operational"},"geometry":{"type":"Point","coordinates":[-116.928748555563,33.9267229854421]}},{"type":"Feature","properties":{"Name":"Garnet","Max_Voltag":115,"Owner":"SCE","COUNTY":"Riverside County","Status":"Operational"},"geometry":{"type":"Point","coordinates":[-116.54353333499,33.9014833435438]}},{"type":"Feature","properties":{"Name":"Glen Avon","Max_Voltag":66,"Owner":"SCE","COUNTY":"Riverside County","Status":"Operational"},"geometry":{"type":"Point","coordinates":[-117.457443473952,34.0050292259713]}},{"type":"Feature","properties":{"Name":"Indian Wells","Max_Voltag":0,"Owner":"SCE","COUNTY":"Riverside County","Status":"Operational"},"geometry":{"type":"Point","coordinates":[-116.346651351037,33.7294652223422]}},{"type":"Feature","properties":{"Name":"Ivyglen","Max_Voltag":115,"Owner":"SCE","COUNTY":"Riverside County","Status":"Operational"},"geometry":{"type":"Point","coordinates":[-117.477332957673,33.7602639844974]}},{"type":"Feature","properties":{"Name":"Jefferson","Max_Voltag":66,"Owner":"SCE","COUNTY":"Riverside County","Status":"Operational"},"geometry":{"type":"Point","coordinates":[-117.588304232442,33.8577507576563]}},{"type":"Feature","properties":{"Name":"Kem","Max_Voltag":66,"Owner":"SCE","COUNTY":"Riverside County","Status":"Operational"},"geometry":{"type":"Point","coordinates":[-115.488697053731,33.8611610490982]}},{"type":"Feature","properties":{"Name":"Maraschino","Max_Voltag":115,"Owner":"SCE","COUNTY":"Riverside County","Status":"Operational"},"geometry":{"type":"Point","coordinates":[-116.987458341724,33.9260139303221]}},{"type":"Feature","properties":{"Name":"Maxwell","Max_Voltag":115,"Owner":"SCE","COUNTY":"Riverside County","Status":"Operational"},"geometry":{"type":"Point","coordinates":[-117.24331358232,33.947166073505]}},{"type":"Feature","properties":{"Name":"Mayberry","Max_Voltag":115,"Owner":"SCE","COUNTY":"Riverside County","Status":"Operational"},"geometry":{"type":"Point","coordinates":[-116.920036108236,33.7363888883421]}},{"type":"Feature","properties":{"Name":"Mirage","Max_Voltag":230,"Owner":"SCE","COUNTY":"Riverside County","Status":"Operational"},"geometry":{"type":"Point","coordinates":[-116.370110356117,33.8185023244728]}},{"type":"Feature","properties":{"Name":"Moraga","Max_Voltag":115,"Owner":"SCE","COUNTY":"Riverside County","Status":"Operational"},"geometry":{"type":"Point","coordinates":[-117.140416659074,33.5037750005958]}},{"type":"Feature","properties":{"Name":"Moreno","Max_Voltag":115,"Owner":"SCE","COUNTY":"Riverside County","Status":"Operational"},"geometry":{"type":"Point","coordinates":[-117.172505582357,33.9470444664627]}},{"type":"Feature","properties":{"Name":"Nelson","Max_Voltag":115,"Owner":"SCE","COUNTY":"Riverside County","Status":"Operational"},"geometry":{"type":"Point","coordinates":[-116.988319443399,33.7723638965685]}},{"type":"Feature","properties":{"Name":"Newcomb","Max_Voltag":115,"Owner":"SCE","COUNTY":"Riverside County","Status":"Operational"},"geometry":{"type":"Point","coordinates":[-117.20708891608,33.6873833082998]}},{"type":"Feature","properties":{"Name":"Pauba","Max_Voltag":115,"Owner":"SCE","COUNTY":"Riverside County","Status":"Operational"},"geometry":{"type":"Point","coordinates":[-117.043558351304,33.5437222058713]}},{"type":"Feature","properties":{"Name":"Pedley","Max_Voltag":66,"Owner":"SCE","COUNTY":"Riverside County","Status":"Operational"},"geometry":{"type":"Point","coordinates":[-117.522719990653,33.9589240092743]}},{"type":"Feature","properties":{"Name":"Santa Rosa","Max_Voltag":115,"Owner":"SCE","COUNTY":"Riverside County","Status":"Operational"},"geometry":{"type":"Point","coordinates":[-116.392091662199,33.7478166761031]}},{"type":"Feature","properties":{"Name":"Skylark","Max_Voltag":115,"Owner":"SCE","COUNTY":"Riverside County","Status":"Operational"},"geometry":{"type":"Point","coordinates":[-117.292005553164,33.6309138944241]}},{"type":"Feature","properties":{"Name":"Stadler","Max_Voltag":115,"Owner":"SCE","COUNTY":"Riverside County","Status":"Operational"},"geometry":{"type":"Point","coordinates":[-117.203213869609,33.55781388858]}},{"type":"Feature","properties":{"Name":"Stetson","Max_Voltag":115,"Owner":"SCE","COUNTY":"Riverside County","Status":"Operational"},"geometry":{"type":"Point","coordinates":[-117.00733888092,33.7335527698215]}},{"type":"Feature","properties":{"Name":"Tamarisk","Max_Voltag":115,"Owner":"SCE","COUNTY":"Riverside County","Status":"Operational"},"geometry":{"type":"Point","coordinates":[-116.449944453782,33.7919750006336]}},{"type":"Feature","properties":{"Name":"Tanker","Max_Voltag":115,"Owner":"SCE","COUNTY":"Riverside County","Status":"Operational"},"geometry":{"type":"Point","coordinates":[-117.259777821304,33.9087722596555]}},{"type":"Feature","properties":{"Name":"Thornhill","Max_Voltag":115,"Owner":"SCE","COUNTY":"Riverside County","Status":"Operational"},"geometry":{"type":"Point","coordinates":[-116.532044432275,33.8136583292189]}},{"type":"Feature","properties":{"Name":"Valley","Max_Voltag":500,"Owner":"SCE","COUNTY":"Riverside County","Status":"Operational"},"geometry":{"type":"Point","coordinates":[-117.156113809569,33.7399944239829]}},{"type":"Feature","properties":{"Name":"Yucaipa","Max_Voltag":66,"Owner":"SCE","COUNTY":"San Bernardino County","Status":"Operational"},"geometry":{"type":"Point","coordinates":[-117.051364635665,34.0105653503964]}},{"type":"Feature","properties":{"Name":"Blythe-Bucks","Max_Voltag":0,"Owner":"SCE","COUNTY":"Riverside County","Status":"Operational"},"geometry":{"type":"Point","coordinates":[-114.684593858845,33.616125275549]}},{"type":"Feature","properties":{"Name":"Alder Creek","Max_Voltag":60,"Owner":"SMUD","COUNTY":"Sacramento County","Status":"Operational"},"geometry":{"type":"Point","coordinates":[-121.156245979837,38.630119985733]}},{"type":"Feature","properties":{"Name":"Nimbus","Max_Voltag":115,"Owner":"Other","COUNTY":"Sacramento County","Status":"Operational"},"geometry":{"type":"Point","coordinates":[-121.211999516398,38.6055118253606]}},{"type":"Feature","properties":{"Name":"Mather","Max_Voltag":60,"Owner":"Other","COUNTY":"Sacramento County","Status":"Operational"},"geometry":{"type":"Point","coordinates":[-121.297967987255,38.5736079945312]}},{"type":"Feature","properties":{"Name":"Brighton","Max_Voltag":115,"Owner":"PG&E","COUNTY":"Sacramento County","Status":"Operational"},"geometry":{"type":"Point","coordinates":[-121.407743541499,38.5481419838694]}},{"type":"Feature","properties":{"Name":"Station F (Velasco & Kinetic)","Max_Voltag":230,"Owner":"LADWP","COUNTY":"Los Angeles County","Status":"Operational"},"geometry":{"type":"Point","coordinates":[-118.20384035385,34.01543789673]}},{"type":"Feature","properties":{"Name":"Gold Hill","Max_Voltag":230,"Owner":"PG&E","COUNTY":"Sacramento County","Status":"Operational"},"geometry":{"type":"Point","coordinates":[-121.13675733248,38.6574875881553]}},{"type":"Feature","properties":{"Name":"Grand Island","Max_Voltag":115,"Owner":"PG&E","COUNTY":"Sacramento County","Status":"Operational"},"geometry":{"type":"Point","coordinates":[-121.590415208923,38.2315604404209]}},{"type":"Feature","properties":{"Name":"New Hope","Max_Voltag":60,"Owner":"Other","COUNTY":"San Joaquin County","Status":"Operational"},"geometry":{"type":"Point","coordinates":[-121.473924487419,38.225544694701]}},{"type":"Feature","properties":{"Name":"14th & 52nd","Max_Voltag":60,"Owner":"SMUD","COUNTY":"Sacramento County","Status":"Operational"},"geometry":{"type":"Point","coordinates":[-121.445402291733,38.5392444788923]}},{"type":"Feature","properties":{"Name":"24th & Gardendale","Max_Voltag":60,"Owner":"SMUD","COUNTY":"Sacramento County","Status":"Operational"},"geometry":{"type":"Point","coordinates":[-121.479796990027,38.4910810061813]}},{"type":"Feature","properties":{"Name":"34th & E","Max_Voltag":60,"Owner":"SMUD","COUNTY":"Sacramento County","Status":"Operational"},"geometry":{"type":"Point","coordinates":[-121.387197993871,38.6782660164041]}},{"type":"Feature","properties":{"Name":"43Rd & S. Land","Max_Voltag":60,"Owner":"SMUD","COUNTY":"Sacramento County","Status":"Operational"},"geometry":{"type":"Point","coordinates":[-121.515678222249,38.5171155705993]}},{"type":"Feature","properties":{"Name":"88th-Fruitridge","Max_Voltag":60,"Owner":"SMUD","COUNTY":"Sacramento County","Status":"Operational"},"geometry":{"type":"Point","coordinates":[-121.380017025881,38.5204268049431]}},{"type":"Feature","properties":{"Name":"Airco","Max_Voltag":60,"Owner":"SMUD","COUNTY":"Sacramento County","Status":"Operational"},"geometry":{"type":"Point","coordinates":[-121.378068520741,38.5179732965455]}},{"type":"Feature","properties":{"Name":"Almond-Elm","Max_Voltag":60,"Owner":"SMUD","COUNTY":"Sacramento County","Status":"Operational"},"geometry":{"type":"Point","coordinates":[-121.239044222393,38.6935293387871]}},{"type":"Feature","properties":{"Name":"Amador-Power Inn","Max_Voltag":115,"Owner":"SMUD","COUNTY":"Sacramento County","Status":"Operational"},"geometry":{"type":"Point","coordinates":[-121.409869509722,38.5370454713809]}},{"type":"Feature","properties":{"Name":"American River-Aggregate","Max_Voltag":60,"Owner":"SMUD","COUNTY":"Sacramento County","Status":"Operational"},"geometry":{"type":"Point","coordinates":[-121.186490005173,38.582919014159]}},{"type":"Feature","properties":{"Name":"Arcade-Rio Linda","Max_Voltag":60,"Owner":"SMUD","COUNTY":"Sacramento County","Status":"Operational"},"geometry":{"type":"Point","coordinates":[-121.447073998985,38.6248240014845]}},{"type":"Feature","properties":{"Name":"Arden-Point West","Max_Voltag":60,"Owner":"SMUD","COUNTY":"Sacramento County","Status":"Operational"},"geometry":{"type":"Point","coordinates":[-121.434023991393,38.6023250064979]}},{"type":"Feature","properties":{"Name":"Arden-Watt","Max_Voltag":60,"Owner":"SMUD","COUNTY":"Sacramento County","Status":"Operational"},"geometry":{"type":"Point","coordinates":[-121.365199023317,38.5944439980652]}},{"type":"Feature","properties":{"Name":"Army Depot","Max_Voltag":60,"Owner":"SMUD","COUNTY":"Sacramento County","Status":"Operational"},"geometry":{"type":"Point","coordinates":[-121.398443975065,38.510261704436]}},{"type":"Feature","properties":{"Name":"Ashton-American River Dr.","Max_Voltag":60,"Owner":"SMUD","COUNTY":"Sacramento County","Status":"Operational"},"geometry":{"type":"Point","coordinates":[-121.364083014799,38.5774419942046]}},{"type":"Feature","properties":{"Name":"Auburn Van Muren","Max_Voltag":60,"Owner":"SMUD","COUNTY":"Sacramento County","Status":"Operational"},"geometry":{"type":"Point","coordinates":[-121.308101007016,38.688172019618]}},{"type":"Feature","properties":{"Name":"Battlewood-Thistlewood","Max_Voltag":60,"Owner":"SMUD","COUNTY":"Sacramento County","Status":"Operational"},"geometry":{"type":"Point","coordinates":[-121.34139500588,38.5915432876943]}},{"type":"Feature","properties":{"Name":"Beech-Greenback","Max_Voltag":60,"Owner":"SMUD","COUNTY":"Sacramento County","Status":"Operational"},"geometry":{"type":"Point","coordinates":[-121.231411856363,38.6797589536548]}},{"type":"Feature","properties":{"Name":"Bell Cottage","Max_Voltag":0,"Owner":"SMUD","COUNTY":"Sacramento County","Status":"Operational"},"geometry":{"type":"Point","coordinates":[-121.410242880995,38.6013384691932]}},{"type":"Feature","properties":{"Name":"Bell-Winters","Max_Voltag":60,"Owner":"SMUD","COUNTY":"Sacramento County","Status":"Operational"},"geometry":{"type":"Point","coordinates":[-121.410911792606,38.6469899701899]}},{"type":"Feature","properties":{"Name":"Big Horn-Meadowspring","Max_Voltag":60,"Owner":"SMUD","COUNTY":"Sacramento County","Status":"Operational"},"geometry":{"type":"Point","coordinates":[-121.436025193504,38.4353752696854]}},{"type":"Feature","properties":{"Name":"Black Eagle-Chrystal Brook","Max_Voltag":60,"Owner":"SMUD","COUNTY":"Sacramento County","Status":"Operational"},"geometry":{"type":"Point","coordinates":[-121.382918992084,38.7235030033462]}},{"type":"Feature","properties":{"Name":"Blue Ravine-School","Max_Voltag":60,"Owner":"SMUD","COUNTY":"Sacramento County","Status":"Operational"},"geometry":{"type":"Point","coordinates":[-121.150143864249,38.6723361663662]}},{"type":"Feature","properties":{"Name":"Bond-Elk Grove Florin","Max_Voltag":60,"Owner":"SMUD","COUNTY":"Sacramento County","Status":"Operational"},"geometry":{"type":"Point","coordinates":[-121.369928366726,38.4227988831368]}},{"type":"Feature","properties":{"Name":"Butano-Cottage","Max_Voltag":0,"Owner":"SMUD","COUNTY":"Sacramento County","Status":"Operational"},"geometry":{"type":"Point","coordinates":[-121.385992363132,38.6048013445433]}},{"type":"Feature","properties":{"Name":"Campbell Soup","Max_Voltag":115,"Owner":"SMUD","COUNTY":"Sacramento County","Status":"Operational"},"geometry":{"type":"Point","coordinates":[-121.471527669951,38.5117585917144]}},{"type":"Feature","properties":{"Name":"Campus Commons","Max_Voltag":60,"Owner":"SMUD","COUNTY":"Sacramento County","Status":"Operational"},"geometry":{"type":"Point","coordinates":[-121.423866990207,38.5542210183156]}},{"type":"Feature","properties":{"Name":"Cargo-Northgate","Max_Voltag":60,"Owner":"SMUD","COUNTY":"Sacramento County","Status":"Operational"},"geometry":{"type":"Point","coordinates":[-121.475853002349,38.6418579881479]}},{"type":"Feature","properties":{"Name":"Carmichael","Max_Voltag":230,"Owner":"SMUD","COUNTY":"Sacramento County","Status":"Operational"},"geometry":{"type":"Point","coordinates":[-121.329090798501,38.6436446765932]}},{"type":"Feature","properties":{"Name":"Sacramento Regional WWTP","Max_Voltag":60,"Owner":"SMUD","COUNTY":"Sacramento County","Status":"Operational"},"geometry":{"type":"Point","coordinates":[-121.459908198008,38.4482184633075]}},{"type":"Feature","properties":{"Name":"Citrus-Coloma","Max_Voltag":60,"Owner":"SMUD","COUNTY":"Sacramento County","Status":"Operational"},"geometry":{"type":"Point","coordinates":[-121.266583979161,38.6178399926188]}},{"type":"Feature","properties":{"Name":"Clay Station-Twin Cities","Max_Voltag":60,"Owner":"SMUD","COUNTY":"Sacramento County","Status":"Operational"},"geometry":{"type":"Point","coordinates":[-121.168961406308,38.3352697479713]}},{"type":"Feature","properties":{"Name":"Colony-Woods","Max_Voltag":60,"Owner":"SMUD","COUNTY":"Sacramento County","Status":"Operational"},"geometry":{"type":"Point","coordinates":[-121.242431137814,38.3541921090995]}},{"type":"Feature","properties":{"Name":"Cordova-Folsom","Max_Voltag":0,"Owner":"SMUD","COUNTY":"Sacramento County","Status":"Operational"},"geometry":{"type":"Point","coordinates":[-121.285868767339,38.6037735579031]}},{"type":"Feature","properties":{"Name":"Cordova-Park","Max_Voltag":0,"Owner":"SMUD","COUNTY":"Sacramento County","Status":"Operational"},"geometry":{"type":"Point","coordinates":[-121.306598004273,38.6049540037527]}},{"type":"Feature","properties":{"Name":"Country Club 2","Max_Voltag":0,"Owner":"SMUD","COUNTY":"Sacramento County","Status":"Operational"},"geometry":{"type":"Point","coordinates":[-121.380501016597,38.6162119930274]}},{"type":"Feature","properties":{"Name":"Country Club 3","Max_Voltag":0,"Owner":"SMUD","COUNTY":"Sacramento County","Status":"Operational"},"geometry":{"type":"Point","coordinates":[-121.37840899481,38.608737018903]}},{"type":"Feature","properties":{"Name":"Crystal Creamery","Max_Voltag":0,"Owner":"SMUD","COUNTY":"Sacramento County","Status":"Operational"},"geometry":{"type":"Point","coordinates":[-121.399039987493,38.5349740026797]}},{"type":"Feature","properties":{"Name":"Cypress-Manzanita","Max_Voltag":0,"Owner":"SMUD","COUNTY":"Sacramento County","Status":"Operational"},"geometry":{"type":"Point","coordinates":[-121.328884068306,38.6394337103262]}},{"type":"Feature","properties":{"Name":"Daly-Roseville","Max_Voltag":0,"Owner":"SMUD","COUNTY":"Sacramento County","Status":"Operational"},"geometry":{"type":"Point","coordinates":[-121.32654393094,38.7036406274518]}},{"type":"Feature","properties":{"Name":"Delano","Max_Voltag":60,"Owner":"SMUD","COUNTY":"Sacramento County","Status":"Operational"},"geometry":{"type":"Point","coordinates":[-121.462788989123,38.7101830197387]}},{"type":"Feature","properties":{"Name":"Dewey-Winding","Max_Voltag":60,"Owner":"SMUD","COUNTY":"Sacramento County","Status":"Operational"},"geometry":{"type":"Point","coordinates":[-121.307876998625,38.6500849985266]}},{"type":"Feature","properties":{"Name":"Dillard-Orange","Max_Voltag":60,"Owner":"SMUD","COUNTY":"Sacramento County","Status":"Operational"},"geometry":{"type":"Point","coordinates":[-121.188405007645,38.4427549922625]}},{"type":"Feature","properties":{"Name":"Dillard-Wilton","Max_Voltag":60,"Owner":"SMUD","COUNTY":"Sacramento County","Status":"Operational"},"geometry":{"type":"Point","coordinates":[-121.256965035593,38.4019223910303]}},{"type":"Feature","properties":{"Name":"Disk Data","Max_Voltag":0,"Owner":"SMUD","COUNTY":"Sacramento County","Status":"Operational"},"geometry":{"type":"Point","coordinates":[-121.281566157827,38.5861646980772]}},{"type":"Feature","properties":{"Name":"Dixeanne-Evergreen","Max_Voltag":0,"Owner":"SMUD","COUNTY":"Sacramento County","Status":"Operational"},"geometry":{"type":"Point","coordinates":[-121.444361860276,38.6090220812418]}},{"type":"Feature","properties":{"Name":"Don Julio-Elkhorn","Max_Voltag":230,"Owner":"SMUD","COUNTY":"Sacramento County","Status":"Operational"},"geometry":{"type":"Point","coordinates":[-121.346564006348,38.6934650046231]}},{"type":"Feature","properties":{"Name":"Don Julio-Lorac Vista","Max_Voltag":230,"Owner":"SMUD","COUNTY":"Sacramento County","Status":"Operational"},"geometry":{"type":"Point","coordinates":[-121.346586009682,38.714567033723]}},{"type":"Feature","properties":{"Name":"E. Natoma-Blue Ravine","Max_Voltag":115,"Owner":"SMUD","COUNTY":"Sacramento County","Status":"Operational"},"geometry":{"type":"Point","coordinates":[-121.125637592431,38.6898052407766]}},{"type":"Feature","properties":{"Name":"East City","Max_Voltag":115,"Owner":"SMUD","COUNTY":"Sacramento County","Status":"Operational"},"geometry":{"type":"Point","coordinates":[-121.430619172548,38.5537518877192]}},{"type":"Feature","properties":{"Name":"Eastern-El Camino","Max_Voltag":0,"Owner":"SMUD","COUNTY":"Sacramento County","Status":"Operational"},"geometry":{"type":"Point","coordinates":[-121.36404148748,38.6067991382057]}},{"type":"Feature","properties":{"Name":"Eastern-Marconi","Max_Voltag":0,"Owner":"SMUD","COUNTY":"Sacramento County","Status":"Operational"},"geometry":{"type":"Point","coordinates":[-121.364094992037,38.6184519876637]}},{"type":"Feature","properties":{"Name":"Edison-Ball","Max_Voltag":0,"Owner":"SMUD","COUNTY":"Sacramento County","Status":"Operational"},"geometry":{"type":"Point","coordinates":[-121.398988992829,38.627604013375]}},{"type":"Feature","properties":{"Name":"El Camino","Max_Voltag":0,"Owner":"SMUD","COUNTY":"Sacramento County","Status":"Operational"},"geometry":{"type":"Point","coordinates":[-121.403876712816,38.6108313188792]}},{"type":"Feature","properties":{"Name":"El Monte","Max_Voltag":60,"Owner":"SMUD","COUNTY":"Sacramento County","Status":"Operational"},"geometry":{"type":"Point","coordinates":[-121.456265004915,38.6083220046875]}},{"type":"Feature","properties":{"Name":"Electronic Data Systems","Max_Voltag":60,"Owner":"SMUD","COUNTY":"Sacramento County","Status":"Operational"},"geometry":{"type":"Point","coordinates":[-121.27228664179,38.5911715282817]}},{"type":"Feature","properties":{"Name":"Elk Grove Florin-Gerber","Max_Voltag":60,"Owner":"SMUD","COUNTY":"Sacramento County","Status":"Operational"},"geometry":{"type":"Point","coordinates":[-121.371485991529,38.4781789997149]}},{"type":"Feature","properties":{"Name":"Elk Grove","Max_Voltag":230,"Owner":"SMUD","COUNTY":"Sacramento County","Status":"Operational"},"geometry":{"type":"Point","coordinates":[-121.353033659549,38.3727238612256]}},{"type":"Feature","properties":{"Name":"Elk Grove-Colton","Max_Voltag":60,"Owner":"SMUD","COUNTY":"Sacramento County","Status":"Operational"},"geometry":{"type":"Point","coordinates":[-121.37602898033,38.4086290183225]}},{"type":"Feature","properties":{"Name":"Elm","Max_Voltag":60,"Owner":"SMUD","COUNTY":"Sacramento County","Status":"Operational"},"geometry":{"type":"Point","coordinates":[-121.207286178274,38.6930051206241]}},{"type":"Feature","properties":{"Name":"Elverta","Max_Voltag":230,"Owner":"WAPA","COUNTY":"Sacramento County","Status":"Operational"},"geometry":{"type":"Point","coordinates":[-121.478498852576,38.7138590105709]}},{"type":"Feature","properties":{"Name":"Elverta-Powerline","Max_Voltag":60,"Owner":"SMUD","COUNTY":"Sacramento County","Status":"Operational"},"geometry":{"type":"Point","coordinates":[-121.576191139187,38.7141936229419]}},{"type":"Feature","properties":{"Name":"Elverta-Cherrybrooke","Max_Voltag":60,"Owner":"SMUD","COUNTY":"Sacramento County","Status":"Operational"},"geometry":{"type":"Point","coordinates":[-121.420079768427,38.7140579333212]}},{"type":"Feature","properties":{"Name":"Elvyra-Fulton","Max_Voltag":0,"Owner":"SMUD","COUNTY":"Sacramento County","Status":"Operational"},"geometry":{"type":"Point","coordinates":[-121.399715640961,38.6126561919659]}},{"type":"Feature","properties":{"Name":"Engle-Eastern","Max_Voltag":0,"Owner":"SMUD","COUNTY":"Sacramento County","Status":"Operational"},"geometry":{"type":"Point","coordinates":[-121.363169915042,38.6314497188357]}},{"type":"Feature","properties":{"Name":"Eschinger-Bruceville","Max_Voltag":60,"Owner":"SMUD","COUNTY":"Sacramento County","Status":"Operational"},"geometry":{"type":"Point","coordinates":[-121.40845891757,38.3501742772837]}},{"type":"Feature","properties":{"Name":"Evergreen-Royal Oaks","Max_Voltag":60,"Owner":"SMUD","COUNTY":"Sacramento County","Status":"Operational"},"geometry":{"type":"Point","coordinates":[-121.447086000477,38.6056600141495]}},{"type":"Feature","properties":{"Name":"Exposition","Max_Voltag":0,"Owner":"SMUD","COUNTY":"Sacramento County","Status":"Operational"},"geometry":{"type":"Point","coordinates":[-121.432197429857,38.5933034316416]}},{"type":"Feature","properties":{"Name":"Filtration Plant","Max_Voltag":60,"Owner":"SMUD","COUNTY":"Sacramento County","Status":"Operational"},"geometry":{"type":"Point","coordinates":[-121.417183363695,38.555245231889]}},{"type":"Feature","properties":{"Name":"Folsom Prison","Max_Voltag":60,"Owner":"SMUD","COUNTY":"Sacramento County","Status":"Operational"},"geometry":{"type":"Point","coordinates":[-121.159328547836,38.6960140816144]}},{"type":"Feature","properties":{"Name":"Foothill","Max_Voltag":230,"Owner":"SMUD","COUNTY":"Sacramento County","Status":"Operational"},"geometry":{"type":"Point","coordinates":[-121.347331262822,38.6935078265294]}},{"type":"Feature","properties":{"Name":"Franchise Tax","Max_Voltag":60,"Owner":"SMUD","COUNTY":"Sacramento County","Status":"Operational"},"geometry":{"type":"Point","coordinates":[-121.344049992872,38.5633899994694]}},{"type":"Feature","properties":{"Name":"Franklin","Max_Voltag":60,"Owner":"SMUD","COUNTY":"Sacramento County","Status":"Operational"},"geometry":{"type":"Point","coordinates":[-121.453433939144,38.3795021884658]}},{"type":"Feature","properties":{"Name":"Franklin-Ehrhardt","Max_Voltag":60,"Owner":"SMUD","COUNTY":"Sacramento County","Status":"Operational"},"geometry":{"type":"Point","coordinates":[-121.447265237732,38.4630377963116]}},{"type":"Feature","properties":{"Name":"Franklin-Laguna","Max_Voltag":60,"Owner":"SMUD","COUNTY":"Sacramento County","Status":"Operational"},"geometry":{"type":"Point","coordinates":[-121.4579264031,38.4301726218198]}},{"type":"Feature","properties":{"Name":"Freehaven-Lake Park","Max_Voltag":60,"Owner":"SMUD","COUNTY":"Sacramento County","Status":"Operational"},"geometry":{"type":"Point","coordinates":[-121.517395979837,38.5032700164739]}},{"type":"Feature","properties":{"Name":"Frienza Albatross","Max_Voltag":0,"Owner":"SMUD","COUNTY":"Sacramento County","Status":"Operational"},"geometry":{"type":"Point","coordinates":[-121.422175025047,38.6127230168814]}},{"type":"Feature","properties":{"Name":"Fruitridge & 44Th","Max_Voltag":60,"Owner":"SMUD","COUNTY":"Sacramento County","Status":"Operational"},"geometry":{"type":"Point","coordinates":[-121.45629769371,38.5243261412156]}},{"type":"Feature","properties":{"Name":"Fruitridge & 64Th","Max_Voltag":60,"Owner":"SMUD","COUNTY":"Sacramento County","Status":"Operational"},"geometry":{"type":"Point","coordinates":[-121.42862800372,38.5255760019597]}},{"type":"Feature","properties":{"Name":"Fruitridge & S. Land Park","Max_Voltag":60,"Owner":"SMUD","COUNTY":"Sacramento County","Status":"Operational"},"geometry":{"type":"Point","coordinates":[-121.513504996354,38.5228999904906]}},{"type":"Feature","properties":{"Name":"Fruitridge & 28th","Max_Voltag":60,"Owner":"SMUD","COUNTY":"Sacramento County","Status":"Operational"},"geometry":{"type":"Point","coordinates":[-121.476715690449,38.5245275995964]}},{"type":"Feature","properties":{"Name":"Galt","Max_Voltag":60,"Owner":"SMUD","COUNTY":"Sacramento County","Status":"Operational"},"geometry":{"type":"Point","coordinates":[-121.301837929499,38.2545916833768]}},{"type":"Feature","properties":{"Name":"Gilman-Cornelia","Max_Voltag":60,"Owner":"SMUD","COUNTY":"Sacramento County","Status":"Operational"},"geometry":{"type":"Point","coordinates":[-121.364168006205,38.677212993312]}},{"type":"Feature","properties":{"Name":"Gloria-Florin","Max_Voltag":0,"Owner":"SMUD","COUNTY":"Sacramento County","Status":"Operational"},"geometry":{"type":"Point","coordinates":[-121.539388986475,38.5034860063394]}},{"type":"Feature","properties":{"Name":"Goethe-Mayhew","Max_Voltag":60,"Owner":"SMUD","COUNTY":"Sacramento County","Status":"Operational"},"geometry":{"type":"Point","coordinates":[-121.345312979245,38.5549909942244]}},{"type":"Feature","properties":{"Name":"Granite","Max_Voltag":60,"Owner":"SMUD","COUNTY":"Sacramento County","Status":"Operational"},"geometry":{"type":"Point","coordinates":[-121.332252016698,38.5437799846723]}},{"type":"Feature","properties":{"Name":"Grantline-Siefker","Max_Voltag":60,"Owner":"SMUD","COUNTY":"Sacramento County","Status":"Operational"},"geometry":{"type":"Point","coordinates":[-121.297584990533,38.4339443139246]}},{"type":"Feature","properties":{"Name":"Greenback-Fairoaks","Max_Voltag":60,"Owner":"SMUD","COUNTY":"Sacramento County","Status":"Operational"},"geometry":{"type":"Point","coordinates":[-121.263309576832,38.6790910404589]}},{"type":"Feature","properties":{"Name":"Haggin","Max_Voltag":60,"Owner":"SMUD","COUNTY":"Sacramento County","Status":"Operational"},"geometry":{"type":"Point","coordinates":[-121.383645998644,38.6576769997869]}},{"type":"Feature","properties":{"Name":"Happy Lane","Max_Voltag":60,"Owner":"SMUD","COUNTY":"Sacramento County","Status":"Operational"},"geometry":{"type":"Point","coordinates":[-121.322051006148,38.5553290022892]}},{"type":"Feature","properties":{"Name":"Havenside-Canal","Max_Voltag":0,"Owner":"SMUD","COUNTY":"Sacramento County","Status":"Operational"},"geometry":{"type":"Point","coordinates":[-121.535149011098,38.4939930129719]}},{"type":"Feature","properties":{"Name":"Hazel-Timm","Max_Voltag":60,"Owner":"SMUD","COUNTY":"Sacramento County","Status":"Operational"},"geometry":{"type":"Point","coordinates":[-121.225758995436,38.6504740196967]}},{"type":"Feature","properties":{"Name":"Hedge","Max_Voltag":230,"Owner":"SMUD","COUNTY":"Sacramento County","Status":"Operational"},"geometry":{"type":"Point","coordinates":[-121.355365783943,38.5082482044992]}},{"type":"Feature","properties":{"Name":"Herald-Twin Cities","Max_Voltag":60,"Owner":"SMUD","COUNTY":"Sacramento County","Status":"Operational"},"geometry":{"type":"Point","coordinates":[-121.245406487392,38.2946494415097]}},{"type":"Feature","properties":{"Name":"Herzog","Max_Voltag":60,"Owner":"SMUD","COUNTY":"Sacramento County","Status":"Operational"},"geometry":{"type":"Point","coordinates":[-121.517574256793,38.2995214506822]}},{"type":"Feature","properties":{"Name":"Hood","Max_Voltag":0,"Owner":"SMUD","COUNTY":"Sacramento County","Status":"Operational"},"geometry":{"type":"Point","coordinates":[-121.510397735464,38.367951357015]}},{"type":"Feature","properties":{"Name":"Hunt-Wesson","Max_Voltag":230,"Owner":"SMUD","COUNTY":"Sacramento County","Status":"Operational"},"geometry":{"type":"Point","coordinates":[-121.397434075548,38.5328298262721]}},{"type":"Feature","properties":{"Name":"Hurley","Max_Voltag":230,"Owner":"SMUD","COUNTY":"Sacramento County","Status":"Operational"},"geometry":{"type":"Point","coordinates":[-121.418192918259,38.5873145167289]}},{"type":"Feature","properties":{"Name":"Imran Woods-Whyte","Max_Voltag":60,"Owner":"SMUD","COUNTY":"Sacramento County","Status":"Operational"},"geometry":{"type":"Point","coordinates":[-121.308792993652,38.7225730015452]}},{"type":"Feature","properties":{"Name":"Intel","Max_Voltag":60,"Owner":"SMUD","COUNTY":"Sacramento County","Status":"Operational"},"geometry":{"type":"Point","coordinates":[-121.160789018943,38.6430350063642]}},{"type":"Feature","properties":{"Name":"Jackson-Sunrise","Max_Voltag":60,"Owner":"SMUD","COUNTY":"Sacramento County","Status":"Operational"},"geometry":{"type":"Point","coordinates":[-121.243687742556,38.5066606020324]}},{"type":"Feature","properties":{"Name":"Jamestown-Middleberry","Max_Voltag":0,"Owner":"SMUD","COUNTY":"Sacramento County","Status":"Operational"},"geometry":{"type":"Point","coordinates":[-121.423903950491,38.6012916811072]}},{"type":"Feature","properties":{"Name":"Kalamazoo-San Juan","Max_Voltag":0,"Owner":"SMUD","COUNTY":"Sacramento County","Status":"Operational"},"geometry":{"type":"Point","coordinates":[-121.290863995004,38.6654014892864]}},{"type":"Feature","properties":{"Name":"Kathleen Academy","Max_Voltag":0,"Owner":"SMUD","COUNTY":"Sacramento County","Status":"Operational"},"geometry":{"type":"Point","coordinates":[-121.426217990001,38.6223560136221]}},{"type":"Feature","properties":{"Name":"Kathywood Bamboo","Max_Voltag":60,"Owner":"SMUD","COUNTY":"Sacramento County","Status":"Operational"},"geometry":{"type":"Point","coordinates":[-121.259934987195,38.6526299908324]}},{"type":"Feature","properties":{"Name":"Keifer-Jackson","Max_Voltag":60,"Owner":"SMUD","COUNTY":"Sacramento County","Status":"Operational"},"geometry":{"type":"Point","coordinates":[-121.156882979696,38.4962229962181]}},{"type":"Feature","properties":{"Name":"Kenneth-Garfield","Max_Voltag":0,"Owner":"SMUD","COUNTY":"Sacramento County","Status":"Operational"},"geometry":{"type":"Point","coordinates":[-121.336146986904,38.6134199922255]}},{"type":"Feature","properties":{"Name":"Keyes-Fibre","Max_Voltag":60,"Owner":"SMUD","COUNTY":"Sacramento County","Status":"Operational"},"geometry":{"type":"Point","coordinates":[-121.391524831845,38.4807798503737]}},{"type":"Feature","properties":{"Name":"Lake Forest-Bennington","Max_Voltag":60,"Owner":"SMUD","COUNTY":"Sacramento County","Status":"Operational"},"geometry":{"type":"Point","coordinates":[-121.391102982089,38.5539170209142]}},{"type":"Feature","properties":{"Name":"Lake","Max_Voltag":230,"Owner":"SMUD","COUNTY":"Sacramento County","Status":"Operational"},"geometry":{"type":"Point","coordinates":[-121.132417076371,38.6571277212308]}},{"type":"Feature","properties":{"Name":"Lambert","Max_Voltag":60,"Owner":"SMUD","COUNTY":"Sacramento County","Status":"Operational"},"geometry":{"type":"Point","coordinates":[-121.445281968689,38.3237202159051]}},{"type":"Feature","properties":{"Name":"Leidesdorff-Coloma","Max_Voltag":60,"Owner":"SMUD","COUNTY":"Sacramento County","Status":"Operational"},"geometry":{"type":"Point","coordinates":[-121.171454560903,38.6823982973578]}},{"type":"Feature","properties":{"Name":"Lodi Iron Works","Max_Voltag":60,"Owner":"SMUD","COUNTY":"Sacramento County","Status":"Operational"},"geometry":{"type":"Point","coordinates":[-121.309889046097,38.2658960455663]}},{"type":"Feature","properties":{"Name":"Lone Pine Jackson","Max_Voltag":60,"Owner":"SMUD","COUNTY":"Sacramento County","Status":"Operational"},"geometry":{"type":"Point","coordinates":[-121.101957016988,38.4947419955304]}},{"type":"Feature","properties":{"Name":"Los Robles-Marysville","Max_Voltag":60,"Owner":"SMUD","COUNTY":"Sacramento County","Status":"Operational"},"geometry":{"type":"Point","coordinates":[-121.431999482491,38.6307371980673]}},{"type":"Feature","properties":{"Name":"Mack-Tangerine","Max_Voltag":0,"Owner":"SMUD","COUNTY":"Sacramento County","Status":"Operational"},"geometry":{"type":"Point","coordinates":[-121.442723047534,38.4754401556448]}},{"type":"Feature","properties":{"Name":"Madison-Kenneth","Max_Voltag":60,"Owner":"SMUD","COUNTY":"Sacramento County","Status":"Operational"},"geometry":{"type":"Point","coordinates":[-121.241577983534,38.6639339998355]}},{"type":"Feature","properties":{"Name":"Manlove-Folsom","Max_Voltag":60,"Owner":"SMUD","COUNTY":"Sacramento County","Status":"Operational"},"geometry":{"type":"Point","coordinates":[-121.373850721175,38.5543467248443]}},{"type":"Feature","properties":{"Name":"Mayhew-Jackson","Max_Voltag":60,"Owner":"SMUD","COUNTY":"Sacramento County","Status":"Operational"},"geometry":{"type":"Point","coordinates":[-121.344629711657,38.5350188580124]}},{"type":"Feature","properties":{"Name":"Mcclellan-Adc","Max_Voltag":60,"Owner":"SMUD","COUNTY":"Sacramento County","Status":"Operational"},"geometry":{"type":"Point","coordinates":[-121.392371735647,38.678445741644]}},{"type":"Feature","properties":{"Name":"Mcclellan-Haggin","Max_Voltag":60,"Owner":"SMUD","COUNTY":"Sacramento County","Status":"Operational"},"geometry":{"type":"Point","coordinates":[-121.384760974998,38.6582749878218]}},{"type":"Feature","properties":{"Name":"Meadowview-Freeport","Max_Voltag":60,"Owner":"SMUD","COUNTY":"Sacramento County","Status":"Operational"},"geometry":{"type":"Point","coordinates":[-121.505965524209,38.481672053498]}},{"type":"Feature","properties":{"Name":"Meadowview-Mack","Max_Voltag":0,"Owner":"SMUD","COUNTY":"Sacramento County","Status":"Operational"},"geometry":{"type":"Point","coordinates":[-121.466524018784,38.4829929826312]}},{"type":"Feature","properties":{"Name":"Mid City","Max_Voltag":115,"Owner":"SMUD","COUNTY":"Sacramento County","Status":"Operational"},"geometry":{"type":"Point","coordinates":[-121.464550938433,38.5633925752059]}},{"type":"Feature","properties":{"Name":"Morgan Hills-Sonoma Hills","Max_Voltag":60,"Owner":"SMUD","COUNTY":"Sacramento County","Status":"Operational"},"geometry":{"type":"Point","coordinates":[-121.383925008184,38.4604530018676]}},{"type":"Feature","properties":{"Name":"Myrtle-Date","Max_Voltag":60,"Owner":"SMUD","COUNTY":"Sacramento County","Status":"Operational"},"geometry":{"type":"Point","coordinates":[-121.357272142825,38.6545412613506]}},{"type":"Feature","properties":{"Name":"North City","Max_Voltag":230,"Owner":"SMUD","COUNTY":"Sacramento County","Status":"Operational"},"geometry":{"type":"Point","coordinates":[-121.474275507709,38.5881250203986]}},{"type":"Feature","properties":{"Name":"Natomas","Max_Voltag":230,"Owner":"SMUD","COUNTY":"Sacramento County","Status":"Operational"},"geometry":{"type":"Point","coordinates":[-121.486313900002,38.6503857201745]}},{"type":"Feature","properties":{"Name":"Northrup","Max_Voltag":60,"Owner":"SMUD","COUNTY":"Sacramento County","Status":"Operational"},"geometry":{"type":"Point","coordinates":[-121.402206003592,38.5811810169685]}},{"type":"Feature","properties":{"Name":"Omni-Hackberry","Max_Voltag":60,"Owner":"SMUD","COUNTY":"Sacramento County","Status":"Operational"},"geometry":{"type":"Point","coordinates":[-121.336146609612,38.6560064725749]}},{"type":"Feature","properties":{"Name":"Orange Grove-Watt","Max_Voltag":60,"Owner":"SMUD","COUNTY":"Sacramento County","Status":"Operational"},"geometry":{"type":"Point","coordinates":[-121.385327984419,38.6459530014167]}},{"type":"Feature","properties":{"Name":"Orangevale","Max_Voltag":230,"Owner":"SMUD","COUNTY":"Sacramento County","Status":"Operational"},"geometry":{"type":"Point","coordinates":[-121.266373000834,38.6849849992414]}},{"type":"Feature","properties":{"Name":"Palm-Hackberry","Max_Voltag":60,"Owner":"SMUD","COUNTY":"Sacramento County","Status":"Operational"},"geometry":{"type":"Point","coordinates":[-121.332497344806,38.6683102149771]}},{"type":"Feature","properties":{"Name":"Parkoaks-Hilltop","Max_Voltag":60,"Owner":"SMUD","COUNTY":"Sacramento County","Status":"Operational"},"geometry":{"type":"Point","coordinates":[-121.315492980282,38.6708833041901]}},{"type":"Feature","properties":{"Name":"Parkway","Max_Voltag":60,"Owner":"SMUD","COUNTY":"Sacramento County","Status":"Operational"},"geometry":{"type":"Point","coordinates":[-121.452603112491,38.493823279717]}},{"type":"Feature","properties":{"Name":"PG&E Gas Holder","Max_Voltag":60,"Owner":"SMUD","COUNTY":"Sacramento County","Status":"Operational"},"geometry":{"type":"Point","coordinates":[-121.465940598042,38.6164767066382]}},{"type":"Feature","properties":{"Name":"Pinedale-Rio Linda","Max_Voltag":60,"Owner":"SMUD","COUNTY":"Sacramento County","Status":"Operational"},"geometry":{"type":"Point","coordinates":[-121.450324005766,38.6600040190005]}},{"type":"Feature","properties":{"Name":"Pocket","Max_Voltag":230,"Owner":"SMUD","COUNTY":"Sacramento County","Status":"Operational"},"geometry":{"type":"Point","coordinates":[-121.470035721876,38.4896439902718]}},{"type":"Feature","properties":{"Name":"Poplar-Antelope","Max_Voltag":0,"Owner":"SMUD","COUNTY":"Sacramento County","Status":"Operational"},"geometry":{"type":"Point","coordinates":[-121.299409451807,38.7054985900805]}},{"type":"Feature","properties":{"Name":"Power Inn-Elder Creek","Max_Voltag":0,"Owner":"SMUD","COUNTY":"Sacramento County","Status":"Operational"},"geometry":{"type":"Point","coordinates":[-121.409706139409,38.5088649631235]}},{"type":"Feature","properties":{"Name":"Power Inn-Elsie","Max_Voltag":60,"Owner":"SMUD","COUNTY":"Sacramento County","Status":"Operational"},"geometry":{"type":"Point","coordinates":[-121.409074065911,38.4755260366345]}},{"type":"Feature","properties":{"Name":"Powerline-Elkhorn","Max_Voltag":60,"Owner":"SMUD","COUNTY":"Sacramento County","Status":"Operational"},"geometry":{"type":"Point","coordinates":[-121.57745226515,38.689594526213]}},{"type":"Feature","properties":{"Name":"Prairie","Max_Voltag":60,"Owner":"SMUD","COUNTY":"Sacramento County","Status":"Operational"},"geometry":{"type":"Point","coordinates":[-121.207876000411,38.6264260182109]}},{"type":"Feature","properties":{"Name":"Prairie City-Blue Ravine","Max_Voltag":60,"Owner":"SMUD","COUNTY":"Sacramento County","Status":"Operational"},"geometry":{"type":"Point","coordinates":[-121.168275017972,38.655512988332]}},{"type":"Feature","properties":{"Name":"Procter & Gamble","Max_Voltag":60,"Owner":"SMUD","COUNTY":"Sacramento County","Status":"Operational"},"geometry":{"type":"Point","coordinates":[-121.401403492735,38.5291092717436]}},{"type":"Feature","properties":{"Name":"Q & Watt","Max_Voltag":60,"Owner":"SMUD","COUNTY":"Sacramento County","Status":"Operational"},"geometry":{"type":"Point","coordinates":[-121.384056981479,38.6971579921886]}},{"type":"Feature","properties":{"Name":"Reese-Florin","Max_Voltag":60,"Owner":"SMUD","COUNTY":"Sacramento County","Status":"Operational"},"geometry":{"type":"Point","coordinates":[-121.397308739905,38.4951294219028]}},{"type":"Feature","properties":{"Name":"Requa Fawn","Max_Voltag":60,"Owner":"SMUD","COUNTY":"Sacramento County","Status":"Operational"},"geometry":{"type":"Point","coordinates":[-121.430971120799,38.4940338749993]}},{"type":"Feature","properties":{"Name":"Rio Linda","Max_Voltag":60,"Owner":"SMUD","COUNTY":"Sacramento County","Status":"Operational"},"geometry":{"type":"Point","coordinates":[-121.456470183719,38.6903660167037]}},{"type":"Feature","properties":{"Name":"Robertson-Fairoaks","Max_Voltag":0,"Owner":"SMUD","COUNTY":"Sacramento County","Status":"Operational"},"geometry":{"type":"Point","coordinates":[-121.329314017273,38.6210530192405]}},{"type":"Feature","properties":{"Name":"Routier","Max_Voltag":60,"Owner":"SMUD","COUNTY":"Sacramento County","Status":"Operational"},"geometry":{"type":"Point","coordinates":[-121.327272982964,38.5774189891622]}},{"type":"Feature","properties":{"Name":"Royal-Yorkshire","Max_Voltag":60,"Owner":"SMUD","COUNTY":"Sacramento County","Status":"Operational"},"geometry":{"type":"Point","coordinates":[-121.427435985152,38.6057729870462]}},{"type":"Feature","properties":{"Name":"S. Land Park & 35Th Ave.","Max_Voltag":60,"Owner":"SMUD","COUNTY":"Sacramento County","Status":"Operational"},"geometry":{"type":"Point","coordinates":[-121.513606171808,38.521066255318]}},{"type":"Feature","properties":{"Name":"S. Lexington-Duxbury","Max_Voltag":0,"Owner":"SMUD","COUNTY":"Sacramento County","Status":"Operational"},"geometry":{"type":"Point","coordinates":[-121.132136758883,38.6657946630772]}},{"type":"Feature","properties":{"Name":"Carson Ice","Max_Voltag":60,"Owner":"SMUD","COUNTY":"Sacramento County","Status":"Operational"},"geometry":{"type":"Point","coordinates":[-121.460366109732,38.4485088928051]}},{"type":"Feature","properties":{"Name":"Safeway Stores","Max_Voltag":60,"Owner":"SMUD","COUNTY":"Sacramento County","Status":"Operational"},"geometry":{"type":"Point","coordinates":[-121.39875502302,38.5300032108165]}},{"type":"Feature","properties":{"Name":"San Simeon-Stefano","Max_Voltag":60,"Owner":"SMUD","COUNTY":"Sacramento County","Status":"Operational"},"geometry":{"type":"Point","coordinates":[-121.281140021311,38.682030520718]}},{"type":"Feature","properties":{"Name":"Seasons-Bruceville","Max_Voltag":60,"Owner":"SMUD","COUNTY":"Sacramento County","Status":"Operational"},"geometry":{"type":"Point","coordinates":[-121.418342997098,38.4191710090881]}},{"type":"Feature","properties":{"Name":"Shiloh-Shenandoah","Max_Voltag":60,"Owner":"SMUD","COUNTY":"Sacramento County","Status":"Operational"},"geometry":{"type":"Point","coordinates":[-121.336969465514,38.6796351602925]}},{"type":"Feature","properties":{"Name":"South City","Max_Voltag":0,"Owner":"SMUD","COUNTY":"Sacramento County","Status":"Operational"},"geometry":{"type":"Point","coordinates":[-121.475063985983,38.5110870125126]}},{"type":"Feature","properties":{"Name":"Station A","Max_Voltag":230,"Owner":"SMUD","COUNTY":"Sacramento County","Status":"Operational"},"geometry":{"type":"Point","coordinates":[-121.497203976765,38.5841020086068]}},{"type":"Feature","properties":{"Name":"Dixieland Prison","Max_Voltag":92,"Owner":"IID","COUNTY":"Imperial County","Status":"Operational"},"geometry":{"type":"Point","coordinates":[-115.788938888848,32.826702781671]}},{"type":"Feature","properties":{"Name":"Station B","Max_Voltag":230,"Owner":"SMUD","COUNTY":"Sacramento County","Status":"Operational"},"geometry":{"type":"Point","coordinates":[-121.483019979078,38.5718970195057]}},{"type":"Feature","properties":{"Name":"Station D","Max_Voltag":230,"Owner":"SMUD","COUNTY":"Sacramento County","Status":"Operational"},"geometry":{"type":"Point","coordinates":[-121.500509920741,38.5720102808165]}},{"type":"Feature","properties":{"Name":"Stockton Wyndham","Max_Voltag":60,"Owner":"SMUD","COUNTY":"Sacramento County","Status":"Operational"},"geometry":{"type":"Point","coordinates":[-121.41964960656,38.4701957338166]}},{"type":"Feature","properties":{"Name":"Stockton-Sheldon","Max_Voltag":60,"Owner":"SMUD","COUNTY":"Sacramento County","Status":"Operational"},"geometry":{"type":"Point","coordinates":[-121.404481918602,38.4403566001271]}},{"type":"Feature","properties":{"Name":"Sunco-Trade Center","Max_Voltag":0,"Owner":"SMUD","COUNTY":"Sacramento County","Status":"Operational"},"geometry":{"type":"Point","coordinates":[-121.26394398595,38.6019060210037]}},{"type":"Feature","properties":{"Name":"Sunrise Antelope","Max_Voltag":60,"Owner":"SMUD","COUNTY":"Sacramento County","Status":"Operational"},"geometry":{"type":"Point","coordinates":[-121.270772046289,38.7082342665618]}},{"type":"Feature","properties":{"Name":"Sunrise Center","Max_Voltag":60,"Owner":"SMUD","COUNTY":"Sacramento County","Status":"Operational"},"geometry":{"type":"Point","coordinates":[-121.249182640131,38.664605649233]}},{"type":"Feature","properties":{"Name":"Sutter-Marshall","Max_Voltag":0,"Owner":"SMUD","COUNTY":"Sacramento County","Status":"Operational"},"geometry":{"type":"Point","coordinates":[-121.259487210263,38.6353301236923]}},{"type":"Feature","properties":{"Name":"Sylvan-Antelope","Max_Voltag":60,"Owner":"SMUD","COUNTY":"Sacramento County","Status":"Operational"},"geometry":{"type":"Point","coordinates":[-121.290757384742,38.6927264816892]}},{"type":"Feature","properties":{"Name":"Teichert Aggregates","Max_Voltag":60,"Owner":"SMUD","COUNTY":"Sacramento County","Status":"Operational"},"geometry":{"type":"Point","coordinates":[-121.381145208369,38.5467956284281]}},{"type":"Feature","properties":{"Name":"Teledyne","Max_Voltag":0,"Owner":"SMUD","COUNTY":"Sacramento County","Status":"Operational"},"geometry":{"type":"Point","coordinates":[-121.243034546072,38.5968151721002]}},{"type":"Feature","properties":{"Name":"Tenaya-Northgate","Max_Voltag":60,"Owner":"SMUD","COUNTY":"Sacramento County","Status":"Operational"},"geometry":{"type":"Point","coordinates":[-121.474565989634,38.623209004514]}},{"type":"Feature","properties":{"Name":"Truxel","Max_Voltag":60,"Owner":"SMUD","COUNTY":"Sacramento County","Status":"Operational"},"geometry":{"type":"Point","coordinates":[-121.498279162244,38.6201200677892]}},{"type":"Feature","properties":{"Name":"Twin Cities","Max_Voltag":60,"Owner":"SMUD","COUNTY":"Sacramento County","Status":"Operational"},"geometry":{"type":"Point","coordinates":[-121.314556830654,38.2912435242368]}},{"type":"Feature","properties":{"Name":"Twin Cities-Snodgrass","Max_Voltag":60,"Owner":"SMUD","COUNTY":"Sacramento County","Status":"Operational"},"geometry":{"type":"Point","coordinates":[-121.515868351577,38.2772000880835]}},{"type":"Feature","properties":{"Name":"Twin Lakes-Main","Max_Voltag":0,"Owner":"SMUD","COUNTY":"Sacramento County","Status":"Operational"},"geometry":{"type":"Point","coordinates":[-121.203087132835,38.6682414716843]}},{"type":"Feature","properties":{"Name":"W. El Camino-15","Max_Voltag":0,"Owner":"SMUD","COUNTY":"Sacramento County","Status":"Operational"},"geometry":{"type":"Point","coordinates":[-121.520651528325,38.61363946067]}},{"type":"Feature","properties":{"Name":"Wachtel-Oak","Max_Voltag":60,"Owner":"SMUD","COUNTY":"Sacramento County","Status":"Operational"},"geometry":{"type":"Point","coordinates":[-121.24415462845,38.7082957547352]}},{"type":"Feature","properties":{"Name":"Walerga-Antelope","Max_Voltag":60,"Owner":"SMUD","COUNTY":"Sacramento County","Status":"Operational"},"geometry":{"type":"Point","coordinates":[-121.362799991503,38.7058870059383]}},{"type":"Feature","properties":{"Name":"Walerga-Galbrath","Max_Voltag":60,"Owner":"SMUD","COUNTY":"Sacramento County","Status":"Operational"},"geometry":{"type":"Point","coordinates":[-121.364112998766,38.6971929939175]}},{"type":"Feature","properties":{"Name":"Walnut-Engle","Max_Voltag":0,"Owner":"SMUD","COUNTY":"Sacramento County","Status":"Operational"},"geometry":{"type":"Point","coordinates":[-121.34534586567,38.6308711137925]}},{"type":"Feature","properties":{"Name":"Waterman-Grantline","Max_Voltag":60,"Owner":"SMUD","COUNTY":"Sacramento County","Status":"Operational"},"geometry":{"type":"Point","coordinates":[-121.353165467554,38.3901515244299]}},{"type":"Feature","properties":{"Name":"White Rock-Folsom","Max_Voltag":60,"Owner":"SMUD","COUNTY":"Sacramento County","Status":"Operational"},"geometry":{"type":"Point","coordinates":[-121.307721981746,38.5861139931291]}},{"type":"Feature","properties":{"Name":"White Rock-Sunrise","Max_Voltag":60,"Owner":"SMUD","COUNTY":"Sacramento County","Status":"Operational"},"geometry":{"type":"Point","coordinates":[-121.267875976627,38.5892240023933]}},{"type":"Feature","properties":{"Name":"Winding Way-New York","Max_Voltag":60,"Owner":"SMUD","COUNTY":"Sacramento County","Status":"Operational"},"geometry":{"type":"Point","coordinates":[-121.276140011016,38.6451879739451]}},{"type":"Feature","properties":{"Name":"Wire-48Th","Max_Voltag":230,"Owner":"SMUD","COUNTY":"Sacramento County","Status":"Operational"},"geometry":{"type":"Point","coordinates":[-121.437656824216,38.5083948077447]}},{"type":"Feature","properties":{"Name":"Granite Rock","Max_Voltag":60,"Owner":"Other","COUNTY":"San Benito County","Status":"Operational"},"geometry":{"type":"Point","coordinates":[-121.627702738451,36.9063030244608]}},{"type":"Feature","properties":{"Name":"Hollister","Max_Voltag":115,"Owner":"PG&E","COUNTY":"San Benito County","Status":"Operational"},"geometry":{"type":"Point","coordinates":[-121.406010888945,36.8628460932483]}},{"type":"Feature","properties":{"Name":"San Justo","Max_Voltag":0,"Owner":"PG&E","COUNTY":"San Benito County","Status":"Operational"},"geometry":{"type":"Point","coordinates":[-121.511986908202,36.8568667354424]}},{"type":"Feature","properties":{"Name":"Sargent","Max_Voltag":115,"Owner":"Other","COUNTY":"San Benito County","Status":"Operational"},"geometry":{"type":"Point","coordinates":[-121.555254694155,36.8868481824539]}},{"type":"Feature","properties":{"Name":"Victorville","Max_Voltag":500,"Owner":"LADWP","COUNTY":"San Bernardino County","Status":"Operational"},"geometry":{"type":"Point","coordinates":[-117.322080585632,34.563682136973]}},{"type":"Feature","properties":{"Name":"Needles","Max_Voltag":0,"Owner":"Other","COUNTY":"San Bernardino County","Status":"Operational"},"geometry":{"type":"Point","coordinates":[-114.618467988635,34.8435169926094]}},{"type":"Feature","properties":{"Name":"Camino","Max_Voltag":230,"Owner":"Other","COUNTY":"San Bernardino County","Status":"Operational"},"geometry":{"type":"Point","coordinates":[-114.966270472496,34.8448541916117]}},{"type":"Feature","properties":{"Name":"Gene","Max_Voltag":230,"Owner":"Other","COUNTY":"San Bernardino County","Status":"Operational"},"geometry":{"type":"Point","coordinates":[-114.171286147924,34.2911618999358]}},{"type":"Feature","properties":{"Name":"Unimed","Max_Voltag":66,"Owner":"SCE","COUNTY":"San Bernardino County","Status":"Operational"},"geometry":{"type":"Point","coordinates":[-117.262668643906,34.0510015222222]}},{"type":"Feature","properties":{"Name":"Alder","Max_Voltag":66,"Owner":"SCE","COUNTY":"San Bernardino County","Status":"Operational"},"geometry":{"type":"Point","coordinates":[-117.409233405241,34.1354612184093]}},{"type":"Feature","properties":{"Name":"Ameron","Max_Voltag":66,"Owner":"SCE","COUNTY":"San Bernardino County","Status":"Operational"},"geometry":{"type":"Point","coordinates":[-117.533355744478,34.0929967925331]}},{"type":"Feature","properties":{"Name":"Apple Valley","Max_Voltag":115,"Owner":"SCE","COUNTY":"San Bernardino County","Status":"Operational"},"geometry":{"type":"Point","coordinates":[-117.224352644887,34.4490856673446]}},{"type":"Feature","properties":{"Name":"Aqueduct","Max_Voltag":115,"Owner":"SCE","COUNTY":"San Bernardino County","Status":"Operational"},"geometry":{"type":"Point","coordinates":[-117.355783312561,34.4153639194708]}},{"type":"Feature","properties":{"Name":"Archibald","Max_Voltag":66,"Owner":"SCE","COUNTY":"San Bernardino County","Status":"Operational"},"geometry":{"type":"Point","coordinates":[-117.592677992118,33.9977583374934]}},{"type":"Feature","properties":{"Name":"Archline","Max_Voltag":66,"Owner":"SCE","COUNTY":"San Bernardino County","Status":"Operational"},"geometry":{"type":"Point","coordinates":[-117.584122167858,34.1210055657906]}},{"type":"Feature","properties":{"Name":"Arro","Max_Voltag":66,"Owner":"SCE","COUNTY":"San Bernardino County","Status":"Operational"},"geometry":{"type":"Point","coordinates":[-117.290128110153,34.1422541156977]}},{"type":"Feature","properties":{"Name":"Arrowhead","Max_Voltag":115,"Owner":"SCE","COUNTY":"San Bernardino County","Status":"Operational"},"geometry":{"type":"Point","coordinates":[-117.216266001717,34.2834640101311]}},{"type":"Feature","properties":{"Name":"Baker","Max_Voltag":0,"Owner":"SCE","COUNTY":"San Bernardino County","Status":"Operational"},"geometry":{"type":"Point","coordinates":[-116.074422632741,35.2789164740259]}},{"type":"Feature","properties":{"Name":"Bloomington","Max_Voltag":66,"Owner":"SCE","COUNTY":"San Bernardino County","Status":"Operational"},"geometry":{"type":"Point","coordinates":[-117.400217012937,34.0492269972243]}},{"type":"Feature","properties":{"Name":"Brockway Glass","Max_Voltag":0,"Owner":"SCE","COUNTY":"Los Angeles County","Status":"Operational"},"geometry":{"type":"Point","coordinates":[-117.731219976007,34.0355800730639]}},{"type":"Feature","properties":{"Name":"Calectric","Max_Voltag":115,"Owner":"SCE","COUNTY":"San Bernardino County","Status":"Operational"},"geometry":{"type":"Point","coordinates":[-117.317167605919,34.0930347562912]}},{"type":"Feature","properties":{"Name":"Capsule","Max_Voltag":66,"Owner":"SCE","COUNTY":"San Bernardino County","Status":"Operational"},"geometry":{"type":"Point","coordinates":[-117.261046456285,34.0895916474954]}},{"type":"Feature","properties":{"Name":"Cardiff","Max_Voltag":66,"Owner":"SCE","COUNTY":"San Bernardino County","Status":"Operational"},"geometry":{"type":"Point","coordinates":[-117.277863014523,34.1023049959558]}},{"type":"Feature","properties":{"Name":"Carodean","Max_Voltag":115,"Owner":"SCE","COUNTY":"San Bernardino County","Status":"Operational"},"geometry":{"type":"Point","coordinates":[-116.123894132842,34.1490806957956]}},{"type":"Feature","properties":{"Name":"Chino","Max_Voltag":0,"Owner":"SCE","COUNTY":"San Bernardino County","Status":"Operational"},"geometry":{"type":"Point","coordinates":[-117.678543362431,33.9983590442684]}},{"type":"Feature","properties":{"Name":"Cima","Max_Voltag":0,"Owner":"SCE","COUNTY":"San Bernardino County","Status":"Operational"},"geometry":{"type":"Point","coordinates":[-115.515712842059,35.252217220659]}},{"type":"Feature","properties":{"Name":"Cimgen","Max_Voltag":66,"Owner":"SCE","COUNTY":"San Bernardino County","Status":"Operational"},"geometry":{"type":"Point","coordinates":[-117.688623945732,33.9897196483787]}},{"type":"Feature","properties":{"Name":"Colton (Century)","Max_Voltag":0,"Owner":"SCE","COUNTY":"San Bernardino County","Status":"Operational"},"geometry":{"type":"Point","coordinates":[-117.314493147045,34.0589784265792]}},{"type":"Feature","properties":{"Name":"Colton Cement","Max_Voltag":66,"Owner":"SCE","COUNTY":"San Bernardino County","Status":"Operational"},"geometry":{"type":"Point","coordinates":[-117.341276100135,34.0544853567547]}},{"type":"Feature","properties":{"Name":"Cottonwood","Max_Voltag":115,"Owner":"SCE","COUNTY":"San Bernardino County","Status":"Operational"},"geometry":{"type":"Point","coordinates":[-116.861264174827,34.3725536521695]}},{"type":"Feature","properties":{"Name":"Cucamonga","Max_Voltag":66,"Owner":"SCE","COUNTY":"San Bernardino County","Status":"Operational"},"geometry":{"type":"Point","coordinates":[-117.59275545115,34.084261376245]}},{"type":"Feature","properties":{"Name":"Declez","Max_Voltag":66,"Owner":"SCE","COUNTY":"San Bernardino County","Status":"Operational"},"geometry":{"type":"Point","coordinates":[-117.48807816852,34.0778945168317]}},{"type":"Feature","properties":{"Name":"Del Rosa","Max_Voltag":66,"Owner":"SCE","COUNTY":"San Bernardino County","Status":"Operational"},"geometry":{"type":"Point","coordinates":[-117.251706984889,34.1499320037887]}},{"type":"Feature","properties":{"Name":"Devil Canyon","Max_Voltag":115,"Owner":"SCE","COUNTY":"San Bernardino County","Status":"Operational"},"geometry":{"type":"Point","coordinates":[-117.335119359792,34.2060278422685]}},{"type":"Feature","properties":{"Name":"Dunn Siding","Max_Voltag":0,"Owner":"SCE","COUNTY":"San Bernardino County","Status":"Operational"},"geometry":{"type":"Point","coordinates":[-116.440047856231,35.0494524861103]}},{"type":"Feature","properties":{"Name":"Firehouse","Max_Voltag":66,"Owner":"SCE","COUNTY":"San Bernardino County","Status":"Operational"},"geometry":{"type":"Point","coordinates":[-117.623414003176,34.0418130153848]}},{"type":"Feature","properties":{"Name":"Francis","Max_Voltag":66,"Owner":"SCE","COUNTY":"San Bernardino County","Status":"Operational"},"geometry":{"type":"Point","coordinates":[-117.723021188953,34.0420582441154]}},{"type":"Feature","properties":{"Name":"Furnace","Max_Voltag":66,"Owner":"SCE","COUNTY":"San Bernardino County","Status":"Operational"},"geometry":{"type":"Point","coordinates":[-117.4926085315,34.0837813394686]}},{"type":"Feature","properties":{"Name":"Gale","Max_Voltag":115,"Owner":"SCE","COUNTY":"San Bernardino County","Status":"Operational"},"geometry":{"type":"Point","coordinates":[-116.866424999728,34.8590138942313]}},{"type":"Feature","properties":{"Name":"Galvanizing","Max_Voltag":66,"Owner":"SCE","COUNTY":"San Bernardino County","Status":"Operational"},"geometry":{"type":"Point","coordinates":[-117.493451001218,34.0799549998877]}},{"type":"Feature","properties":{"Name":"Genamic","Max_Voltag":66,"Owner":"SCE","COUNTY":"San Bernardino County","Status":"Operational"},"geometry":{"type":"Point","coordinates":[-117.566609002049,34.0913590052749]}},{"type":"Feature","properties":{"Name":"Havasu","Max_Voltag":66,"Owner":"SCE","COUNTY":"San Bernardino County","Status":"Operational"},"geometry":{"type":"Point","coordinates":[-114.261299122548,34.3546159948415]}},{"type":"Feature","properties":{"Name":"Hesperia","Max_Voltag":115,"Owner":"SCE","COUNTY":"San Bernardino County","Status":"Operational"},"geometry":{"type":"Point","coordinates":[-117.289822223018,34.4127888928743]}},{"type":"Feature","properties":{"Name":"Hi Desert","Max_Voltag":115,"Owner":"SCE","COUNTY":"San Bernardino County","Status":"Operational"},"geometry":{"type":"Point","coordinates":[-116.180678567939,34.1364428157416]}},{"type":"Feature","properties":{"Name":"Highland","Max_Voltag":66,"Owner":"SCE","COUNTY":"San Bernardino County","Status":"Operational"},"geometry":{"type":"Point","coordinates":[-117.186796995197,34.1079110049716]}},{"type":"Feature","properties":{"Name":"Homart","Max_Voltag":115,"Owner":"SCE","COUNTY":"San Bernardino County","Status":"Operational"},"geometry":{"type":"Point","coordinates":[-117.291716020758,34.074559988052]}},{"type":"Feature","properties":{"Name":"Hygen","Max_Voltag":66,"Owner":"SCE","COUNTY":"San Bernardino County","Status":"Operational"},"geometry":{"type":"Point","coordinates":[-117.529049378211,34.062975193705]}},{"type":"Feature","properties":{"Name":"Inland","Max_Voltag":66,"Owner":"SCE","COUNTY":"San Bernardino County","Status":"Operational"},"geometry":{"type":"Point","coordinates":[-117.541339292496,34.0438989684972]}},{"type":"Feature","properties":{"Name":"Kramer","Max_Voltag":0,"Owner":"SCE","COUNTY":"San Bernardino County","Status":"Operational"},"geometry":{"type":"Point","coordinates":[-117.542396017595,34.9894799796225]}},{"type":"Feature","properties":{"Name":"Landing","Max_Voltag":66,"Owner":"SCE","COUNTY":"San Bernardino County","Status":"Operational"},"geometry":{"type":"Point","coordinates":[-114.416959873209,34.4787145112841]}},{"type":"Feature","properties":{"Name":"Linde","Max_Voltag":66,"Owner":"SCE","COUNTY":"San Bernardino County","Status":"Operational"},"geometry":{"type":"Point","coordinates":[-117.521565796549,34.0666680159429]}},{"type":"Feature","properties":{"Name":"Lugo","Max_Voltag":500,"Owner":"SCE","COUNTY":"San Bernardino County","Status":"Operational"},"geometry":{"type":"Point","coordinates":[-117.368630496731,34.3666283896683]}},{"type":"Feature","properties":{"Name":"Mcgen","Max_Voltag":115,"Owner":"SCE","COUNTY":"San Bernardino County","Status":"Operational"},"geometry":{"type":"Point","coordinates":[-117.386413160718,35.7651845914859]}},{"type":"Feature","properties":{"Name":"Mentone","Max_Voltag":115,"Owner":"SCE","COUNTY":"San Bernardino County","Status":"Operational"},"geometry":{"type":"Point","coordinates":[-117.120769247965,34.0633108998989]}},{"type":"Feature","properties":{"Name":"Mira Loma","Max_Voltag":0,"Owner":"SCE","COUNTY":"San Bernardino County","Status":"Operational"},"geometry":{"type":"Point","coordinates":[-117.564363587538,34.0081798877643]}},{"type":"Feature","properties":{"Name":"Mt. Pass","Max_Voltag":0,"Owner":"SCE","COUNTY":"San Bernardino County","Status":"Operational"},"geometry":{"type":"Point","coordinates":[-115.552212971291,35.5015613824602]}},{"type":"Feature","properties":{"Name":"Narod","Max_Voltag":66,"Owner":"SCE","COUNTY":"San Bernardino County","Status":"Operational"},"geometry":{"type":"Point","coordinates":[-117.674986110263,34.0468862283364]}},{"type":"Feature","properties":{"Name":"Orange Products","Max_Voltag":66,"Owner":"SCE","COUNTY":"San Bernardino County","Status":"Operational"},"geometry":{"type":"Point","coordinates":[-117.643596709583,34.0562640138776]}},{"type":"Feature","properties":{"Name":"Padua","Max_Voltag":0,"Owner":"SCE","COUNTY":"San Bernardino County","Status":"Operational"},"geometry":{"type":"Point","coordinates":[-117.639475754692,34.1201565290995]}},{"type":"Feature","properties":{"Name":"Pepper","Max_Voltag":115,"Owner":"SCE","COUNTY":"San Bernardino County","Status":"Operational"},"geometry":{"type":"Point","coordinates":[-117.353511097711,34.1019222787707]}},{"type":"Feature","properties":{"Name":"Permanente","Max_Voltag":115,"Owner":"SCE","COUNTY":"San Bernardino County","Status":"Operational"},"geometry":{"type":"Point","coordinates":[-116.854300321557,34.3545590440705]}},{"type":"Feature","properties":{"Name":"Peyton","Max_Voltag":66,"Owner":"SCE","COUNTY":"San Bernardino County","Status":"Operational"},"geometry":{"type":"Point","coordinates":[-117.733344992016,33.99624600305]}},{"type":"Feature","properties":{"Name":"Phelan","Max_Voltag":115,"Owner":"SCE","COUNTY":"San Bernardino County","Status":"Operational"},"geometry":{"type":"Point","coordinates":[-117.555725015863,34.4241111076286]}},{"type":"Feature","properties":{"Name":"Pipe","Max_Voltag":66,"Owner":"SCE","COUNTY":"San Bernardino County","Status":"Operational"},"geometry":{"type":"Point","coordinates":[-117.531324194582,34.0929331352057]}},{"type":"Feature","properties":{"Name":"Pisgah","Max_Voltag":0,"Owner":"SCE","COUNTY":"San Bernardino County","Status":"Operational"},"geometry":{"type":"Point","coordinates":[-116.384732097453,34.7815815866105]}},{"type":"Feature","properties":{"Name":"Randall","Max_Voltag":66,"Owner":"SCE","COUNTY":"San Bernardino County","Status":"Operational"},"geometry":{"type":"Point","coordinates":[-117.454119981386,34.1137150090262]}},{"type":"Feature","properties":{"Name":"Redlands","Max_Voltag":115,"Owner":"SCE","COUNTY":"San Bernardino County","Status":"Operational"},"geometry":{"type":"Point","coordinates":[-117.176628553067,34.0603790453071]}},{"type":"Feature","properties":{"Name":"Reduction","Max_Voltag":66,"Owner":"SCE","COUNTY":"San Bernardino County","Status":"Operational"},"geometry":{"type":"Point","coordinates":[-117.530512087022,34.1009276917233]}},{"type":"Feature","properties":{"Name":"Roadway","Max_Voltag":115,"Owner":"SCE","COUNTY":"San Bernardino County","Status":"Operational"},"geometry":{"type":"Point","coordinates":[-117.413161111852,34.576138888126]}},{"type":"Feature","properties":{"Name":"Rolling","Max_Voltag":66,"Owner":"SCE","COUNTY":"San Bernardino County","Status":"Operational"},"geometry":{"type":"Point","coordinates":[-117.506054014311,34.0828999963169]}},{"type":"Feature","properties":{"Name":"San Antonio","Max_Voltag":66,"Owner":"SCE","COUNTY":"San Bernardino County","Status":"Operational"},"geometry":{"type":"Point","coordinates":[-117.697582553007,34.0929735167356]}},{"type":"Feature","properties":{"Name":"Savage","Max_Voltag":115,"Owner":"SCE","COUNTY":"San Bernardino County","Status":"Operational"},"geometry":{"type":"Point","coordinates":[-117.294323832722,34.47410279362]}},{"type":"Feature","properties":{"Name":"Searles","Max_Voltag":115,"Owner":"SCE","COUNTY":"San Bernardino County","Status":"Operational"},"geometry":{"type":"Point","coordinates":[-117.398748558502,35.7001235430317]}},{"type":"Feature","properties":{"Name":"Shandin","Max_Voltag":115,"Owner":"SCE","COUNTY":"San Bernardino County","Status":"Operational"},"geometry":{"type":"Point","coordinates":[-117.330244437205,34.1699805587936]}},{"type":"Feature","properties":{"Name":"Soquel","Max_Voltag":0,"Owner":"SCE","COUNTY":"San Bernardino County","Status":"Operational"},"geometry":{"type":"Point","coordinates":[-117.695397249263,33.9640333417779]}},{"type":"Feature","properties":{"Name":"Stoddard","Max_Voltag":0,"Owner":"SCE","COUNTY":"San Bernardino County","Status":"Operational"},"geometry":{"type":"Point","coordinates":[-117.292701382793,34.1004303893529]}},{"type":"Feature","properties":{"Name":"Strip","Max_Voltag":66,"Owner":"SCE","COUNTY":"San Bernardino County","Status":"Operational"},"geometry":{"type":"Point","coordinates":[-117.500747859065,34.0770076867189]}},{"type":"Feature","properties":{"Name":"Tennessee","Max_Voltag":115,"Owner":"SCE","COUNTY":"San Bernardino County","Status":"Operational"},"geometry":{"type":"Point","coordinates":[-117.111266678447,34.0271805604687]}},{"type":"Feature","properties":{"Name":"Tiefort","Max_Voltag":115,"Owner":"SCE","COUNTY":"San Bernardino County","Status":"Operational"},"geometry":{"type":"Point","coordinates":[-116.733177738226,35.2229055935574]}},{"type":"Feature","properties":{"Name":"Timoteo","Max_Voltag":115,"Owner":"SCE","COUNTY":"San Bernardino County","Status":"Operational"},"geometry":{"type":"Point","coordinates":[-117.244129930826,34.0621527020676]}},{"type":"Feature","properties":{"Name":"Tortilla","Max_Voltag":115,"Owner":"SCE","COUNTY":"San Bernardino County","Status":"Operational"},"geometry":{"type":"Point","coordinates":[-117.030980557514,34.8632333180992]}},{"type":"Feature","properties":{"Name":"Upland","Max_Voltag":66,"Owner":"SCE","COUNTY":"San Bernardino County","Status":"Operational"},"geometry":{"type":"Point","coordinates":[-117.650042992214,34.0936249993353]}},{"type":"Feature","properties":{"Name":"Victor","Max_Voltag":0,"Owner":"SCE","COUNTY":"San Bernardino County","Status":"Operational"},"geometry":{"type":"Point","coordinates":[-117.388386870789,34.5049403953798]}},{"type":"Feature","properties":{"Name":"Vista","Max_Voltag":0,"Owner":"SCE","COUNTY":"San Bernardino County","Status":"Operational"},"geometry":{"type":"Point","coordinates":[-117.31920598391,34.0413450046438]}},{"type":"Feature","properties":{"Name":"Whipple","Max_Voltag":230,"Owner":"SCE","COUNTY":"San Bernardino County","Status":"Operational"},"geometry":{"type":"Point","coordinates":[-114.172469493258,34.2937830059633]}},{"type":"Feature","properties":{"Name":"Wimbledon","Max_Voltag":66,"Owner":"SCE","COUNTY":"San Bernardino County","Status":"Operational"},"geometry":{"type":"Point","coordinates":[-117.524934378253,34.0485459507123]}},{"type":"Feature","properties":{"Name":"Yucca","Max_Voltag":115,"Owner":"SCE","COUNTY":"San Bernardino County","Status":"Operational"},"geometry":{"type":"Point","coordinates":[-116.423422041768,34.1108505432282]}},{"type":"Feature","properties":{"Name":"Zanja","Max_Voltag":115,"Owner":"SCE","COUNTY":"San Bernardino County","Status":"Operational"},"geometry":{"type":"Point","coordinates":[-117.047644981568,34.0743469695281]}},{"type":"Feature","properties":{"Name":"San Felipe","Max_Voltag":92,"Owner":"IID","COUNTY":"San Diego County","Status":"Operational"},"geometry":{"type":"Point","coordinates":[-116.115363896194,33.1004916738432]}},{"type":"Feature","properties":{"Name":"Alpine","Max_Voltag":69,"Owner":"SDG&E","COUNTY":"San Diego County","Status":"Operational"},"geometry":{"type":"Point","coordinates":[-116.789894265179,32.8277326452132]}},{"type":"Feature","properties":{"Name":"Ash","Max_Voltag":69,"Owner":"SDG&E","COUNTY":"San Diego County","Status":"Operational"},"geometry":{"type":"Point","coordinates":[-117.070336114828,33.1366861143173]}},{"type":"Feature","properties":{"Name":"Avocado","Max_Voltag":69,"Owner":"SDG&E","COUNTY":"San Diego County","Status":"Operational"},"geometry":{"type":"Point","coordinates":[-117.236891681763,33.3846527834367]}},{"type":"Feature","properties":{"Name":"Barrett Lake","Max_Voltag":69,"Owner":"SDG&E","COUNTY":"San Diego County","Status":"Operational"},"geometry":{"type":"Point","coordinates":[-116.679885010621,32.6534800088482]}},{"type":"Feature","properties":{"Name":"Batiquitos","Max_Voltag":230,"Owner":"SDG&E","COUNTY":"San Diego County","Status":"Operational"},"geometry":{"type":"Point","coordinates":[-117.250419441271,33.1011416650971]}},{"type":"Feature","properties":{"Name":"Bernardo","Max_Voltag":69,"Owner":"SDG&E","COUNTY":"San Diego County","Status":"Operational"},"geometry":{"type":"Point","coordinates":[-117.096300007399,33.0215194422674]}},{"type":"Feature","properties":{"Name":"Border","Max_Voltag":69,"Owner":"SDG&E","COUNTY":"San Diego County","Status":"Operational"},"geometry":{"type":"Point","coordinates":[-116.943164623123,32.5626027518373]}},{"type":"Feature","properties":{"Name":"Borrego","Max_Voltag":69,"Owner":"SDG&E","COUNTY":"San Diego County","Status":"Operational"},"geometry":{"type":"Point","coordinates":[-116.348213868066,33.2708611117893]}},{"type":"Feature","properties":{"Name":"Boulder Creek","Max_Voltag":69,"Owner":"SDG&E","COUNTY":"San Diego County","Status":"Operational"},"geometry":{"type":"Point","coordinates":[-116.586210407677,33.0059918840934]}},{"type":"Feature","properties":{"Name":"Boulevard","Max_Voltag":69,"Owner":"SDG&E","COUNTY":"San Diego County","Status":"Operational"},"geometry":{"type":"Point","coordinates":[-116.273272529038,32.6617395295074]}},{"type":"Feature","properties":{"Name":"Cabrillo","Max_Voltag":69,"Owner":"SDG&E","COUNTY":"San Diego County","Status":"Operational"},"geometry":{"type":"Point","coordinates":[-117.245053978352,32.7074829865862]}},{"type":"Feature","properties":{"Name":"Cameron","Max_Voltag":69,"Owner":"SDG&E","COUNTY":"San Diego County","Status":"Operational"},"geometry":{"type":"Point","coordinates":[-116.488156952507,32.6532518742392]}},{"type":"Feature","properties":{"Name":"Cannon","Max_Voltag":0,"Owner":"SDG&E","COUNTY":"San Diego County","Status":"Operational"},"geometry":{"type":"Point","coordinates":[-117.332713015691,33.1373900078069]}},{"type":"Feature","properties":{"Name":"Carlton Hills","Max_Voltag":138,"Owner":"SDG&E","COUNTY":"San Diego County","Status":"Operational"},"geometry":{"type":"Point","coordinates":[-117.01202538996,32.8549269900094]}},{"type":"Feature","properties":{"Name":"Chicarita","Max_Voltag":138,"Owner":"SDG&E","COUNTY":"San Diego County","Status":"Operational"},"geometry":{"type":"Point","coordinates":[-117.108808333569,32.9583611109571]}},{"type":"Feature","properties":{"Name":"Chollas","Max_Voltag":69,"Owner":"SDG&E","COUNTY":"San Diego County","Status":"Operational"},"geometry":{"type":"Point","coordinates":[-117.046786144546,32.7437694865674]}},{"type":"Feature","properties":{"Name":"Clairemont","Max_Voltag":69,"Owner":"SDG&E","COUNTY":"San Diego County","Status":"Operational"},"geometry":{"type":"Point","coordinates":[-117.183995667255,32.8259012965575]}},{"type":"Feature","properties":{"Name":"Coronado","Max_Voltag":69,"Owner":"SDG&E","COUNTY":"San Diego County","Status":"Operational"},"geometry":{"type":"Point","coordinates":[-117.173334996859,32.698848010228]}},{"type":"Feature","properties":{"Name":"Creelman","Max_Voltag":0,"Owner":"SDG&E","COUNTY":"San Diego County","Status":"Operational"},"geometry":{"type":"Point","coordinates":[-116.852941671792,33.0181527726589]}},{"type":"Feature","properties":{"Name":"Del Mar","Max_Voltag":69,"Owner":"SDG&E","COUNTY":"San Diego County","Status":"Operational"},"geometry":{"type":"Point","coordinates":[-117.25537221725,32.9806944447969]}},{"type":"Feature","properties":{"Name":"Descanso","Max_Voltag":69,"Owner":"SDG&E","COUNTY":"San Diego County","Status":"Operational"},"geometry":{"type":"Point","coordinates":[-116.633768717208,32.8652513629612]}},{"type":"Feature","properties":{"Name":"Division","Max_Voltag":69,"Owner":"SDG&E","COUNTY":"San Diego County","Status":"Operational"},"geometry":{"type":"Point","coordinates":[-117.120109007791,32.6815630036601]}},{"type":"Feature","properties":{"Name":"Doublett","Max_Voltag":230,"Owner":"SDG&E","COUNTY":"San Diego County","Status":"Operational"},"geometry":{"type":"Point","coordinates":[-117.21908937701,32.9170496283771]}},{"type":"Feature","properties":{"Name":"Dunhill","Max_Voltag":69,"Owner":"SDG&E","COUNTY":"San Diego County","Status":"Operational"},"geometry":{"type":"Point","coordinates":[-117.229920005963,32.9015450191956]}},{"type":"Feature","properties":{"Name":"El Cajon","Max_Voltag":69,"Owner":"SDG&E","COUNTY":"San Diego County","Status":"Operational"},"geometry":{"type":"Point","coordinates":[-116.972285354604,32.7954554770168]}},{"type":"Feature","properties":{"Name":"Elliott","Max_Voltag":0,"Owner":"SDG&E","COUNTY":"San Diego County","Status":"Operational"},"geometry":{"type":"Point","coordinates":[-117.088491674879,32.8159333501368]}},{"type":"Feature","properties":{"Name":"Encina","Max_Voltag":230,"Owner":"SDG&E","COUNTY":"San Diego County","Status":"Operational"},"geometry":{"type":"Point","coordinates":[-117.335517000849,33.1369659973497]}},{"type":"Feature","properties":{"Name":"Encinitas","Max_Voltag":69,"Owner":"SDG&E","COUNTY":"San Diego County","Status":"Operational"},"geometry":{"type":"Point","coordinates":[-117.285319449098,33.0506722391467]}},{"type":"Feature","properties":{"Name":"Esco","Max_Voltag":69,"Owner":"SDG&E","COUNTY":"San Diego County","Status":"Operational"},"geometry":{"type":"Point","coordinates":[-117.08907519264,33.1158078949314]}},{"type":"Feature","properties":{"Name":"Escondido","Max_Voltag":230,"Owner":"SDG&E","COUNTY":"San Diego County","Status":"Operational"},"geometry":{"type":"Point","coordinates":[-117.116703166664,33.1258888455925]}},{"type":"Feature","properties":{"Name":"Fashion Valley","Max_Voltag":230,"Owner":"SDG&E","COUNTY":"San Diego County","Status":"Operational"},"geometry":{"type":"Point","coordinates":[-117.164405978293,32.7717129878371]}},{"type":"Feature","properties":{"Name":"Felicita","Max_Voltag":69,"Owner":"SDG&E","COUNTY":"San Diego County","Status":"Operational"},"geometry":{"type":"Point","coordinates":[-117.073685267769,33.0932544003734]}},{"type":"Feature","properties":{"Name":"Fenton","Max_Voltag":69,"Owner":"SDG&E","COUNTY":"San Diego County","Status":"Operational"},"geometry":{"type":"Point","coordinates":[-117.156322209732,32.8949722293243]}},{"type":"Feature","properties":{"Name":"Fuel Oil Terminal","Max_Voltag":0,"Owner":"SDG&E","COUNTY":"San Diego County","Status":"Operational"},"geometry":{"type":"Point","coordinates":[-117.115357780524,32.6552013928497]}},{"type":"Feature","properties":{"Name":"General Dynamics","Max_Voltag":0,"Owner":"SDG&E","COUNTY":"San Diego County","Status":"Operational"},"geometry":{"type":"Point","coordinates":[-117.136126015121,32.8281190547753]}},{"type":"Feature","properties":{"Name":"Genesee","Max_Voltag":69,"Owner":"SDG&E","COUNTY":"San Diego County","Status":"Operational"},"geometry":{"type":"Point","coordinates":[-117.213620014946,32.8796099871716]}},{"type":"Feature","properties":{"Name":"Glencliff","Max_Voltag":69,"Owner":"SDG&E","COUNTY":"San Diego County","Status":"Operational"},"geometry":{"type":"Point","coordinates":[-116.498327789545,32.7983388943582]}},{"type":"Feature","properties":{"Name":"Granite Hills","Max_Voltag":69,"Owner":"SDG&E","COUNTY":"San Diego County","Status":"Operational"},"geometry":{"type":"Point","coordinates":[-116.920886109429,32.80440833537]}},{"type":"Feature","properties":{"Name":"Horno","Max_Voltag":69,"Owner":"SDG&E","COUNTY":"San Diego County","Status":"Operational"},"geometry":{"type":"Point","coordinates":[-117.457538983731,33.3782523600023]}},{"type":"Feature","properties":{"Name":"Imperial Beach","Max_Voltag":69,"Owner":"SDG&E","COUNTY":"San Diego County","Status":"Operational"},"geometry":{"type":"Point","coordinates":[-117.097238914855,32.583366642481]}},{"type":"Feature","properties":{"Name":"Jamacha","Max_Voltag":69,"Owner":"SDG&E","COUNTY":"San Diego County","Status":"Operational"},"geometry":{"type":"Point","coordinates":[-116.957308327777,32.744161157867]}},{"type":"Feature","properties":{"Name":"Japanese Mesa","Max_Voltag":69,"Owner":"SDG&E","COUNTY":"San Diego County","Status":"Operational"},"geometry":{"type":"Point","coordinates":[-117.554788308381,33.3743038861661]}},{"type":"Feature","properties":{"Name":"Kearny","Max_Voltag":69,"Owner":"SDG&E","COUNTY":"San Diego County","Status":"Operational"},"geometry":{"type":"Point","coordinates":[-117.131961113748,32.832877782515]}},{"type":"Feature","properties":{"Name":"Kettner","Max_Voltag":69,"Owner":"SDG&E","COUNTY":"San Diego County","Status":"Operational"},"geometry":{"type":"Point","coordinates":[-117.173770985199,32.7331810117972]}},{"type":"Feature","properties":{"Name":"Kyocera","Max_Voltag":0,"Owner":"SDG&E","COUNTY":"San Diego County","Status":"Operational"},"geometry":{"type":"Point","coordinates":[-117.140352771789,32.8197944485004]}},{"type":"Feature","properties":{"Name":"La Jolla","Max_Voltag":69,"Owner":"SDG&E","COUNTY":"San Diego County","Status":"Operational"},"geometry":{"type":"Point","coordinates":[-117.27528890106,32.8401139090048]}},{"type":"Feature","properties":{"Name":"Las Pulgas","Max_Voltag":69,"Owner":"SDG&E","COUNTY":"San Diego County","Status":"Operational"},"geometry":{"type":"Point","coordinates":[-117.466922227335,33.3128500030682]}},{"type":"Feature","properties":{"Name":"Lilac","Max_Voltag":69,"Owner":"SDG&E","COUNTY":"San Diego County","Status":"Operational"},"geometry":{"type":"Point","coordinates":[-117.085852775816,33.2532444441986]}},{"type":"Feature","properties":{"Name":"Los Coches","Max_Voltag":230,"Owner":"SDG&E","COUNTY":"San Diego County","Status":"Operational"},"geometry":{"type":"Point","coordinates":[-116.899209230719,32.8596137207749]}},{"type":"Feature","properties":{"Name":"Melrose","Max_Voltag":69,"Owner":"SDG&E","COUNTY":"San Diego County","Status":"Operational"},"geometry":{"type":"Point","coordinates":[-117.252902779076,33.2065000031607]}},{"type":"Feature","properties":{"Name":"Mesa Heights","Max_Voltag":69,"Owner":"SDG&E","COUNTY":"San Diego County","Status":"Operational"},"geometry":{"type":"Point","coordinates":[-117.157252770043,32.8296139062936]}},{"type":"Feature","properties":{"Name":"Mesa Rim","Max_Voltag":0,"Owner":"SDG&E","COUNTY":"San Diego County","Status":"Operational"},"geometry":{"type":"Point","coordinates":[-117.173149754366,32.9049183339862]}},{"type":"Feature","properties":{"Name":"Miguel","Max_Voltag":500,"Owner":"SDG&E","COUNTY":"San Diego County","Status":"Operational"},"geometry":{"type":"Point","coordinates":[-116.98298659202,32.6782963285913]}},{"type":"Feature","properties":{"Name":"Miramar","Max_Voltag":69,"Owner":"SDG&E","COUNTY":"San Diego County","Status":"Operational"},"geometry":{"type":"Point","coordinates":[-117.135505546059,32.8942014669437]}},{"type":"Feature","properties":{"Name":"Mission","Max_Voltag":230,"Owner":"SDG&E","COUNTY":"San Diego County","Status":"Operational"},"geometry":{"type":"Point","coordinates":[-117.137443148347,32.7840202737659]}},{"type":"Feature","properties":{"Name":"Monserate","Max_Voltag":69,"Owner":"SDG&E","COUNTY":"San Diego County","Status":"Operational"},"geometry":{"type":"Point","coordinates":[-117.235252773799,33.3291138747073]}},{"type":"Feature","properties":{"Name":"Montgomery","Max_Voltag":69,"Owner":"SDG&E","COUNTY":"San Diego County","Status":"Operational"},"geometry":{"type":"Point","coordinates":[-117.099672268602,32.6316666874233]}},{"type":"Feature","properties":{"Name":"Morro Hill","Max_Voltag":69,"Owner":"SDG&E","COUNTY":"San Diego County","Status":"Operational"},"geometry":{"type":"Point","coordinates":[-117.300300002711,33.2522138864612]}},{"type":"Feature","properties":{"Name":"Murray","Max_Voltag":69,"Owner":"SDG&E","COUNTY":"San Diego County","Status":"Operational"},"geometry":{"type":"Point","coordinates":[-117.023050001116,32.7908555489406]}},{"type":"Feature","properties":{"Name":"Narrows","Max_Voltag":92,"Owner":"SDG&E","COUNTY":"San Diego County","Status":"Operational"},"geometry":{"type":"Point","coordinates":[-116.294476787907,33.1372329857461]}},{"type":"Feature","properties":{"Name":"National City","Max_Voltag":69,"Owner":"SDG&E","COUNTY":"San Diego County","Status":"Operational"},"geometry":{"type":"Point","coordinates":[-117.107385006002,32.6730910070815]}},{"type":"Feature","properties":{"Name":"Oceanside","Max_Voltag":69,"Owner":"SDG&E","COUNTY":"San Diego County","Status":"Operational"},"geometry":{"type":"Point","coordinates":[-117.381831790499,33.1967896161064]}},{"type":"Feature","properties":{"Name":"Old Town","Max_Voltag":230,"Owner":"SDG&E","COUNTY":"San Diego County","Status":"Operational"},"geometry":{"type":"Point","coordinates":[-117.192383987156,32.7660750039874]}},{"type":"Feature","properties":{"Name":"Otay","Max_Voltag":69,"Owner":"SDG&E","COUNTY":"San Diego County","Status":"Operational"},"geometry":{"type":"Point","coordinates":[-117.057827998863,32.5953499872694]}},{"type":"Feature","properties":{"Name":"Otay Lake","Max_Voltag":69,"Owner":"SDG&E","COUNTY":"San Diego County","Status":"Operational"},"geometry":{"type":"Point","coordinates":[-116.927691657987,32.5971000496923]}},{"type":"Feature","properties":{"Name":"Pacific Beach","Max_Voltag":69,"Owner":"SDG&E","COUNTY":"San Diego County","Status":"Operational"},"geometry":{"type":"Point","coordinates":[-117.240199994596,32.7992019996816]}},{"type":"Feature","properties":{"Name":"Pala","Max_Voltag":69,"Owner":"SDG&E","COUNTY":"San Diego County","Status":"Operational"},"geometry":{"type":"Point","coordinates":[-117.112238436396,33.3557239880954]}},{"type":"Feature","properties":{"Name":"Paradise","Max_Voltag":69,"Owner":"SDG&E","COUNTY":"San Diego County","Status":"Operational"},"geometry":{"type":"Point","coordinates":[-117.049994990521,32.70448899038]}},{"type":"Feature","properties":{"Name":"Penasquitos","Max_Voltag":230,"Owner":"SDG&E","COUNTY":"San Diego County","Status":"Operational"},"geometry":{"type":"Point","coordinates":[-117.219138619959,32.918711857693]}},{"type":"Feature","properties":{"Name":"Pendleton","Max_Voltag":69,"Owner":"SDG&E","COUNTY":"San Diego County","Status":"Operational"},"geometry":{"type":"Point","coordinates":[-117.335036111118,33.3091694537981]}},{"type":"Feature","properties":{"Name":"Point Loma","Max_Voltag":69,"Owner":"SDG&E","COUNTY":"San Diego County","Status":"Operational"},"geometry":{"type":"Point","coordinates":[-117.233399979661,32.7414888810407]}},{"type":"Feature","properties":{"Name":"Poway","Max_Voltag":69,"Owner":"SDG&E","COUNTY":"San Diego County","Status":"Operational"},"geometry":{"type":"Point","coordinates":[-117.031283336478,32.9787527817087]}},{"type":"Feature","properties":{"Name":"Proctor Valley","Max_Voltag":0,"Owner":"SDG&E","COUNTY":"San Diego County","Status":"Operational"},"geometry":{"type":"Point","coordinates":[-116.986681988909,32.6651150185359]}},{"type":"Feature","properties":{"Name":"Rancho Carmel","Max_Voltag":69,"Owner":"SDG&E","COUNTY":"San Diego County","Status":"Operational"},"geometry":{"type":"Point","coordinates":[-117.077905552974,32.9938250014849]}},{"type":"Feature","properties":{"Name":"Rancho Santa Fe","Max_Voltag":69,"Owner":"SDG&E","COUNTY":"San Diego County","Status":"Operational"},"geometry":{"type":"Point","coordinates":[-117.198569443046,33.0143222215798]}},{"type":"Feature","properties":{"Name":"Rincon","Max_Voltag":69,"Owner":"SDG&E","COUNTY":"San Diego County","Status":"Operational"},"geometry":{"type":"Point","coordinates":[-116.958652781465,33.2858527749141]}},{"type":"Feature","properties":{"Name":"Rose Canyon","Max_Voltag":69,"Owner":"SDG&E","COUNTY":"San Diego County","Status":"Operational"},"geometry":{"type":"Point","coordinates":[-117.237052791016,32.8445499952074]}},{"type":"Feature","properties":{"Name":"Sampson","Max_Voltag":230,"Owner":"SDG&E","COUNTY":"San Diego County","Status":"Operational"},"geometry":{"type":"Point","coordinates":[-117.142389016281,32.6943930126162]}},{"type":"Feature","properties":{"Name":"San Luis Rey","Max_Voltag":230,"Owner":"SDG&E","COUNTY":"San Diego County","Status":"Operational"},"geometry":{"type":"Point","coordinates":[-117.33454909847,33.2114747104204]}},{"type":"Feature","properties":{"Name":"San Marcos","Max_Voltag":69,"Owner":"SDG&E","COUNTY":"San Diego County","Status":"Operational"},"geometry":{"type":"Point","coordinates":[-117.197233329317,33.128800007186]}},{"type":"Feature","properties":{"Name":"San Ysidro","Max_Voltag":69,"Owner":"SDG&E","COUNTY":"San Diego County","Status":"Operational"},"geometry":{"type":"Point","coordinates":[-117.026761020606,32.5621700017306]}},{"type":"Feature","properties":{"Name":"Santa Ysabel","Max_Voltag":69,"Owner":"SDG&E","COUNTY":"San Diego County","Status":"Operational"},"geometry":{"type":"Point","coordinates":[-116.671045872991,33.1105094438922]}},{"type":"Feature","properties":{"Name":"Santee","Max_Voltag":0,"Owner":"SDG&E","COUNTY":"San Diego County","Status":"Operational"},"geometry":{"type":"Point","coordinates":[-116.96836901707,32.8544380092483]}},{"type":"Feature","properties":{"Name":"Scrap Disposal Corp.","Max_Voltag":69,"Owner":"SDG&E","COUNTY":"San Diego County","Status":"Operational"},"geometry":{"type":"Point","coordinates":[-117.114653982838,32.6703710182331]}},{"type":"Feature","properties":{"Name":"Scripps","Max_Voltag":69,"Owner":"SDG&E","COUNTY":"San Diego County","Status":"Operational"},"geometry":{"type":"Point","coordinates":[-117.112594459404,32.9109805781101]}},{"type":"Feature","properties":{"Name":"Spring Valley","Max_Voltag":69,"Owner":"SDG&E","COUNTY":"San Diego County","Status":"Operational"},"geometry":{"type":"Point","coordinates":[-117.002740999665,32.7389789935712]}},{"type":"Feature","properties":{"Name":"Station B","Max_Voltag":69,"Owner":"SDG&E","COUNTY":"San Diego County","Status":"Operational"},"geometry":{"type":"Point","coordinates":[-117.169501422909,32.7141511241646]}},{"type":"Feature","properties":{"Name":"Station F","Max_Voltag":69,"Owner":"SDG&E","COUNTY":"San Diego County","Status":"Operational"},"geometry":{"type":"Point","coordinates":[-117.125959984968,32.7549600125525]}},{"type":"Feature","properties":{"Name":"Streamview","Max_Voltag":69,"Owner":"SDG&E","COUNTY":"San Diego County","Status":"Operational"},"geometry":{"type":"Point","coordinates":[-117.07859801931,32.7456579959684]}},{"type":"Feature","properties":{"Name":"Stuart","Max_Voltag":69,"Owner":"SDG&E","COUNTY":"San Diego County","Status":"Operational"},"geometry":{"type":"Point","coordinates":[-117.416575000986,33.2567166654749]}},{"type":"Feature","properties":{"Name":"Sunnyside","Max_Voltag":69,"Owner":"SDG&E","COUNTY":"San Diego County","Status":"Operational"},"geometry":{"type":"Point","coordinates":[-117.030314018353,32.658020010115]}},{"type":"Feature","properties":{"Name":"Sweetwater","Max_Voltag":69,"Owner":"SDG&E","COUNTY":"San Diego County","Status":"Operational"},"geometry":{"type":"Point","coordinates":[-117.091735013466,32.6583270179181]}},{"type":"Feature","properties":{"Name":"Sycamore Canyon","Max_Voltag":230,"Owner":"SDG&E","COUNTY":"San Diego County","Status":"Operational"},"geometry":{"type":"Point","coordinates":[-117.031127551539,32.9173986054494]}},{"type":"Feature","properties":{"Name":"Talega","Max_Voltag":230,"Owner":"SDG&E","COUNTY":"Orange County","Status":"Operational"},"geometry":{"type":"Point","coordinates":[-117.571453451086,33.4531124248086]}},{"type":"Feature","properties":{"Name":"Torrey Pines","Max_Voltag":69,"Owner":"SDG&E","COUNTY":"San Diego County","Status":"Operational"},"geometry":{"type":"Point","coordinates":[-117.240008992106,32.8986910113903]}},{"type":"Feature","properties":{"Name":"Urban","Max_Voltag":69,"Owner":"SDG&E","COUNTY":"San Diego County","Status":"Operational"},"geometry":{"type":"Point","coordinates":[-117.151458333728,32.7132471956421]}},{"type":"Feature","properties":{"Name":"Wabash","Max_Voltag":69,"Owner":"SDG&E","COUNTY":"San Diego County","Status":"Operational"},"geometry":{"type":"Point","coordinates":[-117.110966014118,32.7300440022342]}},{"type":"Feature","properties":{"Name":"Warner","Max_Voltag":69,"Owner":"SDG&E","COUNTY":"San Diego County","Status":"Operational"},"geometry":{"type":"Point","coordinates":[-116.675930517145,33.2472888411533]}},{"type":"Feature","properties":{"Name":"Warren Canyon","Max_Voltag":69,"Owner":"SDG&E","COUNTY":"San Diego County","Status":"Operational"},"geometry":{"type":"Point","coordinates":[-117.002319446353,33.0154111138512]}},{"type":"Feature","properties":{"Name":"Daly City","Max_Voltag":115,"Owner":"PG&E","COUNTY":"San Mateo County","Status":"Operational"},"geometry":{"type":"Point","coordinates":[-122.455937912211,37.6916795468955]}},{"type":"Feature","properties":{"Name":"Embarcadero","Max_Voltag":230,"Owner":"PG&E","COUNTY":"San Francisco County","Status":"Operational"},"geometry":{"type":"Point","coordinates":[-122.393447122409,37.7875348406618]}},{"type":"Feature","properties":{"Name":"Larkin","Max_Voltag":115,"Owner":"PG&E","COUNTY":"San Francisco County","Status":"Operational"},"geometry":{"type":"Point","coordinates":[-122.417009369068,37.7836595660427]}},{"type":"Feature","properties":{"Name":"Martin","Max_Voltag":230,"Owner":"PG&E","COUNTY":"San Mateo County","Status":"Operational"},"geometry":{"type":"Point","coordinates":[-122.409537331655,37.7035771514157]}},{"type":"Feature","properties":{"Name":"Mission","Max_Voltag":115,"Owner":"PG&E","COUNTY":"San Francisco County","Status":"Operational"},"geometry":{"type":"Point","coordinates":[-122.413822883956,37.7773529782291]}},{"type":"Feature","properties":{"Name":"AEC 300","Max_Voltag":115,"Owner":"Other","COUNTY":"San Joaquin County","Status":"Operational"},"geometry":{"type":"Point","coordinates":[-121.526800221561,37.6534054934697]}},{"type":"Feature","properties":{"Name":"Banta Carbona","Max_Voltag":60,"Owner":"Other","COUNTY":"San Joaquin County","Status":"Operational"},"geometry":{"type":"Point","coordinates":[-121.319346820225,37.7051581208799]}},{"type":"Feature","properties":{"Name":"Ellis","Max_Voltag":0,"Owner":"Other","COUNTY":"San Joaquin County","Status":"Operational"},"geometry":{"type":"Point","coordinates":[-121.548787611932,37.7217652442521]}},{"type":"Feature","properties":{"Name":"Louise","Max_Voltag":0,"Owner":"Other","COUNTY":"San Joaquin County","Status":"Operational"},"geometry":{"type":"Point","coordinates":[-121.283110901688,37.8095060655229]}},{"type":"Feature","properties":{"Name":"Heinz","Max_Voltag":0,"Owner":"Other","COUNTY":"San Joaquin County","Status":"Operational"},"geometry":{"type":"Point","coordinates":[-121.412275455869,37.7407681973883]}},{"type":"Feature","properties":{"Name":"Avena","Max_Voltag":115,"Owner":"PG&E","COUNTY":"San Joaquin County","Status":"Operational"},"geometry":{"type":"Point","coordinates":[-121.054125013248,37.8422619920955]}},{"type":"Feature","properties":{"Name":"Banta","Max_Voltag":115,"Owner":"PG&E","COUNTY":"San Joaquin County","Status":"Operational"},"geometry":{"type":"Point","coordinates":[-121.350603990692,37.7529219958327]}},{"type":"Feature","properties":{"Name":"Bellota","Max_Voltag":230,"Owner":"PG&E","COUNTY":"San Joaquin County","Status":"Operational"},"geometry":{"type":"Point","coordinates":[-121.013686575487,38.0155123387422]}},{"type":"Feature","properties":{"Name":"Calvo","Max_Voltag":60,"Owner":"PG&E","COUNTY":"San Joaquin County","Status":"Operational"},"geometry":{"type":"Point","coordinates":[-121.3267339902,37.7474834337502]}},{"type":"Feature","properties":{"Name":"Carbona","Max_Voltag":0,"Owner":"PG&E","COUNTY":"San Joaquin County","Status":"Operational"},"geometry":{"type":"Point","coordinates":[-121.416681418351,37.6922394548405]}},{"type":"Feature","properties":{"Name":"Channel","Max_Voltag":60,"Owner":"PG&E","COUNTY":"San Joaquin County","Status":"Operational"},"geometry":{"type":"Point","coordinates":[-121.332593996344,37.9552590007593]}},{"type":"Feature","properties":{"Name":"Cherokee","Max_Voltag":60,"Owner":"PG&E","COUNTY":"San Joaquin County","Status":"Operational"},"geometry":{"type":"Point","coordinates":[-121.238009007453,38.0055119853386]}},{"type":"Feature","properties":{"Name":"Colony","Max_Voltag":60,"Owner":"PG&E","COUNTY":"San Joaquin County","Status":"Operational"},"geometry":{"type":"Point","coordinates":[-121.18188464724,38.1902244356803]}},{"type":"Feature","properties":{"Name":"Country Club","Max_Voltag":60,"Owner":"PG&E","COUNTY":"San Joaquin County","Status":"Operational"},"geometry":{"type":"Point","coordinates":[-121.316392028592,37.9792102868364]}},{"type":"Feature","properties":{"Name":"East Stockton","Max_Voltag":0,"Owner":"PG&E","COUNTY":"San Joaquin County","Status":"Operational"},"geometry":{"type":"Point","coordinates":[-121.261635021022,37.9629339896257]}},{"type":"Feature","properties":{"Name":"French Camp","Max_Voltag":0,"Owner":"PG&E","COUNTY":"San Joaquin County","Status":"Operational"},"geometry":{"type":"Point","coordinates":[-121.29036398553,37.8820889871824]}},{"type":"Feature","properties":{"Name":"Gronemeyer","Max_Voltag":60,"Owner":"Other","COUNTY":"San Joaquin County","Status":"Operational"},"geometry":{"type":"Point","coordinates":[-121.26368094037,37.8308251647933]}},{"type":"Feature","properties":{"Name":"Hammer","Max_Voltag":60,"Owner":"PG&E","COUNTY":"San Joaquin County","Status":"Operational"},"geometry":{"type":"Point","coordinates":[-121.320379010538,38.0216070146797]}},{"type":"Feature","properties":{"Name":"Harding","Max_Voltag":60,"Owner":"PG&E","COUNTY":"San Joaquin County","Status":"Operational"},"geometry":{"type":"Point","coordinates":[-121.290388998221,37.9637289872661]}},{"type":"Feature","properties":{"Name":"Tracy","Max_Voltag":0,"Owner":"PG&E","COUNTY":"San Joaquin County","Status":"Operational"},"geometry":{"type":"Point","coordinates":[-121.416021835744,37.7488185076707]}},{"type":"Feature","properties":{"Name":"Kasson","Max_Voltag":115,"Owner":"PG&E","COUNTY":"San Joaquin County","Status":"Operational"},"geometry":{"type":"Point","coordinates":[-121.341187380963,37.7458904331542]}},{"type":"Feature","properties":{"Name":"Learner","Max_Voltag":60,"Owner":"PG&E","COUNTY":"San Joaquin County","Status":"Operational"},"geometry":{"type":"Point","coordinates":[-121.329093980334,37.9385719967932]}},{"type":"Feature","properties":{"Name":"Ripon","Max_Voltag":0,"Owner":"PG&E","COUNTY":"San Joaquin County","Status":"Operational"},"geometry":{"type":"Point","coordinates":[-121.146520343362,37.7558097499228]}},{"type":"Feature","properties":{"Name":"Linden","Max_Voltag":60,"Owner":"PG&E","COUNTY":"San Joaquin County","Status":"Operational"},"geometry":{"type":"Point","coordinates":[-121.095862980848,38.0169850073761]}},{"type":"Feature","properties":{"Name":"Clark","Max_Voltag":0,"Owner":"IID","COUNTY":"Imperial County","Status":"Operational"},"geometry":{"type":"Point","coordinates":[-115.565348006221,32.7636028579966]}},{"type":"Feature","properties":{"Name":"Sierra Pacific Industries Bfp","Max_Voltag":230,"Owner":"Other","COUNTY":"Shasta County","Status":"Operational"},"geometry":{"type":"Point","coordinates":[-121.703512332439,40.8829643491757]}},{"type":"Feature","properties":{"Name":"Frances Way","Max_Voltag":92,"Owner":"IID","COUNTY":"Riverside County","Status":"Operational"},"geometry":{"type":"Point","coordinates":[-116.28712771728,33.7977532187688]}},{"type":"Feature","properties":{"Name":"Palm Village","Max_Voltag":0,"Owner":"SCE","COUNTY":"Riverside County","Status":"Operational"},"geometry":{"type":"Point","coordinates":[-116.363139106119,33.720193570414]}},{"type":"Feature","properties":{"Name":"La Quinta","Max_Voltag":0,"Owner":"IID","COUNTY":"Riverside County","Status":"Operational"},"geometry":{"type":"Point","coordinates":[-116.286790760115,33.7141847149409]}},{"type":"Feature","properties":{"Name":"Bridgeport","Max_Voltag":55,"Owner":"SCE","COUNTY":"Mono County","Status":"Operational"},"geometry":{"type":"Point","coordinates":[-119.230067776253,38.218332272355]}},{"type":"Feature","properties":{"Name":"Huntington Beach","Max_Voltag":0,"Owner":"SCE","COUNTY":"Orange County","Status":"Operational"},"geometry":{"type":"Point","coordinates":[-117.977821830762,33.6459678534047]}},{"type":"Feature","properties":{"Name":"Pilot Knob","Max_Voltag":161,"Owner":"IID","COUNTY":"Imperial County","Status":"Operational"},"geometry":{"type":"Point","coordinates":[-114.714567520925,32.7366355344388]}},{"type":"Feature","properties":{"Name":"Cahuilla","Max_Voltag":0,"Owner":"IID","COUNTY":"Imperial County","Status":"Operational"},"geometry":{"type":"Point","coordinates":[-115.944892078862,33.3277163107187]}},{"type":"Feature","properties":{"Name":"Drews","Max_Voltag":0,"Owner":"Other","COUNTY":"San Bernardino County","Status":"Operational"},"geometry":{"type":"Point","coordinates":[-117.353573994154,34.0606853165889]}},{"type":"Feature","properties":{"Name":"Hub","Max_Voltag":66,"Owner":"Other","COUNTY":"San Bernardino County","Status":"Operational"},"geometry":{"type":"Point","coordinates":[-117.32235112406,34.0636674953435]}},{"type":"Feature","properties":{"Name":"Century","Max_Voltag":66,"Owner":"Other","COUNTY":"San Bernardino County","Status":"Operational"},"geometry":{"type":"Point","coordinates":[-117.306678549675,34.0600767179759]}},{"type":"Feature","properties":{"Name":"Fiddyment Receiving","Max_Voltag":230,"Owner":"Other","COUNTY":"Placer County","Status":"Operational"},"geometry":{"type":"Point","coordinates":[-121.357224168297,38.7630196680492]}},{"type":"Feature","properties":{"Name":"O'Banion","Max_Voltag":230,"Owner":"WAPA","COUNTY":"Sutter County","Status":"Operational"},"geometry":{"type":"Point","coordinates":[-121.723382630841,39.0239937711182]}},{"type":"Feature","properties":{"Name":"River Oaks","Max_Voltag":115,"Owner":"PG&E","COUNTY":"Santa Clara County","Status":"Operational"},"geometry":{"type":"Point","coordinates":[-121.927678791719,37.4111712125136]}},{"type":"Feature","properties":{"Name":"Nortech","Max_Voltag":115,"Owner":"PG&E","COUNTY":"Santa Clara County","Status":"Operational"},"geometry":{"type":"Point","coordinates":[-121.959869874112,37.4207031028113]}},{"type":"Feature","properties":{"Name":"Los Esteros","Max_Voltag":230,"Owner":"PG&E","COUNTY":"Santa Clara County","Status":"Operational"},"geometry":{"type":"Point","coordinates":[-121.932930889046,37.4274702142213]}},{"type":"Feature","properties":{"Name":"Road","Max_Voltag":115,"Owner":"Other","COUNTY":"Santa Clara County","Status":"Operational"},"geometry":{"type":"Point","coordinates":[-121.951471098719,37.4300567441944]}},{"type":"Feature","properties":{"Name":"Cal Mat","Max_Voltag":60,"Owner":"PG&E","COUNTY":"Alameda County","Status":"Operational"},"geometry":{"type":"Point","coordinates":[-121.8356310135,37.6738935268677]}},{"type":"Feature","properties":{"Name":"East Dublin","Max_Voltag":60,"Owner":"Other","COUNTY":"Alameda County","Status":"Operational"},"geometry":{"type":"Point","coordinates":[-121.900760275666,37.7040844857478]}},{"type":"Feature","properties":{"Name":"Fayette","Max_Voltag":60,"Owner":"PG&E","COUNTY":"Alameda County","Status":"Operational"},"geometry":{"type":"Point","coordinates":[-121.595291780816,37.7201933215426]}},{"type":"Feature","properties":{"Name":"North Dublin","Max_Voltag":0,"Owner":"Other","COUNTY":"Contra Costa County","Status":"Operational"},"geometry":{"type":"Point","coordinates":[-121.857924002646,37.7448310111773]}},{"type":"Feature","properties":{"Name":"Texas Springs","Max_Voltag":0,"Owner":"Other","COUNTY":"Shasta County","Status":"Operational"},"geometry":{"type":"Point","coordinates":[-122.428052827776,40.5258507983241]}},{"type":"Feature","properties":{"Name":"Valley Center","Max_Voltag":69,"Owner":"SDG&E","COUNTY":"San Diego County","Status":"Operational"},"geometry":{"type":"Point","coordinates":[-117.018419340336,33.2306951054739]}},{"type":"Feature","properties":{"Name":"Crestwood","Max_Voltag":69,"Owner":"SDG&E","COUNTY":"San Diego County","Status":"Operational"},"geometry":{"type":"Point","coordinates":[-116.353762852306,32.6990448832822]}},{"type":"Feature","properties":{"Name":"Highgrove","Max_Voltag":115,"Owner":"SCE","COUNTY":"San Bernardino County","Status":"Operational"},"geometry":{"type":"Point","coordinates":[-117.332797224664,34.022291672411]}},{"type":"Feature","properties":{"Name":"Loveland","Max_Voltag":69,"Owner":"SDG&E","COUNTY":"San Diego County","Status":"Operational"},"geometry":{"type":"Point","coordinates":[-116.792200000663,32.7969805475019]}},{"type":"Feature","properties":{"Name":"Birds Landing","Max_Voltag":230,"Owner":"Other","COUNTY":"Solano County","Status":"Operational"},"geometry":{"type":"Point","coordinates":[-121.830147829957,38.1246519282487]}},{"type":"Feature","properties":{"Name":"Lake Hodges","Max_Voltag":69,"Owner":"SDG&E","COUNTY":"San Diego County","Status":"Operational"},"geometry":{"type":"Point","coordinates":[-117.119285435932,33.0586086373145]}},{"type":"Feature","properties":{"Name":"Alberhill","Max_Voltag":0,"Owner":"SCE","COUNTY":"Riverside County","Status":"Proposed"},"geometry":{"type":"Point","coordinates":[-117.412521873391,33.7345290543328]}},{"type":"Feature","properties":{"Name":"August","Max_Voltag":0,"Owner":"Other","COUNTY":"Merced County","Status":"Operational"},"geometry":{"type":"Point","coordinates":[-120.8309528219,37.4180167088008]}},{"type":"Feature","properties":{"Name":"Marshall","Max_Voltag":115,"Owner":"Other","COUNTY":"Stanislaus County","Status":"Operational"},"geometry":{"type":"Point","coordinates":[-121.132348887054,37.4362704213222]}},{"type":"Feature","properties":{"Name":"Taylor","Max_Voltag":115,"Owner":"Other","COUNTY":"Stanislaus County","Status":"Operational"},"geometry":{"type":"Point","coordinates":[-120.809220147031,37.5372616142058]}},{"type":"Feature","properties":{"Name":"Oakdale","Max_Voltag":115,"Owner":"Other","COUNTY":"Stanislaus County","Status":"Operational"},"geometry":{"type":"Point","coordinates":[-120.844886942412,37.7346701598534]}},{"type":"Feature","properties":{"Name":"Cayetano","Max_Voltag":0,"Owner":"PG&E","COUNTY":"Alameda County","Status":"Operational"},"geometry":{"type":"Point","coordinates":[-121.77116328688,37.7386049985049]}},{"type":"Feature","properties":{"Name":"Commons","Max_Voltag":69,"Owner":"Other","COUNTY":"Stanislaus County","Status":"Operational"},"geometry":{"type":"Point","coordinates":[-120.91357504856,37.5007167176363]}},{"type":"Feature","properties":{"Name":"La Grange","Max_Voltag":0,"Owner":"Other","COUNTY":"Stanislaus County","Status":"Operational"},"geometry":{"type":"Point","coordinates":[-120.443700765744,37.669718199719]}},{"type":"Feature","properties":{"Name":"Midpoint","Max_Voltag":0,"Owner":"Other","COUNTY":"Riverside County","Status":"Operational"},"geometry":{"type":"Point","coordinates":[-114.906621870506,33.5649594247812]}},{"type":"Feature","properties":{"Name":"Cal City","Max_Voltag":33,"Owner":"SCE","COUNTY":"Kern County","Status":"Operational"},"geometry":{"type":"Point","coordinates":[-117.968713115902,35.1425823637447]}},{"type":"Feature","properties":{"Name":"Freeman","Max_Voltag":66,"Owner":"Other","COUNTY":"Riverside County","Status":"Operational"},"geometry":{"type":"Point","coordinates":[-117.435439391086,33.9156428425211]}},{"type":"Feature","properties":{"Name":"Mt. View","Max_Voltag":66,"Owner":"Other","COUNTY":"Riverside County","Status":"Operational"},"geometry":{"type":"Point","coordinates":[-117.427757740784,33.9607859670745]}},{"type":"Feature","properties":{"Name":"Alumax","Max_Voltag":0,"Owner":"Other","COUNTY":"Riverside County","Status":"Operational"},"geometry":{"type":"Point","coordinates":[-117.343188426526,34.0035340062352]}},{"type":"Feature","properties":{"Name":"Pierpont","Max_Voltag":0,"Owner":"SCE","COUNTY":"Ventura County","Status":"Operational"},"geometry":{"type":"Point","coordinates":[-119.247548350285,34.2734985003874]}},{"type":"Feature","properties":{"Name":"Silvergate","Max_Voltag":230,"Owner":"SDG&E","COUNTY":"San Diego County","Status":"Operational"},"geometry":{"type":"Point","coordinates":[-117.143268210026,32.6948824365997]}},{"type":"Feature","properties":{"Name":"Coppervale","Max_Voltag":60,"Owner":"Other","COUNTY":"Lassen County","Status":"Operational"},"geometry":{"type":"Point","coordinates":[-120.867762575258,40.3604112884189]}},{"type":"Feature","properties":{"Name":"Five Mile","Max_Voltag":60,"Owner":"Other","COUNTY":"Lassen County","Status":"Operational"},"geometry":{"type":"Point","coordinates":[-120.738055523985,40.4145096845865]}},{"type":"Feature","properties":{"Name":"Chestnut 1","Max_Voltag":60,"Owner":"Other","COUNTY":"Lassen County","Status":"Operational"},"geometry":{"type":"Point","coordinates":[-120.654560520246,40.4237373241886]}},{"type":"Feature","properties":{"Name":"Richmond","Max_Voltag":60,"Owner":"Other","COUNTY":"Lassen County","Status":"Operational"},"geometry":{"type":"Point","coordinates":[-120.660694941048,40.4123227607297]}},{"type":"Feature","properties":{"Name":"Modoc","Max_Voltag":0,"Owner":"Other","COUNTY":"Lassen County","Status":"Operational"},"geometry":{"type":"Point","coordinates":[-120.647355083945,40.4082270587162]}},{"type":"Feature","properties":{"Name":"Milwood 1","Max_Voltag":60,"Owner":"Other","COUNTY":"Lassen County","Status":"Operational"},"geometry":{"type":"Point","coordinates":[-120.642189197936,40.4100790876077]}},{"type":"Feature","properties":{"Name":"Milwood 2","Max_Voltag":60,"Owner":"Other","COUNTY":"Lassen County","Status":"Operational"},"geometry":{"type":"Point","coordinates":[-120.641601284718,40.4100997922563]}},{"type":"Feature","properties":{"Name":"Johnstonville","Max_Voltag":60,"Owner":"Other","COUNTY":"Lassen County","Status":"Operational"},"geometry":{"type":"Point","coordinates":[-120.574539996109,40.3819142094749]}},{"type":"Feature","properties":{"Name":"Maples Lane","Max_Voltag":60,"Owner":"Other","COUNTY":"Lassen County","Status":"Closed"},"geometry":{"type":"Point","coordinates":[-120.32244582913,40.3520719017909]}},{"type":"Feature","properties":{"Name":"Honey Lake","Max_Voltag":60,"Owner":"Other","COUNTY":"Lassen County","Status":"Operational"},"geometry":{"type":"Point","coordinates":[-120.264783650169,40.3683369329158]}},{"type":"Feature","properties":{"Name":"Wineagle","Max_Voltag":60,"Owner":"Other","COUNTY":"Lassen County","Status":"Operational"},"geometry":{"type":"Point","coordinates":[-120.248871758304,40.351338374459]}},{"type":"Feature","properties":{"Name":"Amedee","Max_Voltag":60,"Owner":"Other","COUNTY":"Lassen County","Status":"Operational"},"geometry":{"type":"Point","coordinates":[-120.194220123117,40.3003898158067]}},{"type":"Feature","properties":{"Name":"Rancho Vista","Max_Voltag":500,"Owner":"SCE","COUNTY":"San Bernardino County","Status":"Operational"},"geometry":{"type":"Point","coordinates":[-117.534532568942,34.0885003904661]}},{"type":"Feature","properties":{"Name":"Morrison Creek","Max_Voltag":0,"Owner":"PCORP","COUNTY":"Del Norte County","Status":"Operational"},"geometry":{"type":"Point","coordinates":[-124.141448532704,41.9276014519514]}},{"type":"Feature","properties":{"Name":"Lake City","Max_Voltag":69,"Owner":"Other","COUNTY":"Modoc County","Status":"Operational"},"geometry":{"type":"Point","coordinates":[-120.181879884312,41.6135408313798]}},{"type":"Feature","properties":{"Name":"Hilltop","Max_Voltag":345,"Owner":"Other","COUNTY":"Modoc County","Status":"Operational"},"geometry":{"type":"Point","coordinates":[-120.634811389305,41.5131232399586]}},{"type":"Feature","properties":{"Name":"Cedarville Junction","Max_Voltag":115,"Owner":"Other","COUNTY":"Modoc County","Status":"Operational"},"geometry":{"type":"Point","coordinates":[-120.413831980176,41.5643399902826]}},{"type":"Feature","properties":{"Name":"Canby 1","Max_Voltag":0,"Owner":"Other","COUNTY":"Modoc County","Status":"Operational"},"geometry":{"type":"Point","coordinates":[-120.880120103937,41.4439981148409]}},{"type":"Feature","properties":{"Name":"Big Valley Lumber Co.","Max_Voltag":69,"Owner":"Other","COUNTY":"Lassen County","Status":"Operational"},"geometry":{"type":"Point","coordinates":[-121.137588685546,41.132808471169]}},{"type":"Feature","properties":{"Name":"Muck Valley","Max_Voltag":69,"Owner":"Other","COUNTY":"Lassen County","Status":"Operational"},"geometry":{"type":"Point","coordinates":[-121.178845854145,41.0913371520914]}},{"type":"Feature","properties":{"Name":"Mt. Lassen","Max_Voltag":60,"Owner":"Other","COUNTY":"Lassen County","Status":"Operational"},"geometry":{"type":"Point","coordinates":[-121.018010724803,40.2976075235251]}},{"type":"Feature","properties":{"Name":"Eureka Station A","Max_Voltag":60,"Owner":"PG&E","COUNTY":"Humboldt County","Status":"Operational"},"geometry":{"type":"Point","coordinates":[-124.183270271798,40.7937528765544]}},{"type":"Feature","properties":{"Name":"Eureka Station E","Max_Voltag":60,"Owner":"PG&E","COUNTY":"Humboldt County","Status":"Operational"},"geometry":{"type":"Point","coordinates":[-124.180313467938,40.7934324221348]}},{"type":"Feature","properties":{"Name":"Us Ord Depot-Herlong","Max_Voltag":60,"Owner":"Other","COUNTY":"Lassen County","Status":"Operational"},"geometry":{"type":"Point","coordinates":[-120.187431977621,40.2753005098146]}},{"type":"Feature","properties":{"Name":"Patton","Max_Voltag":60,"Owner":"Other","COUNTY":"Lassen County","Status":"Operational"},"geometry":{"type":"Point","coordinates":[-120.170309310365,40.14453179811]}},{"type":"Feature","properties":{"Name":"Edgemont","Max_Voltag":60,"Owner":"Other","COUNTY":"Lassen County","Status":"Operational"},"geometry":{"type":"Point","coordinates":[-120.49213934071,40.3127980936956]}},{"type":"Feature","properties":{"Name":"Clark Road","Max_Voltag":60,"Owner":"PG&E","COUNTY":"Butte County","Status":"Operational"},"geometry":{"type":"Point","coordinates":[-121.635508221514,39.6545213309296]}},{"type":"Feature","properties":{"Name":"Thermalito","Max_Voltag":0,"Owner":"PG&E","COUNTY":"Butte County","Status":"Operational"},"geometry":{"type":"Point","coordinates":[-121.632470475854,39.514091702196]}},{"type":"Feature","properties":{"Name":"Cresta","Max_Voltag":230,"Owner":"PG&E","COUNTY":"Butte County","Status":"Operational"},"geometry":{"type":"Point","coordinates":[-121.409487687098,39.8264341511701]}},{"type":"Feature","properties":{"Name":"Poe","Max_Voltag":230,"Owner":"PG&E","COUNTY":"Butte County","Status":"Operational"},"geometry":{"type":"Point","coordinates":[-121.469971089888,39.723536736268]}},{"type":"Feature","properties":{"Name":"Coal Canyon","Max_Voltag":0,"Owner":"Other","COUNTY":"Butte County","Status":"Operational"},"geometry":{"type":"Point","coordinates":[-121.600321651111,39.6050303546705]}},{"type":"Feature","properties":{"Name":"Dayton Road","Max_Voltag":115,"Owner":"PG&E","COUNTY":"Butte County","Status":"Operational"},"geometry":{"type":"Point","coordinates":[-121.839336292756,39.7197270275855]}},{"type":"Feature","properties":{"Name":"Centerville","Max_Voltag":115,"Owner":"PG&E","COUNTY":"Butte County","Status":"Operational"},"geometry":{"type":"Point","coordinates":[-121.657346637974,39.7884489145533]}},{"type":"Feature","properties":{"Name":"Lime Saddle","Max_Voltag":0,"Owner":"PG&E","COUNTY":"Butte County","Status":"Operational"},"geometry":{"type":"Point","coordinates":[-121.571411487428,39.6986004874915]}},{"type":"Feature","properties":{"Name":"High Line","Max_Voltag":60,"Owner":"PG&E","COUNTY":"Glenn County","Status":"Operational"},"geometry":{"type":"Point","coordinates":[-122.197546360156,39.7619278605551]}},{"type":"Feature","properties":{"Name":"Willits Station A","Max_Voltag":60,"Owner":"PG&E","COUNTY":"Mendocino County","Status":"Operational"},"geometry":{"type":"Point","coordinates":[-123.327079571312,39.4055896597255]}},{"type":"Feature","properties":{"Name":"Forbestown","Max_Voltag":115,"Owner":"PG&E","COUNTY":"Butte County","Status":"Operational"},"geometry":{"type":"Point","coordinates":[-121.278586567302,39.5510029924298]}},{"type":"Feature","properties":{"Name":"Sly Creek","Max_Voltag":115,"Owner":"PG&E","COUNTY":"Butte County","Status":"Operational"},"geometry":{"type":"Point","coordinates":[-121.119696367805,39.5804016514912]}},{"type":"Feature","properties":{"Name":"Edward C Hyatt","Max_Voltag":230,"Owner":"PG&E","COUNTY":"Butte County","Status":"Operational"},"geometry":{"type":"Point","coordinates":[-121.486229406263,39.5326759074369]}},{"type":"Feature","properties":{"Name":"North Truckee","Max_Voltag":0,"Owner":"Other","COUNTY":"Nevada County","Status":"Operational"},"geometry":{"type":"Point","coordinates":[-120.183772533106,39.3357692230116]}},{"type":"Feature","properties":{"Name":"Lake Mendocino","Max_Voltag":0,"Owner":"PG&E","COUNTY":"Mendocino County","Status":"Low kV"},"geometry":{"type":"Point","coordinates":[-123.185443502124,39.1973260281209]}},{"type":"Feature","properties":{"Name":"Loon Lake","Max_Voltag":230,"Owner":"SMUD","COUNTY":"El Dorado County","Status":"Operational"},"geometry":{"type":"Point","coordinates":[-120.327376410433,38.9843803225136]}},{"type":"Feature","properties":{"Name":"Robbs Peak","Max_Voltag":230,"Owner":"SMUD","COUNTY":"El Dorado County","Status":"Operational"},"geometry":{"type":"Point","coordinates":[-120.378397024699,38.8970228407425]}},{"type":"Feature","properties":{"Name":"Big Geysers","Max_Voltag":230,"Owner":"PG&E","COUNTY":"Lake County","Status":"Operational"},"geometry":{"type":"Point","coordinates":[-122.729310458951,38.7732650114249]}},{"type":"Feature","properties":{"Name":"Bear Canyon","Max_Voltag":230,"Owner":"PG&E","COUNTY":"Lake County","Status":"Operational"},"geometry":{"type":"Point","coordinates":[-122.692436711409,38.7626142025849]}},{"type":"Feature","properties":{"Name":"Quicksilver","Max_Voltag":0,"Owner":"PG&E","COUNTY":"Lake County","Status":"Operational"},"geometry":{"type":"Point","coordinates":[-122.707441918387,38.7661597162543]}},{"type":"Feature","properties":{"Name":"West Ford Flat","Max_Voltag":230,"Owner":"PG&E","COUNTY":"Lake County","Status":"Operational"},"geometry":{"type":"Point","coordinates":[-122.722407969598,38.7878119396803]}},{"type":"Feature","properties":{"Name":"Jaybird","Max_Voltag":230,"Owner":"SMUD","COUNTY":"El Dorado County","Status":"Operational"},"geometry":{"type":"Point","coordinates":[-120.531879682392,38.8340410232913]}},{"type":"Feature","properties":{"Name":"White Rock","Max_Voltag":230,"Owner":"SMUD","COUNTY":"El Dorado County","Status":"Operational"},"geometry":{"type":"Point","coordinates":[-120.78709847739,38.7651811240033]}},{"type":"Feature","properties":{"Name":"Solano Irrigation District","Max_Voltag":0,"Owner":"Other","COUNTY":"Napa County","Status":"Low kV"},"geometry":{"type":"Point","coordinates":[-122.104087444508,38.5136341880924]}},{"type":"Feature","properties":{"Name":"Tiger Creek","Max_Voltag":230,"Owner":"PG&E","COUNTY":"Amador County","Status":"Operational"},"geometry":{"type":"Point","coordinates":[-120.492276907814,38.4491752441771]}},{"type":"Feature","properties":{"Name":"Electra 1","Max_Voltag":230,"Owner":"PG&E","COUNTY":"Amador County","Status":"Operational"},"geometry":{"type":"Point","coordinates":[-120.669799259553,38.3315451886621]}},{"type":"Feature","properties":{"Name":"Electra 2","Max_Voltag":60,"Owner":"PG&E","COUNTY":"Amador County","Status":"Operational"},"geometry":{"type":"Point","coordinates":[-120.673035016359,38.3313242193256]}},{"type":"Feature","properties":{"Name":"New Hogan","Max_Voltag":60,"Owner":"PG&E","COUNTY":"Calaveras County","Status":"Operational"},"geometry":{"type":"Point","coordinates":[-120.814876859935,38.1496044257275]}},{"type":"Feature","properties":{"Name":"Collierville","Max_Voltag":230,"Owner":"Other","COUNTY":"Calaveras County","Status":"Operational"},"geometry":{"type":"Point","coordinates":[-120.380086196098,38.1450584733742]}},{"type":"Feature","properties":{"Name":"Angels","Max_Voltag":115,"Owner":"PG&E","COUNTY":"Calaveras County","Status":"Operational"},"geometry":{"type":"Point","coordinates":[-120.53935679349,38.071832799367]}},{"type":"Feature","properties":{"Name":"New Melones","Max_Voltag":0,"Owner":"WAPA","COUNTY":"Calaveras County","Status":"Operational"},"geometry":{"type":"Point","coordinates":[-120.530039532042,37.9465676999353]}},{"type":"Feature","properties":{"Name":"Los Medanos","Max_Voltag":0,"Owner":"Other","COUNTY":"Contra Costa County","Status":"Operational"},"geometry":{"type":"Point","coordinates":[-121.874044721374,38.0302181399106]}},{"type":"Feature","properties":{"Name":"Loveridge Road","Max_Voltag":60,"Owner":"PG&E","COUNTY":"Contra Costa County","Status":"Operational"},"geometry":{"type":"Point","coordinates":[-121.869419081279,38.0304002812159]}},{"type":"Feature","properties":{"Name":"Oleum","Max_Voltag":115,"Owner":"PG&E","COUNTY":"Contra Costa County","Status":"Operational"},"geometry":{"type":"Point","coordinates":[-122.257015870417,38.044485612542]}},{"type":"Feature","properties":{"Name":"Tesoro","Max_Voltag":230,"Owner":"Other","COUNTY":"Contra Costa County","Status":"Operational"},"geometry":{"type":"Point","coordinates":[-122.061315868156,38.0184250594784]}},{"type":"Feature","properties":{"Name":"Martinez","Max_Voltag":115,"Owner":"PG&E","COUNTY":"Contra Costa County","Status":"Operational"},"geometry":{"type":"Point","coordinates":[-122.116235448334,38.0149490078189]}},{"type":"Feature","properties":{"Name":"Fairview","Max_Voltag":115,"Owner":"PG&E","COUNTY":"Contra Costa County","Status":"Operational"},"geometry":{"type":"Point","coordinates":[-122.116287281125,38.016087051953]}},{"type":"Feature","properties":{"Name":"Tulloch","Max_Voltag":115,"Owner":"PG&E","COUNTY":"Calaveras County","Status":"Operational"},"geometry":{"type":"Point","coordinates":[-120.605592144078,37.8766731418135]}},{"type":"Feature","properties":{"Name":"Gaylord","Max_Voltag":115,"Owner":"Other","COUNTY":"Contra Costa County","Status":"Operational"},"geometry":{"type":"Point","coordinates":[-121.775322143489,38.0141512032315]}},{"type":"Feature","properties":{"Name":"Contra Costa Power","Max_Voltag":230,"Owner":"PG&E","COUNTY":"Contra Costa County","Status":"Operational"},"geometry":{"type":"Point","coordinates":[-121.762302761261,38.0152897296887]}},{"type":"Feature","properties":{"Name":"Delta Energy","Max_Voltag":0,"Owner":"PG&E","COUNTY":"Contra Costa County","Status":"Operational"},"geometry":{"type":"Point","coordinates":[-121.846609469216,38.0174833029347]}},{"type":"Feature","properties":{"Name":"Riverview","Max_Voltag":0,"Owner":"Other","COUNTY":"Contra Costa County","Status":"Operational"},"geometry":{"type":"Point","coordinates":[-121.790860984779,38.0144558431497]}},{"type":"Feature","properties":{"Name":"Standard Oil 1","Max_Voltag":115,"Owner":"Other","COUNTY":"Contra Costa County","Status":"Operational"},"geometry":{"type":"Point","coordinates":[-122.384154002286,37.9432455434673]}},{"type":"Feature","properties":{"Name":"Standard Oil 4","Max_Voltag":115,"Owner":"Other","COUNTY":"Contra Costa County","Status":"Operational"},"geometry":{"type":"Point","coordinates":[-122.389168997378,37.944304993698]}},{"type":"Feature","properties":{"Name":"Standard Oil 3","Max_Voltag":115,"Owner":"Other","COUNTY":"Contra Costa County","Status":"Operational"},"geometry":{"type":"Point","coordinates":[-122.3887883237,37.9409648054403]}},{"type":"Feature","properties":{"Name":"Standard Oil 2","Max_Voltag":115,"Owner":"Other","COUNTY":"Contra Costa County","Status":"Operational"},"geometry":{"type":"Point","coordinates":[-122.395126007199,37.950409998135]}},{"type":"Feature","properties":{"Name":"Standard Oil 5","Max_Voltag":115,"Owner":"Other","COUNTY":"Contra Costa County","Status":"Operational"},"geometry":{"type":"Point","coordinates":[-122.380974678544,37.9456354130775]}},{"type":"Feature","properties":{"Name":"Poole Ph","Max_Voltag":115,"Owner":"SCE","COUNTY":"Mono County","Status":"Operational"},"geometry":{"type":"Point","coordinates":[-119.216016021355,37.944380873875]}},{"type":"Feature","properties":{"Name":"Lone Tree","Max_Voltag":230,"Owner":"PG&E","COUNTY":"Contra Costa County","Status":"Operational"},"geometry":{"type":"Point","coordinates":[-121.759797566546,37.946235874434]}},{"type":"Feature","properties":{"Name":"Richmond R","Max_Voltag":60,"Owner":"PG&E","COUNTY":"Contra Costa County","Status":"Operational"},"geometry":{"type":"Point","coordinates":[-122.36957712012,37.9261805952823]}},{"type":"Feature","properties":{"Name":"Rush Creek","Max_Voltag":115,"Owner":"SCE","COUNTY":"Mono County","Status":"Operational"},"geometry":{"type":"Point","coordinates":[-119.123133728,37.7666044874212]}},{"type":"Feature","properties":{"Name":"Orinda","Max_Voltag":0,"Owner":"PG&E","COUNTY":"Contra Costa County","Status":"Operational"},"geometry":{"type":"Point","coordinates":[-122.193470648915,37.883604176596]}},{"type":"Feature","properties":{"Name":"Upper Gorge","Max_Voltag":230,"Owner":"LADWP","COUNTY":"Mono County","Status":"Operational"},"geometry":{"type":"Point","coordinates":[-118.589965466296,37.5458682827503]}},{"type":"Feature","properties":{"Name":"Wind Driven","Max_Voltag":230,"Owner":"PG&E","COUNTY":"Contra Costa County","Status":"Operational"},"geometry":{"type":"Point","coordinates":[-121.660936900534,37.8212414993999]}},{"type":"Feature","properties":{"Name":"US Wind Power","Max_Voltag":230,"Owner":"PG&E","COUNTY":"Contra Costa County","Status":"Operational"},"geometry":{"type":"Point","coordinates":[-121.72777392653,37.791426311257]}},{"type":"Feature","properties":{"Name":"Oakland D","Max_Voltag":115,"Owner":"PG&E","COUNTY":"Alameda County","Status":"Operational"},"geometry":{"type":"Point","coordinates":[-122.263611859087,37.8375707482815]}},{"type":"Feature","properties":{"Name":"Oakland C","Max_Voltag":115,"Owner":"PG&E","COUNTY":"Alameda County","Status":"Operational"},"geometry":{"type":"Point","coordinates":[-122.282006020661,37.7978660078744]}},{"type":"Feature","properties":{"Name":"Oakland I","Max_Voltag":115,"Owner":"PG&E","COUNTY":"Alameda County","Status":"Operational"},"geometry":{"type":"Point","coordinates":[-122.280737654277,37.7974389608387]}},{"type":"Feature","properties":{"Name":"Oakland X","Max_Voltag":115,"Owner":"PG&E","COUNTY":"Alameda County","Status":"Operational"},"geometry":{"type":"Point","coordinates":[-122.2312676876,37.8052898658455]}},{"type":"Feature","properties":{"Name":"Oakland L","Max_Voltag":115,"Owner":"PG&E","COUNTY":"Alameda County","Status":"Operational"},"geometry":{"type":"Point","coordinates":[-122.271413005084,37.8103139950902]}},{"type":"Feature","properties":{"Name":"Tracy","Max_Voltag":500,"Owner":"WAPA","COUNTY":"Alameda County","Status":"Operational"},"geometry":{"type":"Point","coordinates":[-121.580405386815,37.7980378607836]}},{"type":"Feature","properties":{"Name":"Mt. House","Max_Voltag":60,"Owner":"PG&E","COUNTY":"Alameda County","Status":"Operational"},"geometry":{"type":"Point","coordinates":[-121.559570164847,37.7942173507344]}},{"type":"Feature","properties":{"Name":"California Energy Tesla","Max_Voltag":60,"Owner":"PG&E","COUNTY":"Alameda County","Status":"Operational"},"geometry":{"type":"Point","coordinates":[-121.649493593608,37.7490891136687]}},{"type":"Feature","properties":{"Name":"Delta Pumps","Max_Voltag":0,"Owner":"Other","COUNTY":"Alameda County","Status":"Operational"},"geometry":{"type":"Point","coordinates":[-121.620951795784,37.8005887063476]}},{"type":"Feature","properties":{"Name":"Fayette Energy Corp.","Max_Voltag":230,"Owner":"Other","COUNTY":"Alameda County","Status":"Operational"},"geometry":{"type":"Point","coordinates":[-121.598343994742,37.7473860107499]}},{"type":"Feature","properties":{"Name":"NCPA Alameda","Max_Voltag":115,"Owner":"Other","COUNTY":"Alameda County","Status":"Operational"},"geometry":{"type":"Point","coordinates":[-122.289829231078,37.7886862385061]}},{"type":"Feature","properties":{"Name":"Cartwright","Max_Voltag":115,"Owner":"Other","COUNTY":"Alameda County","Status":"Operational"},"geometry":{"type":"Point","coordinates":[-122.29269608573,37.7793206468059]}},{"type":"Feature","properties":{"Name":"Green Ridge Services","Max_Voltag":60,"Owner":"PG&E","COUNTY":"Alameda County","Status":"Operational"},"geometry":{"type":"Point","coordinates":[-121.690745993051,37.7612499860898]}},{"type":"Feature","properties":{"Name":"Frick Green Ridge Power","Max_Voltag":60,"Owner":"PG&E","COUNTY":"Alameda County","Status":"Operational"},"geometry":{"type":"Point","coordinates":[-121.687753233224,37.7297417058623]}},{"type":"Feature","properties":{"Name":"Mammoth Pacific Il","Max_Voltag":115,"Owner":"SCE","COUNTY":"Mono County","Status":"Operational"},"geometry":{"type":"Point","coordinates":[-118.91004474573,37.6464579329868]}},{"type":"Feature","properties":{"Name":"Mammoth Pacific I","Max_Voltag":115,"Owner":"SCE","COUNTY":"Mono County","Status":"Operational"},"geometry":{"type":"Point","coordinates":[-118.914649183788,37.6455294192346]}},{"type":"Feature","properties":{"Name":"Lawrence Livermore","Max_Voltag":230,"Owner":"WAPA","COUNTY":"Alameda County","Status":"Operational"},"geometry":{"type":"Point","coordinates":[-121.695087207662,37.693325441636]}},{"type":"Feature","properties":{"Name":"Zond Wind","Max_Voltag":60,"Owner":"PG&E","COUNTY":"Alameda County","Status":"Operational"},"geometry":{"type":"Point","coordinates":[-121.658719929379,37.7431000652356]}},{"type":"Feature","properties":{"Name":"Lawrence Livermore Laboratory","Max_Voltag":115,"Owner":"PG&E","COUNTY":"Alameda County","Status":"Operational"},"geometry":{"type":"Point","coordinates":[-121.705288035854,37.6822389469728]}},{"type":"Feature","properties":{"Name":"Midway Green Ridge Services","Max_Voltag":0,"Owner":"PG&E","COUNTY":"Alameda County","Status":"Operational"},"geometry":{"type":"Point","coordinates":[-121.587259349176,37.726530802579]}},{"type":"Feature","properties":{"Name":"Patterson Pass","Max_Voltag":0,"Owner":"Other","COUNTY":"Alameda County","Status":"Operational"},"geometry":{"type":"Point","coordinates":[-121.610674057431,37.698586119726]}},{"type":"Feature","properties":{"Name":"Exchequer","Max_Voltag":115,"Owner":"PG&E","COUNTY":"Mariposa County","Status":"Operational"},"geometry":{"type":"Point","coordinates":[-120.272550484115,37.5841478321274]}},{"type":"Feature","properties":{"Name":"Dixon Landing","Max_Voltag":115,"Owner":"PG&E","COUNTY":"Alameda County","Status":"Operational"},"geometry":{"type":"Point","coordinates":[-121.921277989893,37.4575541422577]}},{"type":"Feature","properties":{"Name":"Reta","Max_Voltag":0,"Owner":"PG&E","COUNTY":"Merced County","Status":"Operational"},"geometry":{"type":"Point","coordinates":[-120.490054022152,37.4543924858253]}},{"type":"Feature","properties":{"Name":"San Joaquin Power","Max_Voltag":0,"Owner":"Other","COUNTY":"Merced County","Status":"Operational"},"geometry":{"type":"Point","coordinates":[-120.627864812434,37.3624449315849]}},{"type":"Feature","properties":{"Name":"Oxbow","Max_Voltag":0,"Owner":"SCE","COUNTY":"Inyo County","Status":"Operational"},"geometry":{"type":"Point","coordinates":[-118.481972327679,37.335314818447]}},{"type":"Feature","properties":{"Name":"White Mt. Radio","Max_Voltag":0,"Owner":"SCE","COUNTY":"Inyo County","Status":"Operational"},"geometry":{"type":"Point","coordinates":[-118.402857402366,37.4169381323299]}},{"type":"Feature","properties":{"Name":"Inyo","Max_Voltag":0,"Owner":"SCE","COUNTY":"Inyo County","Status":"Operational"},"geometry":{"type":"Point","coordinates":[-118.440930882309,37.3420728445336]}},{"type":"Feature","properties":{"Name":"Station G (Atwater)","Max_Voltag":230,"Owner":"LADWP","COUNTY":"Los Angeles County","Status":"Operational"},"geometry":{"type":"Point","coordinates":[-118.254429822593,34.1094181132976]}},{"type":"Feature","properties":{"Name":"Control","Max_Voltag":0,"Owner":"SCE","COUNTY":"Inyo County","Status":"Operational"},"geometry":{"type":"Point","coordinates":[-118.480885463204,37.3363200111994]}},{"type":"Feature","properties":{"Name":"Bishop Creek 3","Max_Voltag":0,"Owner":"SCE","COUNTY":"Inyo County","Status":"Operational"},"geometry":{"type":"Point","coordinates":[-118.531756746028,37.3022522968135]}},{"type":"Feature","properties":{"Name":"Bishop Creek 4","Max_Voltag":115,"Owner":"SCE","COUNTY":"Inyo County","Status":"Operational"},"geometry":{"type":"Point","coordinates":[-118.501767904216,37.3230371085554]}},{"type":"Feature","properties":{"Name":"Control Gorge","Max_Voltag":230,"Owner":"LADWP","COUNTY":"Inyo County","Status":"Operational"},"geometry":{"type":"Point","coordinates":[-118.557815959732,37.4377653016125]}},{"type":"Feature","properties":{"Name":"South Bay","Max_Voltag":0,"Owner":"SDG&E","COUNTY":"San Diego County","Status":"Operational"},"geometry":{"type":"Point","coordinates":[-117.094923415582,32.6151485066183]}},{"type":"Feature","properties":{"Name":"Dwp","Max_Voltag":0,"Owner":"SCE","COUNTY":"Inyo County","Status":"Operational"},"geometry":{"type":"Point","coordinates":[-118.398522739168,37.3601916909454]}},{"type":"Feature","properties":{"Name":"Bishop Creek 2","Max_Voltag":55,"Owner":"SCE","COUNTY":"Inyo County","Status":"Operational"},"geometry":{"type":"Point","coordinates":[-118.573630523628,37.2738710390758]}},{"type":"Feature","properties":{"Name":"Balch 1","Max_Voltag":0,"Owner":"PG&E","COUNTY":"Fresno County","Status":"Operational"},"geometry":{"type":"Point","coordinates":[-119.083850623408,36.9200014125753]}},{"type":"Feature","properties":{"Name":"Big Creek 2A","Max_Voltag":0,"Owner":"SCE","COUNTY":"Fresno County","Status":"Operational"},"geometry":{"type":"Point","coordinates":[-119.306868380883,37.2001069428696]}},{"type":"Feature","properties":{"Name":"Big Creek 2","Max_Voltag":0,"Owner":"SCE","COUNTY":"Fresno County","Status":"Operational"},"geometry":{"type":"Point","coordinates":[-119.305762250239,37.1990370896229]}},{"type":"Feature","properties":{"Name":"Big Creek 1","Max_Voltag":0,"Owner":"SCE","COUNTY":"Fresno County","Status":"Operational"},"geometry":{"type":"Point","coordinates":[-119.242925000894,37.2039555553768]}},{"type":"Feature","properties":{"Name":"Eastwood","Max_Voltag":230,"Owner":"SCE","COUNTY":"Fresno County","Status":"Operational"},"geometry":{"type":"Point","coordinates":[-119.25661666611,37.1480000005187]}},{"type":"Feature","properties":{"Name":"Balch 2","Max_Voltag":230,"Owner":"PG&E","COUNTY":"Fresno County","Status":"Operational"},"geometry":{"type":"Point","coordinates":[-119.087593449547,36.9089895714722]}},{"type":"Feature","properties":{"Name":"Haas","Max_Voltag":230,"Owner":"PG&E","COUNTY":"Fresno County","Status":"Operational"},"geometry":{"type":"Point","coordinates":[-119.02080883935,36.9273955149612]}},{"type":"Feature","properties":{"Name":"Helm's Pumped Storage","Max_Voltag":230,"Owner":"PG&E","COUNTY":"Fresno County","Status":"Operational"},"geometry":{"type":"Point","coordinates":[-118.963694981258,37.039117991415]}},{"type":"Feature","properties":{"Name":"Lockeford","Max_Voltag":230,"Owner":"PG&E","COUNTY":"San Joaquin County","Status":"Operational"},"geometry":{"type":"Point","coordinates":[-121.160560125514,38.1177480856814]}},{"type":"Feature","properties":{"Name":"Big Creek 8","Max_Voltag":0,"Owner":"SCE","COUNTY":"Fresno County","Status":"Operational"},"geometry":{"type":"Point","coordinates":[-119.328853004443,37.2097127152179]}},{"type":"Feature","properties":{"Name":"Wishon","Max_Voltag":115,"Owner":"Other","COUNTY":"Madera County","Status":"Operational"},"geometry":{"type":"Point","coordinates":[-119.504660893615,37.1513521878408]}},{"type":"Feature","properties":{"Name":"Mammoth","Max_Voltag":0,"Owner":"SCE","COUNTY":"Madera County","Status":"Operational"},"geometry":{"type":"Point","coordinates":[-119.338019447738,37.2202833328056]}},{"type":"Feature","properties":{"Name":"Big Creek 4","Max_Voltag":0,"Owner":"SCE","COUNTY":"Madera County","Status":"Operational"},"geometry":{"type":"Point","coordinates":[-119.488738889414,37.1388666670951]}},{"type":"Feature","properties":{"Name":"San Joaquin 2","Max_Voltag":60,"Owner":"PG&E","COUNTY":"Madera County","Status":"Operational"},"geometry":{"type":"Point","coordinates":[-119.496890242726,37.20359878029]}},{"type":"Feature","properties":{"Name":"San Joaquin 1A","Max_Voltag":60,"Owner":"PG&E","COUNTY":"Madera County","Status":"Operational"},"geometry":{"type":"Point","coordinates":[-119.494460824499,37.1588133109247]}},{"type":"Feature","properties":{"Name":"Chevron Los Banos","Max_Voltag":0,"Owner":"Other","COUNTY":"Merced County","Status":"Operational"},"geometry":{"type":"Point","coordinates":[-121.016872676119,37.0869086409469]}},{"type":"Feature","properties":{"Name":"Wolfsen Bypass","Max_Voltag":115,"Owner":"PG&E","COUNTY":"Merced County","Status":"Operational"},"geometry":{"type":"Point","coordinates":[-121.047455547777,37.0983030513339]}},{"type":"Feature","properties":{"Name":"Division Creek","Max_Voltag":0,"Owner":"SCE","COUNTY":"Inyo County","Status":"Operational"},"geometry":{"type":"Point","coordinates":[-118.256951309154,36.940070466232]}},{"type":"Feature","properties":{"Name":"Big Pine","Max_Voltag":0,"Owner":"SCE","COUNTY":"Inyo County","Status":"Operational"},"geometry":{"type":"Point","coordinates":[-118.324160611377,37.1420715613705]}},{"type":"Feature","properties":{"Name":"Wright","Max_Voltag":230,"Owner":"PG&E","COUNTY":"Merced County","Status":"Operational"},"geometry":{"type":"Point","coordinates":[-120.945233329378,37.0134111126607]}},{"type":"Feature","properties":{"Name":"Pacheco","Max_Voltag":70,"Owner":"WAPA","COUNTY":"Merced County","Status":"Operational"},"geometry":{"type":"Point","coordinates":[-121.180109958023,37.0623223323275]}},{"type":"Feature","properties":{"Name":"San Luis","Max_Voltag":230,"Owner":"PG&E","COUNTY":"Merced County","Status":"Operational"},"geometry":{"type":"Point","coordinates":[-121.075452774299,37.0666666878549]}},{"type":"Feature","properties":{"Name":"Kerchoff 1","Max_Voltag":115,"Owner":"PG&E","COUNTY":"Fresno County","Status":"Operational"},"geometry":{"type":"Point","coordinates":[-119.552666433901,37.0922460985997]}},{"type":"Feature","properties":{"Name":"Auberry","Max_Voltag":70,"Owner":"PG&E","COUNTY":"Fresno County","Status":"Operational"},"geometry":{"type":"Point","coordinates":[-119.495716474332,37.0679880621518]}},{"type":"Feature","properties":{"Name":"Big Creek 3","Max_Voltag":0,"Owner":"SCE","COUNTY":"Fresno County","Status":"Operational"},"geometry":{"type":"Point","coordinates":[-119.388538712244,37.1482111574867]}},{"type":"Feature","properties":{"Name":"Kerchoff 2","Max_Voltag":115,"Owner":"PG&E","COUNTY":"Fresno County","Status":"Operational"},"geometry":{"type":"Point","coordinates":[-119.558036997455,37.0718775152295]}},{"type":"Feature","properties":{"Name":"Pine Flat","Max_Voltag":230,"Owner":"PG&E","COUNTY":"Fresno County","Status":"Operational"},"geometry":{"type":"Point","coordinates":[-119.326800879533,36.8327472678533]}},{"type":"Feature","properties":{"Name":"San Luis 3","Max_Voltag":230,"Owner":"PG&E","COUNTY":"Merced County","Status":"Operational"},"geometry":{"type":"Point","coordinates":[-120.777286564918,36.8620734446133]}},{"type":"Feature","properties":{"Name":"San Luis 5","Max_Voltag":0,"Owner":"PG&E","COUNTY":"Fresno County","Status":"Operational"},"geometry":{"type":"Point","coordinates":[-120.729744014532,36.780020578118]}},{"type":"Feature","properties":{"Name":"Dolan Road","Max_Voltag":0,"Owner":"PG&E","COUNTY":"Monterey County","Status":"Operational"},"geometry":{"type":"Point","coordinates":[-121.769070613814,36.8002281223768]}},{"type":"Feature","properties":{"Name":"Moss Landing","Max_Voltag":500,"Owner":"PG&E","COUNTY":"Monterey County","Status":"Operational"},"geometry":{"type":"Point","coordinates":[-121.77572736453,36.8061298304735]}},{"type":"Feature","properties":{"Name":"Ashlan Ave","Max_Voltag":0,"Owner":"PG&E","COUNTY":"Fresno County","Status":"Operational"},"geometry":{"type":"Point","coordinates":[-119.828008009591,36.7928903955391]}},{"type":"Feature","properties":{"Name":"Reservation Road","Max_Voltag":60,"Owner":"PG&E","COUNTY":"Monterey County","Status":"Operational"},"geometry":{"type":"Point","coordinates":[-121.68806042022,36.6240433657932]}},{"type":"Feature","properties":{"Name":"California Ave","Max_Voltag":0,"Owner":"PG&E","COUNTY":"Fresno County","Status":"Operational"},"geometry":{"type":"Point","coordinates":[-119.764185021816,36.7195179833392]}},{"type":"Feature","properties":{"Name":"Rio Bravo Fresno","Max_Voltag":115,"Owner":"PG&E","COUNTY":"Fresno County","Status":"Operational"},"geometry":{"type":"Point","coordinates":[-119.72371782539,36.688860041245]}},{"type":"Feature","properties":{"Name":"Kings River Consrv.","Max_Voltag":115,"Owner":"PG&E","COUNTY":"Fresno County","Status":"Operational"},"geometry":{"type":"Point","coordinates":[-119.740418065274,36.6904542739264]}},{"type":"Feature","properties":{"Name":"Valley Nitrogen","Max_Voltag":60,"Owner":"Other","COUNTY":"Fresno County","Status":"Operational"},"geometry":{"type":"Point","coordinates":[-120.111308370339,36.5496631798497]}},{"type":"Feature","properties":{"Name":"East Bank","Max_Voltag":115,"Owner":"Other","COUNTY":"Fresno County","Status":"Operational"},"geometry":{"type":"Point","coordinates":[-119.580677206119,36.5394171106559]}},{"type":"Feature","properties":{"Name":"Cottonwood Creek","Max_Voltag":0,"Owner":"LADWP","COUNTY":"Inyo County","Status":"Operational"},"geometry":{"type":"Point","coordinates":[-118.04505345073,36.4439228369993]}},{"type":"Feature","properties":{"Name":"Coalinga 1","Max_Voltag":60,"Owner":"PG&E","COUNTY":"Fresno County","Status":"Operational"},"geometry":{"type":"Point","coordinates":[-120.344229142032,36.1362032909331]}},{"type":"Feature","properties":{"Name":"Coalinga 2","Max_Voltag":60,"Owner":"PG&E","COUNTY":"Fresno County","Status":"Operational"},"geometry":{"type":"Point","coordinates":[-120.314716237539,36.2371953079992]}},{"type":"Feature","properties":{"Name":"Coso 1-3","Max_Voltag":0,"Owner":"SCE","COUNTY":"Inyo County","Status":"Operational"},"geometry":{"type":"Point","coordinates":[-117.797961706023,36.0367316919736]}},{"type":"Feature","properties":{"Name":"Coso 8-9","Max_Voltag":115,"Owner":"SCE","COUNTY":"Inyo County","Status":"Operational"},"geometry":{"type":"Point","coordinates":[-117.790186105417,36.001450006959]}},{"type":"Feature","properties":{"Name":"Coso 7","Max_Voltag":0,"Owner":"SCE","COUNTY":"Inyo County","Status":"Operational"},"geometry":{"type":"Point","coordinates":[-117.810185371351,36.0061752318851]}},{"type":"Feature","properties":{"Name":"Coso 4-6","Max_Voltag":115,"Owner":"SCE","COUNTY":"Inyo County","Status":"Operational"},"geometry":{"type":"Point","coordinates":[-117.791532798606,36.0185891385418]}},{"type":"Feature","properties":{"Name":"Calpine Corp.","Max_Voltag":0,"Owner":"Other","COUNTY":"Monterey County","Status":"Operational"},"geometry":{"type":"Point","coordinates":[-121.128344441859,36.2258777823453]}},{"type":"Feature","properties":{"Name":"Calpine King Energy Center","Max_Voltag":0,"Owner":"Other","COUNTY":"Monterey County","Status":"Operational"},"geometry":{"type":"Point","coordinates":[-121.125261418414,36.2246084334659]}},{"type":"Feature","properties":{"Name":"Quebec Corcoran State Prison","Max_Voltag":60,"Owner":"Other","COUNTY":"Kings County","Status":"Operational"},"geometry":{"type":"Point","coordinates":[-119.549947234435,36.0565777665243]}},{"type":"Feature","properties":{"Name":"Kern River 1","Max_Voltag":0,"Owner":"SCE","COUNTY":"Kern County","Status":"Operational"},"geometry":{"type":"Point","coordinates":[-118.779608186089,35.4601679587301]}},{"type":"Feature","properties":{"Name":"Kern River 3","Max_Voltag":66,"Owner":"SCE","COUNTY":"Kern County","Status":"Operational"},"geometry":{"type":"Point","coordinates":[-118.43624680411,35.7762027854997]}},{"type":"Feature","properties":{"Name":"Lost Hills (Chevron)","Max_Voltag":70,"Owner":"Other","COUNTY":"Kern County","Status":"Operational"},"geometry":{"type":"Point","coordinates":[-119.70833184053,35.6056031298694]}},{"type":"Feature","properties":{"Name":"North Generator","Max_Voltag":115,"Owner":"PG&E","COUNTY":"Kern County","Status":"Operational"},"geometry":{"type":"Point","coordinates":[-119.544259977015,35.5782027316532]}},{"type":"Feature","properties":{"Name":"Poso Mt.","Max_Voltag":115,"Owner":"PG&E","COUNTY":"Kern County","Status":"Operational"},"geometry":{"type":"Point","coordinates":[-118.957643214446,35.55923488996]}},{"type":"Feature","properties":{"Name":"Omar","Max_Voltag":0,"Owner":"SCE","COUNTY":"Kern County","Status":"Operational"},"geometry":{"type":"Point","coordinates":[-118.983922173136,35.451376666986]}},{"type":"Feature","properties":{"Name":"Sierra","Max_Voltag":115,"Owner":"PG&E","COUNTY":"Kern County","Status":"Operational"},"geometry":{"type":"Point","coordinates":[-119.040602954328,35.5157588917826]}},{"type":"Feature","properties":{"Name":"Oildale Cogen","Max_Voltag":115,"Owner":"Other","COUNTY":"Kern County","Status":"Operational"},"geometry":{"type":"Point","coordinates":[-119.007340000342,35.4170740578114]}},{"type":"Feature","properties":{"Name":"Dai/Oildale Cogen","Max_Voltag":115,"Owner":"PG&E","COUNTY":"Kern County","Status":"Operational"},"geometry":{"type":"Point","coordinates":[-119.013306147826,35.4404207630474]}},{"type":"Feature","properties":{"Name":"Cantil","Max_Voltag":33,"Owner":"SCE","COUNTY":"Kern County","Status":"Operational"},"geometry":{"type":"Point","coordinates":[-117.950144758418,35.3081890979483]}},{"type":"Feature","properties":{"Name":"U.S. Navy 35R","Max_Voltag":115,"Owner":"Other","COUNTY":"Kern County","Status":"Operational"},"geometry":{"type":"Point","coordinates":[-119.474121645943,35.2769641949796]}},{"type":"Feature","properties":{"Name":"Sunset","Max_Voltag":115,"Owner":"Other","COUNTY":"Kern County","Status":"Operational"},"geometry":{"type":"Point","coordinates":[-119.474105038788,35.2722524815726]}},{"type":"Feature","properties":{"Name":"Elk Hills Cogen 1","Max_Voltag":115,"Owner":"PG&E","COUNTY":"Kern County","Status":"Operational"},"geometry":{"type":"Point","coordinates":[-119.469921252134,35.2813407595081]}},{"type":"Feature","properties":{"Name":"Elk Hills Cogen 2","Max_Voltag":115,"Owner":"PG&E","COUNTY":"Kern County","Status":"Operational"},"geometry":{"type":"Point","coordinates":[-119.472870449957,35.2811776826461]}},{"type":"Feature","properties":{"Name":"Elk Hills Cogen 3","Max_Voltag":0,"Owner":"PG&E","COUNTY":"Kern County","Status":"Operational"},"geometry":{"type":"Point","coordinates":[-119.464180229646,35.2786367029279]}},{"type":"Feature","properties":{"Name":"Mobil South Belridge","Max_Voltag":115,"Owner":"Other","COUNTY":"Kern County","Status":"Operational"},"geometry":{"type":"Point","coordinates":[-119.687638792227,35.4248771789623]}},{"type":"Feature","properties":{"Name":"Welport","Max_Voltag":0,"Owner":"PG&E","COUNTY":"Kern County","Status":"Operational"},"geometry":{"type":"Point","coordinates":[-119.675500660887,35.36348180261]}},{"type":"Feature","properties":{"Name":"Mckittrick","Max_Voltag":70,"Owner":"PG&E","COUNTY":"Kern County","Status":"Operational"},"geometry":{"type":"Point","coordinates":[-119.627009522798,35.296319242562]}},{"type":"Feature","properties":{"Name":"Bear Mt. Limited","Max_Voltag":115,"Owner":"Other","COUNTY":"Kern County","Status":"Operational"},"geometry":{"type":"Point","coordinates":[-118.92702222188,35.4188444435144]}},{"type":"Feature","properties":{"Name":"Kern Canyon","Max_Voltag":70,"Owner":"PG&E","COUNTY":"Kern County","Status":"Operational"},"geometry":{"type":"Point","coordinates":[-118.796752902494,35.44056460333]}},{"type":"Feature","properties":{"Name":"Downs","Max_Voltag":0,"Owner":"SCE","COUNTY":"Kern County","Status":"Operational"},"geometry":{"type":"Point","coordinates":[-117.688303291193,35.6220248535356]}},{"type":"Feature","properties":{"Name":"Wheeler","Max_Voltag":230,"Owner":"Other","COUNTY":"Kern County","Status":"Operational"},"geometry":{"type":"Point","coordinates":[-119.004479234471,35.0295790707054]}},{"type":"Feature","properties":{"Name":"Morwind","Max_Voltag":66,"Owner":"SCE","COUNTY":"Kern County","Status":"Operational"},"geometry":{"type":"Point","coordinates":[-118.269917124841,35.0587457652416]}},{"type":"Feature","properties":{"Name":"Eastwind","Max_Voltag":220,"Owner":"SCE","COUNTY":"Kern County","Status":"Operational"},"geometry":{"type":"Point","coordinates":[-118.276312093008,35.0446758967619]}},{"type":"Feature","properties":{"Name":"Westwind","Max_Voltag":220,"Owner":"SCE","COUNTY":"Kern County","Status":"Operational"},"geometry":{"type":"Point","coordinates":[-118.276390753986,35.0437996469271]}},{"type":"Feature","properties":{"Name":"Mojave 17","Max_Voltag":66,"Owner":"SCE","COUNTY":"Kern County","Status":"Operational"},"geometry":{"type":"Point","coordinates":[-118.280883371554,35.0460420169259]}},{"type":"Feature","properties":{"Name":"Winderness","Max_Voltag":220,"Owner":"SCE","COUNTY":"Kern County","Status":"Operational"},"geometry":{"type":"Point","coordinates":[-118.292898948435,35.0386064165054]}},{"type":"Feature","properties":{"Name":"Midway-Sunset Cogeneration","Max_Voltag":0,"Owner":"PG&E","COUNTY":"Kern County","Status":"Operational"},"geometry":{"type":"Point","coordinates":[-119.631011110452,35.2273222198752]}},{"type":"Feature","properties":{"Name":"Midway-Sunset Cogen 2","Max_Voltag":0,"Owner":"PG&E","COUNTY":"Kern County","Status":"Operational"},"geometry":{"type":"Point","coordinates":[-119.630852801248,35.2264833709686]}},{"type":"Feature","properties":{"Name":"Midway-Sunset Cogen 3","Max_Voltag":0,"Owner":"PG&E","COUNTY":"Kern County","Status":"Operational"},"geometry":{"type":"Point","coordinates":[-119.629763899393,35.225580568857]}},{"type":"Feature","properties":{"Name":"North Midway","Max_Voltag":0,"Owner":"PG&E","COUNTY":"Kern County","Status":"Operational"},"geometry":{"type":"Point","coordinates":[-119.598886311151,35.2763581321272]}},{"type":"Feature","properties":{"Name":"Dome Project","Max_Voltag":70,"Owner":"PG&E","COUNTY":"Kern County","Status":"Operational"},"geometry":{"type":"Point","coordinates":[-119.559497447002,35.2252753120693]}},{"type":"Feature","properties":{"Name":"University","Max_Voltag":115,"Owner":"Other","COUNTY":"Kern County","Status":"Operational"},"geometry":{"type":"Point","coordinates":[-119.502752787509,35.1457166954929]}},{"type":"Feature","properties":{"Name":"Buena Vista Pumps","Max_Voltag":0,"Owner":"PG&E","COUNTY":"Kern County","Status":"Operational"},"geometry":{"type":"Point","coordinates":[-119.348896972342,35.1580078602957]}},{"type":"Feature","properties":{"Name":"Berry","Max_Voltag":70,"Owner":"PG&E","COUNTY":"Kern County","Status":"Operational"},"geometry":{"type":"Point","coordinates":[-119.441227045241,35.0898044812103]}},{"type":"Feature","properties":{"Name":"Lebec","Max_Voltag":70,"Owner":"Other","COUNTY":"Kern County","Status":"Operational"},"geometry":{"type":"Point","coordinates":[-118.88053906998,34.8602625274137]}},{"type":"Feature","properties":{"Name":"U.S. Borax","Max_Voltag":115,"Owner":"Other","COUNTY":"Kern County","Status":"Operational"},"geometry":{"type":"Point","coordinates":[-117.700310484098,35.032520735468]}},{"type":"Feature","properties":{"Name":"San Francisquito 1","Max_Voltag":0,"Owner":"LADWP","COUNTY":"Los Angeles County","Status":"Operational"},"geometry":{"type":"Point","coordinates":[-118.454616032943,34.5902458818392]}},{"type":"Feature","properties":{"Name":"Grayson","Max_Voltag":66,"Owner":"Other","COUNTY":"Los Angeles County","Status":"Operational"},"geometry":{"type":"Point","coordinates":[-118.277598373596,34.1559128191039]}},{"type":"Feature","properties":{"Name":"Magnolia","Max_Voltag":0,"Owner":"Other","COUNTY":"Los Angeles County","Status":"Operational"},"geometry":{"type":"Point","coordinates":[-118.316145964583,34.1778035936299]}},{"type":"Feature","properties":{"Name":"Glendale","Max_Voltag":0,"Owner":"Other","COUNTY":"Los Angeles County","Status":"Operational"},"geometry":{"type":"Point","coordinates":[-118.303849660582,34.1716075240983]}},{"type":"Feature","properties":{"Name":"Station 54","Max_Voltag":66,"Owner":"SCE","COUNTY":"Los Angeles County","Status":"Operational"},"geometry":{"type":"Point","coordinates":[-118.287745525653,34.1013991834052]}},{"type":"Feature","properties":{"Name":"Station 66","Max_Voltag":0,"Owner":"LADWP","COUNTY":"Los Angeles County","Status":"Operational"},"geometry":{"type":"Point","coordinates":[-118.476028869842,34.050999905625]}},{"type":"Feature","properties":{"Name":"Spadra","Max_Voltag":66,"Owner":"SCE","COUNTY":"Los Angeles County","Status":"Operational"},"geometry":{"type":"Point","coordinates":[-117.821835759713,34.0407763215053]}},{"type":"Feature","properties":{"Name":"Walnut","Max_Voltag":0,"Owner":"SCE","COUNTY":"Los Angeles County","Status":"Operational"},"geometry":{"type":"Point","coordinates":[-117.949927797311,34.0082706393433]}},{"type":"Feature","properties":{"Name":"Puente Hills","Max_Voltag":66,"Owner":"SCE","COUNTY":"Los Angeles County","Status":"Operational"},"geometry":{"type":"Point","coordinates":[-118.024197155184,34.024072004656]}},{"type":"Feature","properties":{"Name":"Coidgen","Max_Voltag":66,"Owner":"SCE","COUNTY":"Los Angeles County","Status":"Closed"},"geometry":{"type":"Point","coordinates":[-118.202462362459,34.0186741475009]}},{"type":"Feature","properties":{"Name":"Station N (Airport)","Max_Voltag":138,"Owner":"LADWP","COUNTY":"Los Angeles County","Status":"Operational"},"geometry":{"type":"Point","coordinates":[-118.37617598675,33.9618150067771]}},{"type":"Feature","properties":{"Name":"Chevmain","Max_Voltag":0,"Owner":"SCE","COUNTY":"Los Angeles County","Status":"Operational"},"geometry":{"type":"Point","coordinates":[-118.402886849141,33.902489242636]}},{"type":"Feature","properties":{"Name":"Icegen","Max_Voltag":0,"Owner":"SCE","COUNTY":"Los Angeles County","Status":"Operational"},"geometry":{"type":"Point","coordinates":[-118.249108140866,33.8757520464298]}},{"type":"Feature","properties":{"Name":"Redondo 1","Max_Voltag":0,"Owner":"SCE","COUNTY":"Los Angeles County","Status":"Operational"},"geometry":{"type":"Point","coordinates":[-118.3938229144,33.8526391063703]}},{"type":"Feature","properties":{"Name":"Outfall","Max_Voltag":66,"Owner":"SCE","COUNTY":"Los Angeles County","Status":"Operational"},"geometry":{"type":"Point","coordinates":[-118.282146097417,33.8037203141134]}},{"type":"Feature","properties":{"Name":"Shell Los Angeles","Max_Voltag":66,"Owner":"SCE","COUNTY":"Los Angeles County","Status":"Operational"},"geometry":{"type":"Point","coordinates":[-118.235350581529,33.7940594843829]}},{"type":"Feature","properties":{"Name":"Harbor","Max_Voltag":138,"Owner":"LADWP","COUNTY":"Los Angeles County","Status":"Operational"},"geometry":{"type":"Point","coordinates":[-118.265192866796,33.7700743793339]}},{"type":"Feature","properties":{"Name":"Hanjin","Max_Voltag":66,"Owner":"SCE","COUNTY":"Los Angeles County","Status":"Operational"},"geometry":{"type":"Point","coordinates":[-118.227869087551,33.7751422210787]}},{"type":"Feature","properties":{"Name":"Long Beach","Max_Voltag":0,"Owner":"SCE","COUNTY":"Los Angeles County","Status":"Operational"},"geometry":{"type":"Point","coordinates":[-118.225150725314,33.7656395046552]}},{"type":"Feature","properties":{"Name":"Salton Sea 1","Max_Voltag":92,"Owner":"IID","COUNTY":"Imperial County","Status":"Operational"},"geometry":{"type":"Point","coordinates":[-115.646785481684,33.1571043207197]}},{"type":"Feature","properties":{"Name":"Salton Sea 3","Max_Voltag":92,"Owner":"IID","COUNTY":"Imperial County","Status":"Operational"},"geometry":{"type":"Point","coordinates":[-115.639965367842,33.1568204220598]}},{"type":"Feature","properties":{"Name":"Salton Sea 2","Max_Voltag":92,"Owner":"IID","COUNTY":"Imperial County","Status":"Operational"},"geometry":{"type":"Point","coordinates":[-115.640003823821,33.1577481007557]}},{"type":"Feature","properties":{"Name":"Vulcan","Max_Voltag":92,"Owner":"IID","COUNTY":"Imperial County","Status":"Operational"},"geometry":{"type":"Point","coordinates":[-115.617725585012,33.1623247528768]}},{"type":"Feature","properties":{"Name":"A W Hoch","Max_Voltag":92,"Owner":"IID","COUNTY":"Imperial County","Status":"Operational"},"geometry":{"type":"Point","coordinates":[-115.615313247352,33.1643695450604]}},{"type":"Feature","properties":{"Name":"J J Elmore","Max_Voltag":92,"Owner":"IID","COUNTY":"Imperial County","Status":"Operational"},"geometry":{"type":"Point","coordinates":[-115.604292580699,33.1780848368809]}},{"type":"Feature","properties":{"Name":"J M Leathers","Max_Voltag":92,"Owner":"IID","COUNTY":"Imperial County","Status":"Operational"},"geometry":{"type":"Point","coordinates":[-115.565825640458,33.178387267043]}},{"type":"Feature","properties":{"Name":"Rockwood","Max_Voltag":92,"Owner":"IID","COUNTY":"Imperial County","Status":"Operational"},"geometry":{"type":"Point","coordinates":[-115.534644468362,32.968518210328]}},{"type":"Feature","properties":{"Name":"Mesquite Research Recovery","Max_Voltag":92,"Owner":"IID","COUNTY":"Imperial County","Status":"Operational"},"geometry":{"type":"Point","coordinates":[-115.513890894271,32.9060876093011]}},{"type":"Feature","properties":{"Name":"East Mesa 1","Max_Voltag":92,"Owner":"IID","COUNTY":"Imperial County","Status":"Operational"},"geometry":{"type":"Point","coordinates":[-115.257335851695,32.8164702538416]}},{"type":"Feature","properties":{"Name":"East Mesa 2","Max_Voltag":92,"Owner":"IID","COUNTY":"Imperial County","Status":"Operational"},"geometry":{"type":"Point","coordinates":[-115.248790268229,32.786587884903]}},{"type":"Feature","properties":{"Name":"East Mesa 3","Max_Voltag":92,"Owner":"IID","COUNTY":"Imperial County","Status":"Operational"},"geometry":{"type":"Point","coordinates":[-115.264866666775,32.7745111103127]}},{"type":"Feature","properties":{"Name":"Gem III","Max_Voltag":92,"Owner":"IID","COUNTY":"Imperial County","Status":"Operational"},"geometry":{"type":"Point","coordinates":[-115.263292232696,32.7752361062393]}},{"type":"Feature","properties":{"Name":"Drop 4","Max_Voltag":0,"Owner":"IID","COUNTY":"Imperial County","Status":"Operational"},"geometry":{"type":"Point","coordinates":[-115.217906959515,32.7060741628663]}},{"type":"Feature","properties":{"Name":"Drop 3","Max_Voltag":0,"Owner":"IID","COUNTY":"Imperial County","Status":"Operational"},"geometry":{"type":"Point","coordinates":[-115.126370640696,32.7060576973011]}},{"type":"Feature","properties":{"Name":"Siphon Drop","Max_Voltag":0,"Owner":"IID","COUNTY":"Imperial County","Status":"Operational"},"geometry":{"type":"Point","coordinates":[-114.634409256309,32.7791657215896]}},{"type":"Feature","properties":{"Name":"Heber Geothermal","Max_Voltag":0,"Owner":"IID","COUNTY":"Imperial County","Status":"Operational"},"geometry":{"type":"Point","coordinates":[-115.517495269364,32.7145033947712]}},{"type":"Feature","properties":{"Name":"Drop 5","Max_Voltag":92,"Owner":"IID","COUNTY":"Imperial County","Status":"Operational"},"geometry":{"type":"Point","coordinates":[-115.392056064599,32.6735382683225]}},{"type":"Feature","properties":{"Name":"Iron Gate","Max_Voltag":69,"Owner":"PCORP","COUNTY":"Siskiyou County","Status":"Operational"},"geometry":{"type":"Point","coordinates":[-122.436748462234,41.9329810387341]}},{"type":"Feature","properties":{"Name":"Copco 1","Max_Voltag":69,"Owner":"PCORP","COUNTY":"Siskiyou County","Status":"Operational"},"geometry":{"type":"Point","coordinates":[-122.335938707176,41.9798696363247]}},{"type":"Feature","properties":{"Name":"Copco 2 A","Max_Voltag":230,"Owner":"PCORP","COUNTY":"Siskiyou County","Status":"Operational"},"geometry":{"type":"Point","coordinates":[-122.361380462971,41.9769376530455]}},{"type":"Feature","properties":{"Name":"Lucerne","Max_Voltag":115,"Owner":"PCORP","COUNTY":"Siskiyou County","Status":"Operational"},"geometry":{"type":"Point","coordinates":[-122.522659067213,41.6038318176905]}},{"type":"Feature","properties":{"Name":"Pit 1","Max_Voltag":230,"Owner":"PG&E","COUNTY":"Shasta County","Status":"Operational"},"geometry":{"type":"Point","coordinates":[-121.497791620488,40.9910349633164]}},{"type":"Feature","properties":{"Name":"Hat Creek 2","Max_Voltag":0,"Owner":"PG&E","COUNTY":"Shasta County","Status":"Operational"},"geometry":{"type":"Point","coordinates":[-121.548598544412,40.9609832360028]}},{"type":"Feature","properties":{"Name":"Pit 1 A","Max_Voltag":0,"Owner":"PG&E","COUNTY":"Shasta County","Status":"Operational"},"geometry":{"type":"Point","coordinates":[-121.496773244468,40.9897546642951]}},{"type":"Feature","properties":{"Name":"Pit 3","Max_Voltag":230,"Owner":"PG&E","COUNTY":"Shasta County","Status":"Operational"},"geometry":{"type":"Point","coordinates":[-121.747643640128,40.9976967165482]}},{"type":"Feature","properties":{"Name":"Pit 4","Max_Voltag":230,"Owner":"PG&E","COUNTY":"Shasta County","Status":"Operational"},"geometry":{"type":"Point","coordinates":[-121.849303287683,40.9870939591292]}},{"type":"Feature","properties":{"Name":"Cove Road","Max_Voltag":230,"Owner":"PG&E","COUNTY":"Shasta County","Status":"Operational"},"geometry":{"type":"Point","coordinates":[-121.928699734226,40.8776697287476]}},{"type":"Feature","properties":{"Name":"James B. Black","Max_Voltag":230,"Owner":"PG&E","COUNTY":"Shasta County","Status":"Operational"},"geometry":{"type":"Point","coordinates":[-121.974601527017,40.9925330553874]}},{"type":"Feature","properties":{"Name":"Pit 6","Max_Voltag":230,"Owner":"PG&E","COUNTY":"Shasta County","Status":"Operational"},"geometry":{"type":"Point","coordinates":[-121.992345387377,40.9222705533672]}},{"type":"Feature","properties":{"Name":"Pit 7","Max_Voltag":230,"Owner":"PG&E","COUNTY":"Shasta County","Status":"Operational"},"geometry":{"type":"Point","coordinates":[-121.991072429704,40.8466162551301]}},{"type":"Feature","properties":{"Name":"Pit 5","Max_Voltag":230,"Owner":"PG&E","COUNTY":"Shasta County","Status":"Operational"},"geometry":{"type":"Point","coordinates":[-121.976584911045,40.9867292861736]}},{"type":"Feature","properties":{"Name":"Trinity Hydro","Max_Voltag":230,"Owner":"Other","COUNTY":"Trinity County","Status":"Operational"},"geometry":{"type":"Point","coordinates":[-122.761431376631,40.7969677513468]}},{"type":"Feature","properties":{"Name":"Whiskeytown","Max_Voltag":230,"Owner":"WAPA","COUNTY":"Shasta County","Status":"Operational"},"geometry":{"type":"Point","coordinates":[-122.537118603351,40.5982364212924]}},{"type":"Feature","properties":{"Name":"Carr","Max_Voltag":230,"Owner":"WAPA","COUNTY":"Shasta County","Status":"Operational"},"geometry":{"type":"Point","coordinates":[-122.625739813614,40.6459034166202]}},{"type":"Feature","properties":{"Name":"Cedar Creek","Max_Voltag":0,"Owner":"PG&E","COUNTY":"Shasta County","Status":"Operational"},"geometry":{"type":"Point","coordinates":[-121.937788290891,40.7912136539779]}},{"type":"Feature","properties":{"Name":"Kilarc","Max_Voltag":60,"Owner":"PG&E","COUNTY":"Shasta County","Status":"Operational"},"geometry":{"type":"Point","coordinates":[-121.873092463155,40.6781755543496]}},{"type":"Feature","properties":{"Name":"Cow Creek","Max_Voltag":60,"Owner":"PG&E","COUNTY":"Shasta County","Status":"Operational"},"geometry":{"type":"Point","coordinates":[-122.020382706608,40.5718664702201]}},{"type":"Feature","properties":{"Name":"Mt. Gate","Max_Voltag":0,"Owner":"PG&E","COUNTY":"Shasta County","Status":"Operational"},"geometry":{"type":"Point","coordinates":[-122.322498102217,40.7372394246991]}},{"type":"Feature","properties":{"Name":"Beltline","Max_Voltag":115,"Owner":"Other","COUNTY":"Shasta County","Status":"Operational"},"geometry":{"type":"Point","coordinates":[-122.391896929367,40.6335789464431]}},{"type":"Feature","properties":{"Name":"Mt. Gate Junction","Max_Voltag":0,"Owner":"PG&E","COUNTY":"Shasta County","Status":"Operational"},"geometry":{"type":"Point","coordinates":[-122.308316289232,40.7443504248987]}},{"type":"Feature","properties":{"Name":"Moore Road","Max_Voltag":115,"Owner":"Other","COUNTY":"Shasta County","Status":"Operational"},"geometry":{"type":"Point","coordinates":[-122.377595142783,40.5350429618493]}},{"type":"Feature","properties":{"Name":"Oregon St","Max_Voltag":115,"Owner":"Other","COUNTY":"Shasta County","Status":"Operational"},"geometry":{"type":"Point","coordinates":[-122.395249059325,40.5864025147655]}},{"type":"Feature","properties":{"Name":"Waldon","Max_Voltag":115,"Owner":"Other","COUNTY":"Shasta County","Status":"Operational"},"geometry":{"type":"Point","coordinates":[-122.389484108413,40.5748453207005]}},{"type":"Feature","properties":{"Name":"Spring Creek","Max_Voltag":230,"Owner":"WAPA","COUNTY":"Shasta County","Status":"Operational"},"geometry":{"type":"Point","coordinates":[-122.46772913485,40.6280132952873]}},{"type":"Feature","properties":{"Name":"Knauf","Max_Voltag":115,"Owner":"Other","COUNTY":"Shasta County","Status":"Operational"},"geometry":{"type":"Point","coordinates":[-122.389430981149,40.6548243083637]}},{"type":"Feature","properties":{"Name":"Coleman","Max_Voltag":60,"Owner":"Other","COUNTY":"Shasta County","Status":"Operational"},"geometry":{"type":"Point","coordinates":[-122.121724560758,40.4049055555027]}},{"type":"Feature","properties":{"Name":"Airport Road 1","Max_Voltag":0,"Owner":"Other","COUNTY":"Shasta County","Status":"Operational"},"geometry":{"type":"Point","coordinates":[-122.315338903102,40.5180050460336]}},{"type":"Feature","properties":{"Name":"Airport","Max_Voltag":230,"Owner":"WAPA","COUNTY":"Shasta County","Status":"Operational"},"geometry":{"type":"Point","coordinates":[-122.315549412509,40.5194048465316]}},{"type":"Feature","properties":{"Name":"Canby","Max_Voltag":0,"Owner":"Other","COUNTY":"Shasta County","Status":"Operational"},"geometry":{"type":"Point","coordinates":[-122.353624961272,40.5757750599989]}},{"type":"Feature","properties":{"Name":"Volta 1","Max_Voltag":60,"Owner":"PG&E","COUNTY":"Shasta County","Status":"Operational"},"geometry":{"type":"Point","coordinates":[-121.866432818966,40.4595512665553]}},{"type":"Feature","properties":{"Name":"Inskip","Max_Voltag":60,"Owner":"PG&E","COUNTY":"Tehama County","Status":"Operational"},"geometry":{"type":"Point","coordinates":[-121.96510536608,40.4013295791484]}},{"type":"Feature","properties":{"Name":"Packaging","Max_Voltag":60,"Owner":"Other","COUNTY":"Tehama County","Status":"Operational"},"geometry":{"type":"Point","coordinates":[-122.211692830723,40.1446579066716]}},{"type":"Feature","properties":{"Name":"Butt Valley","Max_Voltag":115,"Owner":"PG&E","COUNTY":"Plumas County","Status":"Operational"},"geometry":{"type":"Point","coordinates":[-121.190746346957,40.1758192456931]}},{"type":"Feature","properties":{"Name":"Caribou 2","Max_Voltag":230,"Owner":"PG&E","COUNTY":"Plumas County","Status":"Operational"},"geometry":{"type":"Point","coordinates":[-121.148693029369,40.0861275680035]}},{"type":"Feature","properties":{"Name":"Belden","Max_Voltag":230,"Owner":"PG&E","COUNTY":"Plumas County","Status":"Operational"},"geometry":{"type":"Point","coordinates":[-121.249422049239,40.007405680657]}},{"type":"Feature","properties":{"Name":"Unknown","Max_Voltag":60,"Owner":"PG&E","COUNTY":"Plumas County","Status":"Operational"},"geometry":{"type":"Point","coordinates":[-120.944760343025,39.9749353459138]}},{"type":"Feature","properties":{"Name":"Black Butte","Max_Voltag":0,"Owner":"PG&E","COUNTY":"Tehama County","Status":"Low kV"},"geometry":{"type":"Point","coordinates":[-122.332517258719,39.8151533895301]}},{"type":"Feature","properties":{"Name":"Marble","Max_Voltag":60,"Owner":"Other","COUNTY":"Plumas County","Status":"Operational"},"geometry":{"type":"Point","coordinates":[-120.370873658449,39.7569682369286]}},{"type":"Feature","properties":{"Name":"Mohawk","Max_Voltag":60,"Owner":"Other","COUNTY":"Plumas County","Status":"Operational"},"geometry":{"type":"Point","coordinates":[-120.64490254937,39.8012675922246]}},{"type":"Feature","properties":{"Name":"Graeagle","Max_Voltag":0,"Owner":"Other","COUNTY":"Plumas County","Status":"Low kV"},"geometry":{"type":"Point","coordinates":[-120.617709562065,39.7711382301847]}},{"type":"Feature","properties":{"Name":"Haypress Middle","Max_Voltag":0,"Owner":"PG&E","COUNTY":"Sierra County","Status":"Low kV"},"geometry":{"type":"Point","coordinates":[-120.581610881848,39.5655500976307]}},{"type":"Feature","properties":{"Name":"Haypress Lower","Max_Voltag":0,"Owner":"PG&E","COUNTY":"Sierra County","Status":"Low kV"},"geometry":{"type":"Point","coordinates":[-120.596927404479,39.5657214162773]}},{"type":"Feature","properties":{"Name":"Kings Beach","Max_Voltag":0,"Owner":"Other","COUNTY":"Placer County","Status":"Operational"},"geometry":{"type":"Point","coordinates":[-120.027449421349,39.2458638059028]}},{"type":"Feature","properties":{"Name":"Truckee Tpud","Max_Voltag":0,"Owner":"Other","COUNTY":"Nevada County","Status":"Operational"},"geometry":{"type":"Point","coordinates":[-120.181220064549,39.330129083912]}},{"type":"Feature","properties":{"Name":"Drum 1","Max_Voltag":115,"Owner":"PG&E","COUNTY":"Placer County","Status":"Operational"},"geometry":{"type":"Point","coordinates":[-120.766795738993,39.2566672286511]}},{"type":"Feature","properties":{"Name":"Drum 2","Max_Voltag":115,"Owner":"PG&E","COUNTY":"Placer County","Status":"Operational"},"geometry":{"type":"Point","coordinates":[-120.766655070006,39.2574236254409]}},{"type":"Feature","properties":{"Name":"Middle Fork","Max_Voltag":230,"Owner":"PG&E","COUNTY":"Placer County","Status":"Operational"},"geometry":{"type":"Point","coordinates":[-120.596410170708,39.0242474282384]}},{"type":"Feature","properties":{"Name":"Greenleaf Unit Ii","Max_Voltag":0,"Owner":"Other","COUNTY":"Sutter County","Status":"Operational"},"geometry":{"type":"Point","coordinates":[-121.640113776178,39.1368695377802]}},{"type":"Feature","properties":{"Name":"Yuba City Station B","Max_Voltag":0,"Owner":"PG&E","COUNTY":"Sutter County","Status":"Operational"},"geometry":{"type":"Point","coordinates":[-121.638501755689,39.1384347109433]}},{"type":"Feature","properties":{"Name":"Sutter Power","Max_Voltag":0,"Owner":"PG&E","COUNTY":"Sutter County","Status":"Operational"},"geometry":{"type":"Point","coordinates":[-121.691904237659,39.0525087957836]}},{"type":"Feature","properties":{"Name":"Rio Bravo Rocklin","Max_Voltag":60,"Owner":"PG&E","COUNTY":"Placer County","Status":"Operational"},"geometry":{"type":"Point","coordinates":[-121.31400271565,38.8318712526619]}},{"type":"Feature","properties":{"Name":"Camp Far West","Max_Voltag":0,"Owner":"PG&E","COUNTY":"Placer County","Status":"Operational"},"geometry":{"type":"Point","coordinates":[-121.316920078977,39.0489019334674]}},{"type":"Feature","properties":{"Name":"Wise","Max_Voltag":115,"Owner":"PG&E","COUNTY":"Placer County","Status":"Operational"},"geometry":{"type":"Point","coordinates":[-121.098495834249,38.8899263586579]}},{"type":"Feature","properties":{"Name":"NCPA 3&4","Max_Voltag":230,"Owner":"PG&E","COUNTY":"Sonoma County","Status":"Operational"},"geometry":{"type":"Point","coordinates":[-122.711576370464,38.7487630837965]}},{"type":"Feature","properties":{"Name":"Aidlin Geothermal","Max_Voltag":115,"Owner":"PG&E","COUNTY":"Sonoma County","Status":"Operational"},"geometry":{"type":"Point","coordinates":[-122.881238131091,38.8340332699871]}},{"type":"Feature","properties":{"Name":"Geysers Unit 3","Max_Voltag":115,"Owner":"PG&E","COUNTY":"Sonoma County","Status":"Operational"},"geometry":{"type":"Point","coordinates":[-122.814979224879,38.8057043983714]}},{"type":"Feature","properties":{"Name":"Ridge Line","Max_Voltag":115,"Owner":"PG&E","COUNTY":"Sonoma County","Status":"Operational"},"geometry":{"type":"Point","coordinates":[-122.802039180061,38.8147140861735]}},{"type":"Feature","properties":{"Name":"Cobb Creek","Max_Voltag":230,"Owner":"PG&E","COUNTY":"Sonoma County","Status":"Operational"},"geometry":{"type":"Point","coordinates":[-122.783860177574,38.8053101045763]}},{"type":"Feature","properties":{"Name":"Socrates 18","Max_Voltag":230,"Owner":"PG&E","COUNTY":"Sonoma County","Status":"Operational"},"geometry":{"type":"Point","coordinates":[-122.748291188066,38.7685908876596]}},{"type":"Feature","properties":{"Name":"Magnesium","Max_Voltag":0,"Owner":"PG&E","COUNTY":"Santa Clara County","Status":"Operational"},"geometry":{"type":"Point","coordinates":[-122.088726846936,37.3177283659128]}},{"type":"Feature","properties":{"Name":"Sulphur Springs","Max_Voltag":230,"Owner":"PG&E","COUNTY":"Sonoma County","Status":"Operational"},"geometry":{"type":"Point","coordinates":[-122.782032194005,38.7867116932603]}},{"type":"Feature","properties":{"Name":"Mccabe","Max_Voltag":230,"Owner":"PG&E","COUNTY":"Sonoma County","Status":"Operational"},"geometry":{"type":"Point","coordinates":[-122.808222133244,38.8056200034825]}},{"type":"Feature","properties":{"Name":"Fumarole","Max_Voltag":230,"Owner":"PG&E","COUNTY":"Sonoma County","Status":"Operational"},"geometry":{"type":"Point","coordinates":[-122.767006682407,38.7959789995658]}},{"type":"Feature","properties":{"Name":"REP SY (Roseville)","Max_Voltag":0,"Owner":"Other","COUNTY":"Placer County","Status":"Operational"},"geometry":{"type":"Point","coordinates":[-121.383479402481,38.7921744262715]}},{"type":"Feature","properties":{"Name":"Rep","Max_Voltag":0,"Owner":"Other","COUNTY":"Placer County","Status":"Operational"},"geometry":{"type":"Point","coordinates":[-121.38296291521,38.792462299796]}},{"type":"Feature","properties":{"Name":"Douglas","Max_Voltag":60,"Owner":"Other","COUNTY":"Placer County","Status":"Operational"},"geometry":{"type":"Point","coordinates":[-121.267902017889,38.7455188612911]}},{"type":"Feature","properties":{"Name":"Berry","Max_Voltag":230,"Owner":"Other","COUNTY":"Placer County","Status":"Operational"},"geometry":{"type":"Point","coordinates":[-121.26415161446,38.76173800367]}},{"type":"Feature","properties":{"Name":"Park","Max_Voltag":0,"Owner":"PG&E","COUNTY":"Placer County","Status":"Operational"},"geometry":{"type":"Point","coordinates":[-121.282741354543,38.779498302296]}},{"type":"Feature","properties":{"Name":"NCPA 1&2","Max_Voltag":230,"Owner":"PG&E","COUNTY":"Sonoma County","Status":"Operational"},"geometry":{"type":"Point","coordinates":[-122.719549302192,38.7522776483367]}},{"type":"Feature","properties":{"Name":"Hard Rock","Max_Voltag":0,"Owner":"SMUD","COUNTY":"Placer County","Status":"Operational"},"geometry":{"type":"Point","coordinates":[-121.250971512848,38.7526565647138]}},{"type":"Feature","properties":{"Name":"Fitch Mt.","Max_Voltag":60,"Owner":"PG&E","COUNTY":"Sonoma County","Status":"Operational"},"geometry":{"type":"Point","coordinates":[-122.852858003069,38.6065570076324]}},{"type":"Feature","properties":{"Name":"Folsom","Max_Voltag":230,"Owner":"WAPA","COUNTY":"Sacramento County","Status":"Operational"},"geometry":{"type":"Point","coordinates":[-121.161144151721,38.7074704239233]}},{"type":"Feature","properties":{"Name":"Mcclellan-Bell","Max_Voltag":60,"Owner":"SMUD","COUNTY":"Sacramento County","Status":"Operational"},"geometry":{"type":"Point","coordinates":[-121.411359002701,38.6474060122862]}},{"type":"Feature","properties":{"Name":"Mcclellan","Max_Voltag":60,"Owner":"SMUD","COUNTY":"Sacramento County","Status":"Operational"},"geometry":{"type":"Point","coordinates":[-121.393603532514,38.6523008837827]}},{"type":"Feature","properties":{"Name":"Walnut","Max_Voltag":0,"Owner":"SMUD","COUNTY":"Sacramento County","Status":"Operational"},"geometry":{"type":"Point","coordinates":[-121.346609985717,38.606305985538]}},{"type":"Feature","properties":{"Name":"Wright","Max_Voltag":0,"Owner":"SMUD","COUNTY":"Sacramento County","Status":"Operational"},"geometry":{"type":"Point","coordinates":[-121.405762010696,38.6206338616628]}},{"type":"Feature","properties":{"Name":"Auburn Watt","Max_Voltag":0,"Owner":"SMUD","COUNTY":"Sacramento County","Status":"Operational"},"geometry":{"type":"Point","coordinates":[-121.38359199642,38.6372865917485]}},{"type":"Feature","properties":{"Name":"White Rock-Aerojet","Max_Voltag":60,"Owner":"SMUD","COUNTY":"Sacramento County","Status":"Operational"},"geometry":{"type":"Point","coordinates":[-121.237507009109,38.5931049870448]}},{"type":"Feature","properties":{"Name":"Carmichael Id","Max_Voltag":0,"Owner":"SMUD","COUNTY":"Sacramento County","Status":"Operational"},"geometry":{"type":"Point","coordinates":[-121.282635983957,38.6192240166274]}},{"type":"Feature","properties":{"Name":"Kiefer Landfill","Max_Voltag":60,"Owner":"SMUD","COUNTY":"Sacramento County","Status":"Operational"},"geometry":{"type":"Point","coordinates":[-121.192893793898,38.5149272207412]}},{"type":"Feature","properties":{"Name":"Azusa -Thelma","Max_Voltag":0,"Owner":"SMUD","COUNTY":"Sacramento County","Status":"Operational"},"geometry":{"type":"Point","coordinates":[-121.491048988136,38.6090849939934]}},{"type":"Feature","properties":{"Name":"Alamos","Max_Voltag":60,"Owner":"SMUD","COUNTY":"Sacramento County","Status":"Operational"},"geometry":{"type":"Point","coordinates":[-121.439584017724,38.6193490142333]}},{"type":"Feature","properties":{"Name":"Larch-Northrop","Max_Voltag":60,"Owner":"SMUD","COUNTY":"Sacramento County","Status":"Operational"},"geometry":{"type":"Point","coordinates":[-121.385190239448,38.5806261797039]}},{"type":"Feature","properties":{"Name":"Pak-N-Save 1","Max_Voltag":60,"Owner":"SMUD","COUNTY":"Sacramento County","Status":"Operational"},"geometry":{"type":"Point","coordinates":[-121.381227830917,38.597876355594]}},{"type":"Feature","properties":{"Name":"Arden Pumping Sta.","Max_Voltag":60,"Owner":"SMUD","COUNTY":"Sacramento County","Status":"Operational"},"geometry":{"type":"Point","coordinates":[-121.451393987305,38.5707751072265]}},{"type":"Feature","properties":{"Name":"Csus","Max_Voltag":60,"Owner":"SMUD","COUNTY":"Sacramento County","Status":"Operational"},"geometry":{"type":"Point","coordinates":[-121.426502928423,38.5564374089371]}},{"type":"Feature","properties":{"Name":"Air Products 2","Max_Voltag":60,"Owner":"SMUD","COUNTY":"Sacramento County","Status":"Operational"},"geometry":{"type":"Point","coordinates":[-121.400103078953,38.5317115366802]}},{"type":"Feature","properties":{"Name":"UC Davis","Max_Voltag":0,"Owner":"PG&E","COUNTY":"Solano County","Status":"Operational"},"geometry":{"type":"Point","coordinates":[-121.751398669881,38.5291101466607]}},{"type":"Feature","properties":{"Name":"Pak-N-Save 2","Max_Voltag":0,"Owner":"SMUD","COUNTY":"Sacramento County","Status":"Operational"},"geometry":{"type":"Point","coordinates":[-121.427946239014,38.4986017608624]}},{"type":"Feature","properties":{"Name":"Calpeak Power Vaca Dixon 1","Max_Voltag":500,"Owner":"PG&E","COUNTY":"Solano County","Status":"Operational"},"geometry":{"type":"Point","coordinates":[-121.918111373719,38.4051884236776]}},{"type":"Feature","properties":{"Name":"48th-Martin Luther King","Max_Voltag":0,"Owner":"SMUD","COUNTY":"Sacramento County","Status":"Operational"},"geometry":{"type":"Point","coordinates":[-121.46394918038,38.508568502909]}},{"type":"Feature","properties":{"Name":"Carson Ice Cogen","Max_Voltag":60,"Owner":"SMUD","COUNTY":"Sacramento County","Status":"Operational"},"geometry":{"type":"Point","coordinates":[-121.461858596797,38.4454609901135]}},{"type":"Feature","properties":{"Name":"Rancho Seco","Max_Voltag":230,"Owner":"SMUD","COUNTY":"Sacramento County","Status":"Operational"},"geometry":{"type":"Point","coordinates":[-121.123569417322,38.3443729856041]}},{"type":"Feature","properties":{"Name":"Cosumnes","Max_Voltag":230,"Owner":"SMUD","COUNTY":"Sacramento County","Status":"Operational"},"geometry":{"type":"Point","coordinates":[-121.124826870073,38.3391362950218]}},{"type":"Feature","properties":{"Name":"Central F","Max_Voltag":60,"Owner":"Other","COUNTY":"Sonoma County","Status":"Operational"},"geometry":{"type":"Point","coordinates":[-122.747107177081,38.3014369137583]}},{"type":"Feature","properties":{"Name":"Air Products 1","Max_Voltag":60,"Owner":"SMUD","COUNTY":"Sacramento County","Status":"Operational"},"geometry":{"type":"Point","coordinates":[-121.312744017834,38.2714550011275]}},{"type":"Feature","properties":{"Name":"Marengo-SPRR","Max_Voltag":60,"Owner":"SMUD","COUNTY":"Sacramento County","Status":"Operational"},"geometry":{"type":"Point","coordinates":[-121.282963991206,38.2749788246436]}},{"type":"Feature","properties":{"Name":"Cordelia Interm Pumps","Max_Voltag":0,"Owner":"Other","COUNTY":"Solano County","Status":"Operational"},"geometry":{"type":"Point","coordinates":[-122.155137563939,38.1980651688149]}},{"type":"Feature","properties":{"Name":"Jameson","Max_Voltag":115,"Owner":"PG&E","COUNTY":"Solano County","Status":"Operational"},"geometry":{"type":"Point","coordinates":[-122.147877980786,38.2055064335152]}},{"type":"Feature","properties":{"Name":"US Windpower","Max_Voltag":230,"Owner":"Other","COUNTY":"Solano County","Status":"Operational"},"geometry":{"type":"Point","coordinates":[-121.829230987818,38.123638004783]}},{"type":"Feature","properties":{"Name":"Creed Energy","Max_Voltag":60,"Owner":"PG&E","COUNTY":"Solano County","Status":"Operational"},"geometry":{"type":"Point","coordinates":[-121.855753934329,38.2412207070129]}},{"type":"Feature","properties":{"Name":"Goose Haven","Max_Voltag":60,"Owner":"PG&E","COUNTY":"Solano County","Status":"Operational"},"geometry":{"type":"Point","coordinates":[-121.844183598436,38.2265928407597]}},{"type":"Feature","properties":{"Name":"Lambie Energy","Max_Voltag":230,"Owner":"PG&E","COUNTY":"Solano County","Status":"Operational"},"geometry":{"type":"Point","coordinates":[-121.86692486757,38.2214576488959]}},{"type":"Feature","properties":{"Name":"Camanche Dam","Max_Voltag":115,"Owner":"Other","COUNTY":"San Joaquin County","Status":"Operational"},"geometry":{"type":"Point","coordinates":[-121.024582803913,38.2268895253632]}},{"type":"Feature","properties":{"Name":"Mclain","Max_Voltag":60,"Owner":"Other","COUNTY":"San Joaquin County","Status":"Operational"},"geometry":{"type":"Point","coordinates":[-121.299643810587,38.1461237146627]}},{"type":"Feature","properties":{"Name":"Lodi Stig","Max_Voltag":230,"Owner":"Other","COUNTY":"San Joaquin County","Status":"Operational"},"geometry":{"type":"Point","coordinates":[-121.388205847924,38.0879382278483]}},{"type":"Feature","properties":{"Name":"Henning","Max_Voltag":60,"Owner":"PG&E","COUNTY":"San Joaquin County","Status":"Operational"},"geometry":{"type":"Point","coordinates":[-121.29044203745,38.1160096089689]}},{"type":"Feature","properties":{"Name":"Lodi","Max_Voltag":60,"Owner":"Other","COUNTY":"San Joaquin County","Status":"Operational"},"geometry":{"type":"Point","coordinates":[-121.261377881866,38.1372402787576]}},{"type":"Feature","properties":{"Name":"Stockton Cogen","Max_Voltag":60,"Owner":"PG&E","COUNTY":"San Joaquin County","Status":"Operational"},"geometry":{"type":"Point","coordinates":[-121.263371599214,37.9125559766584]}},{"type":"Feature","properties":{"Name":"Stockton Wastewater","Max_Voltag":60,"Owner":"Other","COUNTY":"San Joaquin County","Status":"Operational"},"geometry":{"type":"Point","coordinates":[-121.328391221999,37.9376671777124]}},{"type":"Feature","properties":{"Name":"Frankenheimer","Max_Voltag":0,"Owner":"PG&E","COUNTY":"Stanislaus County","Status":"Low kV"},"geometry":{"type":"Point","coordinates":[-120.807068862487,37.8302807166173]}},{"type":"Feature","properties":{"Name":"Vierra","Max_Voltag":115,"Owner":"PG&E","COUNTY":"San Joaquin County","Status":"Operational"},"geometry":{"type":"Point","coordinates":[-121.274216998267,37.7978550161742]}},{"type":"Feature","properties":{"Name":"Howland Road","Max_Voltag":0,"Owner":"PG&E","COUNTY":"San Joaquin County","Status":"Operational"},"geometry":{"type":"Point","coordinates":[-121.276571286794,37.8087854913394]}},{"type":"Feature","properties":{"Name":"Leprino Foods (Tracy)","Max_Voltag":115,"Owner":"Other","COUNTY":"San Joaquin County","Status":"Operational"},"geometry":{"type":"Point","coordinates":[-121.416909873403,37.7561411160872]}},{"type":"Feature","properties":{"Name":"AEC 2","Max_Voltag":115,"Owner":"Other","COUNTY":"San Joaquin County","Status":"Operational"},"geometry":{"type":"Point","coordinates":[-121.544388618579,37.6724530172875]}},{"type":"Feature","properties":{"Name":"Thermal Energy","Max_Voltag":115,"Owner":"PG&E","COUNTY":"San Joaquin County","Status":"Operational"},"geometry":{"type":"Point","coordinates":[-121.488428595266,37.7200526574947]}},{"type":"Feature","properties":{"Name":"GWF Tracy","Max_Voltag":115,"Owner":"PG&E","COUNTY":"San Joaquin County","Status":"Operational"},"geometry":{"type":"Point","coordinates":[-121.489957554829,37.7103608556798]}},{"type":"Feature","properties":{"Name":"Hunters Point","Max_Voltag":115,"Owner":"PG&E","COUNTY":"San Francisco County","Status":"Operational"},"geometry":{"type":"Point","coordinates":[-122.376866369237,37.736917993857]}},{"type":"Feature","properties":{"Name":"Bayshore","Max_Voltag":115,"Owner":"PG&E","COUNTY":"San Francisco County","Status":"Operational"},"geometry":{"type":"Point","coordinates":[-122.403372111215,37.7460298157089]}},{"type":"Feature","properties":{"Name":"Rosemore A","Max_Voltag":60,"Owner":"Other","COUNTY":"Stanislaus County","Status":"Operational"},"geometry":{"type":"Point","coordinates":[-121.04037499347,37.6428980166797]}},{"type":"Feature","properties":{"Name":"Woodland- Mid","Max_Voltag":60,"Owner":"Other","COUNTY":"Stanislaus County","Status":"Operational"},"geometry":{"type":"Point","coordinates":[-121.019658776718,37.6530092298967]}},{"type":"Feature","properties":{"Name":"12th Street","Max_Voltag":60,"Owner":"Other","COUNTY":"Stanislaus County","Status":"Operational"},"geometry":{"type":"Point","coordinates":[-120.99318701172,37.6371589975684]}},{"type":"Feature","properties":{"Name":"8th Street","Max_Voltag":60,"Owner":"Other","COUNTY":"Stanislaus County","Status":"Operational"},"geometry":{"type":"Point","coordinates":[-121.006049999951,37.6419650041151]}},{"type":"Feature","properties":{"Name":"Mcclure","Max_Voltag":60,"Owner":"Other","COUNTY":"Stanislaus County","Status":"Operational"},"geometry":{"type":"Point","coordinates":[-120.931337986442,37.6292530159754]}},{"type":"Feature","properties":{"Name":"Patterson Water District","Max_Voltag":0,"Owner":"Other","COUNTY":"Stanislaus County","Status":"Operational"},"geometry":{"type":"Point","coordinates":[-121.09827499781,37.4805361077019]}},{"type":"Feature","properties":{"Name":"F Street","Max_Voltag":69,"Owner":"Other","COUNTY":"Stanislaus County","Status":"Operational"},"geometry":{"type":"Point","coordinates":[-120.838060389446,37.4894716248664]}},{"type":"Feature","properties":{"Name":"Walnut","Max_Voltag":230,"Owner":"Other","COUNTY":"Stanislaus County","Status":"Operational"},"geometry":{"type":"Point","coordinates":[-120.906082569983,37.4899526841034]}},{"type":"Feature","properties":{"Name":"Walnut Energy","Max_Voltag":0,"Owner":"Other","COUNTY":"Stanislaus County","Status":"Operational"},"geometry":{"type":"Point","coordinates":[-120.896834172486,37.4877329349703]}},{"type":"Feature","properties":{"Name":"Sri","Max_Voltag":60,"Owner":"PG&E","COUNTY":"San Mateo County","Status":"Operational"},"geometry":{"type":"Point","coordinates":[-122.178286729298,37.4553767127678]}},{"type":"Feature","properties":{"Name":"Newby Island I","Max_Voltag":0,"Owner":"PG&E","COUNTY":"Santa Clara County","Status":"Operational"},"geometry":{"type":"Point","coordinates":[-121.935551053744,37.4547592992206]}},{"type":"Feature","properties":{"Name":"Lockheed 1","Max_Voltag":115,"Owner":"Other","COUNTY":"Santa Clara County","Status":"Operational"},"geometry":{"type":"Point","coordinates":[-122.031776140866,37.409541386746]}},{"type":"Feature","properties":{"Name":"Lockheed 2","Max_Voltag":115,"Owner":"Other","COUNTY":"Santa Clara County","Status":"Operational"},"geometry":{"type":"Point","coordinates":[-122.030802777628,37.4161333335033]}},{"type":"Feature","properties":{"Name":"Nasa","Max_Voltag":115,"Owner":"Other","COUNTY":"Santa Clara County","Status":"Operational"},"geometry":{"type":"Point","coordinates":[-122.063480979569,37.4181120181475]}},{"type":"Feature","properties":{"Name":"Northern Receiving Station","Max_Voltag":115,"Owner":"SVP","COUNTY":"Santa Clara County","Status":"Operational"},"geometry":{"type":"Point","coordinates":[-121.966508053955,37.4019648211683]}},{"type":"Feature","properties":{"Name":"Container Corp.","Max_Voltag":0,"Owner":"SVP","COUNTY":"Santa Clara County","Status":"Operational"},"geometry":{"type":"Point","coordinates":[-121.94452359838,37.3694152336856]}},{"type":"Feature","properties":{"Name":"Piercy","Max_Voltag":115,"Owner":"PG&E","COUNTY":"Santa Clara County","Status":"Operational"},"geometry":{"type":"Point","coordinates":[-121.787246238636,37.2690951577537]}},{"type":"Feature","properties":{"Name":"Los Gatos","Max_Voltag":60,"Owner":"PG&E","COUNTY":"Santa Clara County","Status":"Operational"},"geometry":{"type":"Point","coordinates":[-121.977352160332,37.2264398114003]}},{"type":"Feature","properties":{"Name":"IBM Cottle","Max_Voltag":115,"Owner":"Other","COUNTY":"Santa Clara County","Status":"Operational"},"geometry":{"type":"Point","coordinates":[-121.79641226152,37.2444723594587]}},{"type":"Feature","properties":{"Name":"IBM Harry Road","Max_Voltag":115,"Owner":"Other","COUNTY":"Santa Clara County","Status":"Operational"},"geometry":{"type":"Point","coordinates":[-121.804341619566,37.2150798543798]}},{"type":"Feature","properties":{"Name":"Guadalupe","Max_Voltag":0,"Owner":"PG&E","COUNTY":"Santa Clara County","Status":"Operational"},"geometry":{"type":"Point","coordinates":[-121.895235616007,37.2142178020595]}},{"type":"Feature","properties":{"Name":"IBM Bailey Road","Max_Voltag":115,"Owner":"Other","COUNTY":"Santa Clara County","Status":"Operational"},"geometry":{"type":"Point","coordinates":[-121.749089108472,37.1992506320169]}},{"type":"Feature","properties":{"Name":"Metcalf 2","Max_Voltag":0,"Owner":"PG&E","COUNTY":"Santa Clara County","Status":"Operational"},"geometry":{"type":"Point","coordinates":[-121.7462767061,37.2262825524078]}},{"type":"Feature","properties":{"Name":"Metcalf Energy Center","Max_Voltag":230,"Owner":"PG&E","COUNTY":"Santa Clara County","Status":"Operational"},"geometry":{"type":"Point","coordinates":[-121.746599027014,37.2214140350364]}},{"type":"Feature","properties":{"Name":"Metcalf 1","Max_Voltag":0,"Owner":"PG&E","COUNTY":"Santa Clara County","Status":"Operational"},"geometry":{"type":"Point","coordinates":[-121.74191085609,37.224386474762]}},{"type":"Feature","properties":{"Name":"Gilroy Food I","Max_Voltag":115,"Owner":"Other","COUNTY":"Santa Clara County","Status":"Operational"},"geometry":{"type":"Point","coordinates":[-121.53642153758,36.998590778735]}},{"type":"Feature","properties":{"Name":"Gilroy Food II","Max_Voltag":115,"Owner":"Other","COUNTY":"Santa Clara County","Status":"Operational"},"geometry":{"type":"Point","coordinates":[-121.539610928741,36.9983274161792]}},{"type":"Feature","properties":{"Name":"Calpine Monterey","Max_Voltag":60,"Owner":"Other","COUNTY":"Santa Cruz County","Status":"Operational"},"geometry":{"type":"Point","coordinates":[-121.767957522126,36.9111592685172]}},{"type":"Feature","properties":{"Name":"SEGS 6","Max_Voltag":115,"Owner":"SCE","COUNTY":"San Bernardino County","Status":"Operational"},"geometry":{"type":"Point","coordinates":[-117.566249845717,35.0202967498898]}},{"type":"Feature","properties":{"Name":"SEGS 7","Max_Voltag":115,"Owner":"SCE","COUNTY":"San Bernardino County","Status":"Operational"},"geometry":{"type":"Point","coordinates":[-117.565734353779,35.0155107841262]}},{"type":"Feature","properties":{"Name":"SEGS 5","Max_Voltag":0,"Owner":"SCE","COUNTY":"San Bernardino County","Status":"Operational"},"geometry":{"type":"Point","coordinates":[-117.555510369714,35.019043649452]}},{"type":"Feature","properties":{"Name":"SEGS 4","Max_Voltag":115,"Owner":"SCE","COUNTY":"San Bernardino County","Status":"Operational"},"geometry":{"type":"Point","coordinates":[-117.5556661825,35.0118528138146]}},{"type":"Feature","properties":{"Name":"SEGS 3","Max_Voltag":115,"Owner":"SCE","COUNTY":"San Bernardino County","Status":"Operational"},"geometry":{"type":"Point","coordinates":[-117.555740936705,35.0073571807985]}},{"type":"Feature","properties":{"Name":"Westend","Max_Voltag":0,"Owner":"SCE","COUNTY":"San Bernardino County","Status":"Operational"},"geometry":{"type":"Point","coordinates":[-117.393360343054,35.704151832015]}},{"type":"Feature","properties":{"Name":"Trona","Max_Voltag":0,"Owner":"SCE","COUNTY":"San Bernardino County","Status":"Operational"},"geometry":{"type":"Point","coordinates":[-117.375445654567,35.7648806506619]}},{"type":"Feature","properties":{"Name":"Diablo Canyon","Max_Voltag":500,"Owner":"PG&E","COUNTY":"San Luis Obispo County","Status":"Operational"},"geometry":{"type":"Point","coordinates":[-120.847387978825,35.2162919880748]}},{"type":"Feature","properties":{"Name":"Harper Lake","Max_Voltag":220,"Owner":"SCE","COUNTY":"San Bernardino County","Status":"Operational"},"geometry":{"type":"Point","coordinates":[-117.348213982212,35.0266500336026]}},{"type":"Feature","properties":{"Name":"Iron Mt.","Max_Voltag":230,"Owner":"SCE","COUNTY":"San Bernardino County","Status":"Operational"},"geometry":{"type":"Point","coordinates":[-115.121947536562,34.1488390889267]}},{"type":"Feature","properties":{"Name":"Santa Maria Cogen","Max_Voltag":0,"Owner":"PG&E","COUNTY":"Santa Barbara County","Status":"Operational"},"geometry":{"type":"Point","coordinates":[-120.457774172735,34.944789831829]}},{"type":"Feature","properties":{"Name":"Cool Water","Max_Voltag":0,"Owner":"SCE","COUNTY":"San Bernardino County","Status":"Operational"},"geometry":{"type":"Point","coordinates":[-116.854206979413,34.8631120226265]}},{"type":"Feature","properties":{"Name":"SEGS 2","Max_Voltag":0,"Owner":"SCE","COUNTY":"San Bernardino County","Status":"Operational"},"geometry":{"type":"Point","coordinates":[-116.82804449718,34.8615980221057]}},{"type":"Feature","properties":{"Name":"Caldwell","Max_Voltag":0,"Owner":"Other","COUNTY":"San Bernardino County","Status":"Operational"},"geometry":{"type":"Point","coordinates":[-117.363089167036,34.5953161114531]}},{"type":"Feature","properties":{"Name":"Vandenberg Afb","Max_Voltag":60,"Owner":"Other","COUNTY":"Santa Barbara County","Status":"Operational"},"geometry":{"type":"Point","coordinates":[-120.525988905356,34.7637527638513]}},{"type":"Feature","properties":{"Name":"Rivertex","Max_Voltag":33,"Owner":"SCE","COUNTY":"San Bernardino County","Status":"Operational"},"geometry":{"type":"Point","coordinates":[-117.335089750422,34.6060501845593]}},{"type":"Feature","properties":{"Name":"Black Mt.","Max_Voltag":115,"Owner":"SCE","COUNTY":"San Bernardino County","Status":"Operational"},"geometry":{"type":"Point","coordinates":[-117.101636114272,34.6228416655636]}},{"type":"Feature","properties":{"Name":"Southcap","Max_Voltag":115,"Owner":"SCE","COUNTY":"San Bernardino County","Status":"Operational"},"geometry":{"type":"Point","coordinates":[-117.102180556216,34.6212999994744]}},{"type":"Feature","properties":{"Name":"Southdown","Max_Voltag":0,"Owner":"SCE","COUNTY":"San Bernardino County","Status":"Operational"},"geometry":{"type":"Point","coordinates":[-117.099833332939,34.6215277779484]}},{"type":"Feature","properties":{"Name":"Pluess","Max_Voltag":115,"Owner":"SCE","COUNTY":"San Bernardino County","Status":"Operational"},"geometry":{"type":"Point","coordinates":[-116.941181095365,34.3830553930485]}},{"type":"Feature","properties":{"Name":"Soport","Max_Voltag":115,"Owner":"SCE","COUNTY":"San Bernardino County","Status":"Operational"},"geometry":{"type":"Point","coordinates":[-117.312494444047,34.5660000002146]}},{"type":"Feature","properties":{"Name":"Playa","Max_Voltag":66,"Owner":"SCE","COUNTY":"Santa Barbara County","Status":"Operational"},"geometry":{"type":"Point","coordinates":[-119.726549458896,34.4041564958777]}},{"type":"Feature","properties":{"Name":"Parker","Max_Voltag":230,"Owner":"WAPA","COUNTY":"San Bernardino County","Status":"Operational"},"geometry":{"type":"Point","coordinates":[-114.142261123851,34.2932916622854]}},{"type":"Feature","properties":{"Name":"Parker 2","Max_Voltag":230,"Owner":"WAPA","COUNTY":"San Bernardino County","Status":"Operational"},"geometry":{"type":"Point","coordinates":[-114.141425002528,34.2910333373495]}},{"type":"Feature","properties":{"Name":"Mojave Siphon","Max_Voltag":115,"Owner":"Other","COUNTY":"San Bernardino County","Status":"Operational"},"geometry":{"type":"Point","coordinates":[-117.323493724507,34.3074707538865]}},{"type":"Feature","properties":{"Name":"Santa Ana 1","Max_Voltag":33,"Owner":"SCE","COUNTY":"San Bernardino County","Status":"Operational"},"geometry":{"type":"Point","coordinates":[-117.059105498418,34.1456380438114]}},{"type":"Feature","properties":{"Name":"Greenspot","Max_Voltag":0,"Owner":"SCE","COUNTY":"San Bernardino County","Status":"Operational"},"geometry":{"type":"Point","coordinates":[-117.105742324216,34.0985299682872]}},{"type":"Feature","properties":{"Name":"Crafton Hills","Max_Voltag":115,"Owner":"SCE","COUNTY":"San Bernardino County","Status":"Operational"},"geometry":{"type":"Point","coordinates":[-117.077491682054,34.0742055962991]}},{"type":"Feature","properties":{"Name":"Santa Ana 3","Max_Voltag":33,"Owner":"SCE","COUNTY":"San Bernardino County","Status":"Operational"},"geometry":{"type":"Point","coordinates":[-117.099101178135,34.1072381202902]}},{"type":"Feature","properties":{"Name":"Purewater","Max_Voltag":115,"Owner":"SCE","COUNTY":"San Bernardino County","Status":"Operational"},"geometry":{"type":"Point","coordinates":[-117.188887886902,34.0780692472008]}},{"type":"Feature","properties":{"Name":"Mountainview","Max_Voltag":0,"Owner":"SCE","COUNTY":"San Bernardino County","Status":"Operational"},"geometry":{"type":"Point","coordinates":[-117.240388576127,34.0794728546444]}},{"type":"Feature","properties":{"Name":"Agua Mansa","Max_Voltag":0,"Owner":"SCE","COUNTY":"San Bernardino County","Status":"Operational"},"geometry":{"type":"Point","coordinates":[-117.36086002371,34.0417976002181]}},{"type":"Feature","properties":{"Name":"Mill Creek 3","Max_Voltag":0,"Owner":"SCE","COUNTY":"San Bernardino County","Status":"Operational"},"geometry":{"type":"Point","coordinates":[-117.039661828809,34.0880266791018]}},{"type":"Feature","properties":{"Name":"Milliken","Max_Voltag":66,"Owner":"SCE","COUNTY":"San Bernardino County","Status":"Operational"},"geometry":{"type":"Point","coordinates":[-117.568216474368,34.0440167487253]}},{"type":"Feature","properties":{"Name":"OLS Energy Chino","Max_Voltag":66,"Owner":"SCE","COUNTY":"San Bernardino County","Status":"Operational"},"geometry":{"type":"Point","coordinates":[-117.680650324099,33.9899223215881]}},{"type":"Feature","properties":{"Name":"Pan Aero","Max_Voltag":115,"Owner":"SCE","COUNTY":"Riverside County","Status":"Operational"},"geometry":{"type":"Point","coordinates":[-116.665419459363,33.9513861222844]}},{"type":"Feature","properties":{"Name":"Seawind","Max_Voltag":115,"Owner":"SCE","COUNTY":"Riverside County","Status":"Operational"},"geometry":{"type":"Point","coordinates":[-116.666850005792,33.9499916723061]}},{"type":"Feature","properties":{"Name":"Unknown","Max_Voltag":115,"Owner":"SCE","COUNTY":"Riverside County","Status":"Operational"},"geometry":{"type":"Point","coordinates":[-116.718357653367,33.9160197662316]}},{"type":"Feature","properties":{"Name":"Renwind","Max_Voltag":115,"Owner":"SCE","COUNTY":"Riverside County","Status":"Operational"},"geometry":{"type":"Point","coordinates":[-116.642805548879,33.9177583367241]}},{"type":"Feature","properties":{"Name":"Venwind","Max_Voltag":0,"Owner":"SCE","COUNTY":"Riverside County","Status":"Operational"},"geometry":{"type":"Point","coordinates":[-116.615722191072,33.9371923611332]}},{"type":"Feature","properties":{"Name":"Sanwind","Max_Voltag":0,"Owner":"SCE","COUNTY":"Riverside County","Status":"Closed"},"geometry":{"type":"Point","coordinates":[-116.614805552851,33.9262500076382]}},{"type":"Feature","properties":{"Name":"Tiffanywind","Max_Voltag":115,"Owner":"SCE","COUNTY":"Riverside County","Status":"Operational"},"geometry":{"type":"Point","coordinates":[-116.581155374672,33.9206604841405]}},{"type":"Feature","properties":{"Name":"Buckwind","Max_Voltag":115,"Owner":"SCE","COUNTY":"Riverside County","Status":"Operational"},"geometry":{"type":"Point","coordinates":[-116.579711093901,33.9217638870663]}},{"type":"Feature","properties":{"Name":"Terawind","Max_Voltag":0,"Owner":"SCE","COUNTY":"Riverside County","Status":"Operational"},"geometry":{"type":"Point","coordinates":[-116.568980547152,33.9316138860774]}},{"type":"Feature","properties":{"Name":"Altwind","Max_Voltag":115,"Owner":"SCE","COUNTY":"Riverside County","Status":"Operational"},"geometry":{"type":"Point","coordinates":[-116.579838882843,33.9073305761647]}},{"type":"Feature","properties":{"Name":"Mountwind","Max_Voltag":115,"Owner":"SCE","COUNTY":"Riverside County","Status":"Operational"},"geometry":{"type":"Point","coordinates":[-116.579333335256,33.9072138887805]}},{"type":"Feature","properties":{"Name":"Indigo","Max_Voltag":115,"Owner":"SCE","COUNTY":"Riverside County","Status":"Operational"},"geometry":{"type":"Point","coordinates":[-116.55289148775,33.9106325060082]}},{"type":"Feature","properties":{"Name":"Springs Generation","Max_Voltag":66,"Owner":"Other","COUNTY":"Riverside County","Status":"Operational"},"geometry":{"type":"Point","coordinates":[-117.293592335485,33.9307666955216]}},{"type":"Feature","properties":{"Name":"Capwind","Max_Voltag":115,"Owner":"SCE","COUNTY":"Riverside County","Status":"Operational"},"geometry":{"type":"Point","coordinates":[-116.464363848702,33.8776055945812]}},{"type":"Feature","properties":{"Name":"Rerc","Max_Voltag":66,"Owner":"Other","COUNTY":"Riverside County","Status":"Operational"},"geometry":{"type":"Point","coordinates":[-117.452896121135,33.9621698159044]}},{"type":"Feature","properties":{"Name":"Eagle Mt.","Max_Voltag":230,"Owner":"SCE","COUNTY":"Riverside County","Status":"Operational"},"geometry":{"type":"Point","coordinates":[-115.45365672187,33.8108307491044]}},{"type":"Feature","properties":{"Name":"Capacitor","Max_Voltag":500,"Owner":"SCE","COUNTY":"Riverside County","Status":"Operational"},"geometry":{"type":"Point","coordinates":[-115.558982435422,33.6712157622054]}},{"type":"Feature","properties":{"Name":"MWD Lake Mathews","Max_Voltag":66,"Owner":"SCE","COUNTY":"Riverside County","Status":"Operational"},"geometry":{"type":"Point","coordinates":[-117.453897749863,33.8547961315533]}},{"type":"Feature","properties":{"Name":"Banwind","Max_Voltag":0,"Owner":"SCE","COUNTY":"Riverside County","Status":"Operational"},"geometry":{"type":"Point","coordinates":[-116.734608316096,33.9171350150247]}},{"type":"Feature","properties":{"Name":"Perris","Max_Voltag":0,"Owner":"SCE","COUNTY":"Riverside County","Status":"Operational"},"geometry":{"type":"Point","coordinates":[-117.183073617583,33.8356512836661]}},{"type":"Feature","properties":{"Name":"Dowling","Max_Voltag":69,"Owner":"Other","COUNTY":"Orange County","Status":"Operational"},"geometry":{"type":"Point","coordinates":[-117.857025163403,33.8534272806049]}},{"type":"Feature","properties":{"Name":"Anaheim","Max_Voltag":69,"Owner":"Other","COUNTY":"Orange County","Status":"Operational"},"geometry":{"type":"Point","coordinates":[-117.911394848863,33.8310498398528]}},{"type":"Feature","properties":{"Name":"Katella","Max_Voltag":69,"Owner":"Other","COUNTY":"Orange County","Status":"Operational"},"geometry":{"type":"Point","coordinates":[-117.900745010352,33.8044976300392]}},{"type":"Feature","properties":{"Name":"Ivyglen Meter","Max_Voltag":0,"Owner":"SCE","COUNTY":"Riverside County","Status":"Operational"},"geometry":{"type":"Point","coordinates":[-117.481374382016,33.7602185083642]}},{"type":"Feature","properties":{"Name":"Avenue 42","Max_Voltag":92,"Owner":"IID","COUNTY":"Riverside County","Status":"Operational"},"geometry":{"type":"Point","coordinates":[-116.284508171521,33.7734534748524]}},{"type":"Feature","properties":{"Name":"Shadow Hills","Max_Voltag":92,"Owner":"IID","COUNTY":"Riverside County","Status":"Operational"},"geometry":{"type":"Point","coordinates":[-116.196631516406,33.7428972301906]}},{"type":"Feature","properties":{"Name":"Inland Empire","Max_Voltag":0,"Owner":"SCE","COUNTY":"Riverside County","Status":"Operational"},"geometry":{"type":"Point","coordinates":[-117.169913916711,33.7385083763894]}},{"type":"Feature","properties":{"Name":"Fogarty","Max_Voltag":0,"Owner":"SCE","COUNTY":"Riverside County","Status":"Proposed"},"geometry":{"type":"Point","coordinates":[-117.360399280495,33.7002615811703]}},{"type":"Feature","properties":{"Name":"Avenue 52","Max_Voltag":0,"Owner":"IID","COUNTY":"Riverside County","Status":"Operational"},"geometry":{"type":"Point","coordinates":[-116.157143380334,33.6699441608218]}},{"type":"Feature","properties":{"Name":"Coachella Switching","Max_Voltag":0,"Owner":"IID","COUNTY":"Riverside County","Status":"Operational"},"geometry":{"type":"Point","coordinates":[-116.172490778959,33.6765562629741]}},{"type":"Feature","properties":{"Name":"Avenue 48","Max_Voltag":92,"Owner":"IID","COUNTY":"Riverside County","Status":"Operational"},"geometry":{"type":"Point","coordinates":[-116.269904972311,33.6992160807086]}},{"type":"Feature","properties":{"Name":"Avenue 58","Max_Voltag":161,"Owner":"IID","COUNTY":"Riverside County","Status":"Operational"},"geometry":{"type":"Point","coordinates":[-116.239251423003,33.6303875603229]}},{"type":"Feature","properties":{"Name":"MWD Eastside Res","Max_Voltag":115,"Owner":"Other","COUNTY":"Riverside County","Status":"Operational"},"geometry":{"type":"Point","coordinates":[-117.069825167467,33.6809877440996]}},{"type":"Feature","properties":{"Name":"TRACY DEFENSE DEPOT","Max_Voltag":0,"Owner":"PG&E","COUNTY":"San Joaquin County","Status":"Operational"},"geometry":{"type":"Point","coordinates":[-121.391948008412,37.7217280066637]}},{"type":"Feature","properties":{"Name":"Manteca","Max_Voltag":115,"Owner":"PG&E","COUNTY":"San Joaquin County","Status":"Operational"},"geometry":{"type":"Point","coordinates":[-121.2238699947,37.80113398823]}},{"type":"Feature","properties":{"Name":"Station H (Hollywood)","Max_Voltag":230,"Owner":"LADWP","COUNTY":"Los Angeles County","Status":"Operational"},"geometry":{"type":"Point","coordinates":[-118.347378694586,34.0881914447558]}},{"type":"Feature","properties":{"Name":"Mc Donald","Max_Voltag":0,"Owner":"PG&E","COUNTY":"San Joaquin County","Status":"Operational"},"geometry":{"type":"Point","coordinates":[-121.478875839568,37.9914484267377]}},{"type":"Feature","properties":{"Name":"Station J","Max_Voltag":230,"Owner":"LADWP","COUNTY":"Los Angeles County","Status":"Operational"},"geometry":{"type":"Point","coordinates":[-118.543506970456,34.2293518780689]}},{"type":"Feature","properties":{"Name":"Mettler","Max_Voltag":60,"Owner":"PG&E","COUNTY":"San Joaquin County","Status":"Operational"},"geometry":{"type":"Point","coordinates":[-121.286901684389,38.0779223708896]}},{"type":"Feature","properties":{"Name":"Station K (Olympic)","Max_Voltag":230,"Owner":"LADWP","COUNTY":"Los Angeles County","Status":"Operational"},"geometry":{"type":"Point","coordinates":[-118.460034998622,34.0332960145412]}},{"type":"Feature","properties":{"Name":"Middle River","Max_Voltag":60,"Owner":"PG&E","COUNTY":"San Joaquin County","Status":"Operational"},"geometry":{"type":"Point","coordinates":[-121.529212058859,37.9369573603891]}},{"type":"Feature","properties":{"Name":"Station L (Scattergood)","Max_Voltag":230,"Owner":"LADWP","COUNTY":"Los Angeles County","Status":"Operational"},"geometry":{"type":"Point","coordinates":[-118.425367775726,33.9192277823443]}},{"type":"Feature","properties":{"Name":"Monarch","Max_Voltag":60,"Owner":"PG&E","COUNTY":"San Joaquin County","Status":"Operational"},"geometry":{"type":"Point","coordinates":[-121.280238985029,37.969375016548]}},{"type":"Feature","properties":{"Name":"Station M (Valley)","Max_Voltag":230,"Owner":"LADWP","COUNTY":"Los Angeles County","Status":"Operational"},"geometry":{"type":"Point","coordinates":[-118.392554867816,34.2429328853837]}},{"type":"Feature","properties":{"Name":"Mormon","Max_Voltag":60,"Owner":"PG&E","COUNTY":"San Joaquin County","Status":"Operational"},"geometry":{"type":"Point","coordinates":[-121.185982996027,37.9688379900421]}},{"type":"Feature","properties":{"Name":"Station P (Market)","Max_Voltag":230,"Owner":"LADWP","COUNTY":"Los Angeles County","Status":"Operational"},"geometry":{"type":"Point","coordinates":[-118.246129662456,34.0433533269321]}},{"type":"Feature","properties":{"Name":"Mosher","Max_Voltag":60,"Owner":"PG&E","COUNTY":"San Joaquin County","Status":"Operational"},"geometry":{"type":"Point","coordinates":[-121.280979016262,38.021869998414]}},{"type":"Feature","properties":{"Name":"Station Q (Harbor)","Max_Voltag":138,"Owner":"LADWP","COUNTY":"Los Angeles County","Status":"Operational"},"geometry":{"type":"Point","coordinates":[-118.264961981802,33.7704720196721]}},{"type":"Feature","properties":{"Name":"National","Max_Voltag":0,"Owner":"Other","COUNTY":"San Joaquin County","Status":"Operational"},"geometry":{"type":"Point","coordinates":[-121.32851443133,37.9463191185602]}},{"type":"Feature","properties":{"Name":"Station S (Van Nuys)","Max_Voltag":230,"Owner":"LADWP","COUNTY":"Los Angeles County","Status":"Operational"},"geometry":{"type":"Point","coordinates":[-118.423153961252,34.1715874279204]}},{"type":"Feature","properties":{"Name":"Oak Park","Max_Voltag":60,"Owner":"PG&E","COUNTY":"San Joaquin County","Status":"Operational"},"geometry":{"type":"Point","coordinates":[-121.298545012891,37.9805110091301]}},{"type":"Feature","properties":{"Name":"Station T","Max_Voltag":230,"Owner":"LADWP","COUNTY":"Los Angeles County","Status":"Operational"},"geometry":{"type":"Point","coordinates":[-118.591588282739,34.1895064029675]}},{"type":"Feature","properties":{"Name":"Owens Illinois","Max_Voltag":115,"Owner":"Other","COUNTY":"San Joaquin County","Status":"Operational"},"geometry":{"type":"Point","coordinates":[-121.487862006257,37.7133941932946]}},{"type":"Feature","properties":{"Name":"Station U (Tarzana)","Max_Voltag":230,"Owner":"LADWP","COUNTY":"Los Angeles County","Status":"Operational"},"geometry":{"type":"Point","coordinates":[-118.543800540789,34.1793519258907]}},{"type":"Feature","properties":{"Name":"Sylmar West","Max_Voltag":230,"Owner":"LADWP","COUNTY":"Los Angeles County","Status":"Operational"},"geometry":{"type":"Point","coordinates":[-118.490086245499,34.3121217114148]}},{"type":"Feature","properties":{"Name":"Lincoln","Max_Voltag":66,"Owner":"Other","COUNTY":"Los Angeles County","Status":"Operational"},"geometry":{"type":"Point","coordinates":[-118.344078763034,34.1990149755131]}},{"type":"Feature","properties":{"Name":"Mcneil","Max_Voltag":66,"Owner":"Other","COUNTY":"Los Angeles County","Status":"Operational"},"geometry":{"type":"Point","coordinates":[-118.314028904953,34.1763813377986]}},{"type":"Feature","properties":{"Name":"Aerojet","Max_Voltag":66,"Owner":"SCE","COUNTY":"Los Angeles County","Status":"Operational"},"geometry":{"type":"Point","coordinates":[-117.924966475801,34.125154242956]}},{"type":"Feature","properties":{"Name":"Airchem","Max_Voltag":0,"Owner":"SCE","COUNTY":"Los Angeles County","Status":"Operational"},"geometry":{"type":"Point","coordinates":[-118.391628526892,33.9016139911599]}},{"type":"Feature","properties":{"Name":"Bassett","Max_Voltag":66,"Owner":"SCE","COUNTY":"Los Angeles County","Status":"Operational"},"geometry":{"type":"Point","coordinates":[-117.955630354836,34.0474812834684]}},{"type":"Feature","properties":{"Name":"Alhambra","Max_Voltag":66,"Owner":"SCE","COUNTY":"Los Angeles County","Status":"Operational"},"geometry":{"type":"Point","coordinates":[-118.149091356558,34.0912653608918]}},{"type":"Feature","properties":{"Name":"Alon","Max_Voltag":66,"Owner":"SCE","COUNTY":"Los Angeles County","Status":"Operational"},"geometry":{"type":"Point","coordinates":[-118.247383652202,33.8349536042485]}},{"type":"Feature","properties":{"Name":"Amador","Max_Voltag":66,"Owner":"SCE","COUNTY":"Los Angeles County","Status":"Operational"},"geometry":{"type":"Point","coordinates":[-118.026550389089,34.0714482800607]}},{"type":"Feature","properties":{"Name":"Amco","Max_Voltag":0,"Owner":"SCE","COUNTY":"Los Angeles County","Status":"Operational"},"geometry":{"type":"Point","coordinates":[-118.321727825366,33.8614351293933]}},{"type":"Feature","properties":{"Name":"Anaverde","Max_Voltag":66,"Owner":"SCE","COUNTY":"Los Angeles County","Status":"Operational"},"geometry":{"type":"Point","coordinates":[-118.147687985065,34.5675059973631]}},{"type":"Feature","properties":{"Name":"Anita","Max_Voltag":66,"Owner":"SCE","COUNTY":"Los Angeles County","Status":"Operational"},"geometry":{"type":"Point","coordinates":[-118.038457079378,34.1056288748853]}},{"type":"Feature","properties":{"Name":"Antelope","Max_Voltag":0,"Owner":"SCE","COUNTY":"Los Angeles County","Status":"Operational"},"geometry":{"type":"Point","coordinates":[-118.300541341461,34.6875128413433]}},{"type":"Feature","properties":{"Name":"Appgen","Max_Voltag":0,"Owner":"SCE","COUNTY":"Los Angeles County","Status":"Operational"},"geometry":{"type":"Point","coordinates":[-118.501342820525,34.3818611331773]}},{"type":"Feature","properties":{"Name":"Live Oak","Max_Voltag":0,"Owner":"PG&E","COUNTY":"Kern County","Status":"Operational"},"geometry":{"type":"Point","coordinates":[-119.009466336874,35.4959525194405]}},{"type":"Feature","properties":{"Name":"Arcadia","Max_Voltag":66,"Owner":"SCE","COUNTY":"Los Angeles County","Status":"Operational"},"geometry":{"type":"Point","coordinates":[-118.02573102404,34.144130756539]}},{"type":"Feature","properties":{"Name":"Arcogen","Max_Voltag":230,"Owner":"SCE","COUNTY":"Los Angeles County","Status":"Operational"},"geometry":{"type":"Point","coordinates":[-118.243477241951,33.817494822822]}},{"type":"Feature","properties":{"Name":"Arroyo","Max_Voltag":66,"Owner":"SCE","COUNTY":"Los Angeles County","Status":"Operational"},"geometry":{"type":"Point","coordinates":[-118.170611828696,34.1997222746437]}},{"type":"Feature","properties":{"Name":"Astro","Max_Voltag":66,"Owner":"SCE","COUNTY":"Los Angeles County","Status":"Operational"},"geometry":{"type":"Point","coordinates":[-118.164364085421,33.8192022882888]}},{"type":"Feature","properties":{"Name":"Belmont","Max_Voltag":66,"Owner":"SCE","COUNTY":"Los Angeles County","Status":"Operational"},"geometry":{"type":"Point","coordinates":[-118.149819653098,33.7813305268762]}},{"type":"Feature","properties":{"Name":"Azusa","Max_Voltag":66,"Owner":"SCE","COUNTY":"Los Angeles County","Status":"Operational"},"geometry":{"type":"Point","coordinates":[-117.910946056835,34.136045862509]}},{"type":"Feature","properties":{"Name":"Bailey","Max_Voltag":0,"Owner":"SCE","COUNTY":"Los Angeles County","Status":"Operational"},"geometry":{"type":"Point","coordinates":[-118.774715604421,34.7765119341634]}},{"type":"Feature","properties":{"Name":"Bandini","Max_Voltag":66,"Owner":"SCE","COUNTY":"Los Angeles County","Status":"Operational"},"geometry":{"type":"Point","coordinates":[-118.171211395757,33.9996150263791]}},{"type":"Feature","properties":{"Name":"Industry","Max_Voltag":66,"Owner":"SCE","COUNTY":"Los Angeles County","Status":"Operational"},"geometry":{"type":"Point","coordinates":[-117.990776114776,34.0505283841397]}},{"type":"Feature","properties":{"Name":"Beejay","Max_Voltag":66,"Owner":"SCE","COUNTY":"Los Angeles County","Status":"Operational"},"geometry":{"type":"Point","coordinates":[-118.227529455203,34.0081057436321]}},{"type":"Feature","properties":{"Name":"Beverly","Max_Voltag":66,"Owner":"SCE","COUNTY":"Los Angeles County","Status":"Operational"},"geometry":{"type":"Point","coordinates":[-118.397334226725,34.0731289016056]}},{"type":"Feature","properties":{"Name":"Boost","Max_Voltag":0,"Owner":"SCE","COUNTY":"Los Angeles County","Status":"Operational"},"geometry":{"type":"Point","coordinates":[-118.140568057599,33.8303865632188]}},{"type":"Feature","properties":{"Name":"Bovine","Max_Voltag":66,"Owner":"SCE","COUNTY":"Los Angeles County","Status":"Operational"},"geometry":{"type":"Point","coordinates":[-118.064010004384,33.8507740179645]}},{"type":"Feature","properties":{"Name":"Bowl","Max_Voltag":66,"Owner":"SCE","COUNTY":"Los Angeles County","Status":"Operational"},"geometry":{"type":"Point","coordinates":[-118.172278871894,33.7931487727797]}},{"type":"Feature","properties":{"Name":"Bradbury","Max_Voltag":66,"Owner":"SCE","COUNTY":"Los Angeles County","Status":"Operational"},"geometry":{"type":"Point","coordinates":[-117.98728037834,34.1337980173571]}},{"type":"Feature","properties":{"Name":"Downey","Max_Voltag":66,"Owner":"SCE","COUNTY":"Los Angeles County","Status":"Operational"},"geometry":{"type":"Point","coordinates":[-118.129905748676,33.9373156792668]}},{"type":"Feature","properties":{"Name":"Brew","Max_Voltag":66,"Owner":"SCE","COUNTY":"Los Angeles County","Status":"Operational"},"geometry":{"type":"Point","coordinates":[-117.939889513879,34.1271720956698]}},{"type":"Feature","properties":{"Name":"Bridge","Max_Voltag":66,"Owner":"SCE","COUNTY":"Los Angeles County","Status":"Operational"},"geometry":{"type":"Point","coordinates":[-118.325882907254,33.8805507579144]}},{"type":"Feature","properties":{"Name":"Artesia","Max_Voltag":0,"Owner":"SCE","COUNTY":"Los Angeles County","Status":"Operational"},"geometry":{"type":"Point","coordinates":[-118.084308575496,33.8600792467249]}},{"type":"Feature","properties":{"Name":"Brighton","Max_Voltag":66,"Owner":"SCE","COUNTY":"Los Angeles County","Status":"Operational"},"geometry":{"type":"Point","coordinates":[-118.311868230319,33.9025237925683]}},{"type":"Feature","properties":{"Name":"Broadway","Max_Voltag":66,"Owner":"SCE","COUNTY":"Los Angeles County","Status":"Operational"},"geometry":{"type":"Point","coordinates":[-118.152050699056,33.7669740636159]}},{"type":"Feature","properties":{"Name":"Bullis","Max_Voltag":66,"Owner":"SCE","COUNTY":"Los Angeles County","Status":"Operational"},"geometry":{"type":"Point","coordinates":[-118.20627636122,33.9001163134685]}},{"type":"Feature","properties":{"Name":"Calden","Max_Voltag":66,"Owner":"SCE","COUNTY":"Los Angeles County","Status":"Operational"},"geometry":{"type":"Point","coordinates":[-118.232284177815,33.9565073077795]}},{"type":"Feature","properties":{"Name":"Cameron","Max_Voltag":66,"Owner":"SCE","COUNTY":"Los Angeles County","Status":"Operational"},"geometry":{"type":"Point","coordinates":[-118.216986942013,33.8193674558825]}},{"type":"Feature","properties":{"Name":"Carbogen","Max_Voltag":66,"Owner":"SCE","COUNTY":"Los Angeles County","Status":"Operational"},"geometry":{"type":"Point","coordinates":[-118.229777984174,33.7748691939966]}},{"type":"Feature","properties":{"Name":"Carmenita","Max_Voltag":66,"Owner":"SCE","COUNTY":"Los Angeles County","Status":"Operational"},"geometry":{"type":"Point","coordinates":[-118.047068982766,33.9031950146201]}},{"type":"Feature","properties":{"Name":"Carson","Max_Voltag":66,"Owner":"SCE","COUNTY":"Los Angeles County","Status":"Operational"},"geometry":{"type":"Point","coordinates":[-118.216982095602,33.8639848267735]}},{"type":"Feature","properties":{"Name":"Center","Max_Voltag":0,"Owner":"SCE","COUNTY":"Los Angeles County","Status":"Operational"},"geometry":{"type":"Point","coordinates":[-118.105754629399,33.9288300122717]}},{"type":"Feature","properties":{"Name":"Certified","Max_Voltag":66,"Owner":"SCE","COUNTY":"Los Angeles County","Status":"Operational"},"geometry":{"type":"Point","coordinates":[-118.171678204396,33.8166082203889]}},{"type":"Feature","properties":{"Name":"Dock","Max_Voltag":66,"Owner":"SCE","COUNTY":"Los Angeles County","Status":"Operational"},"geometry":{"type":"Point","coordinates":[-118.237862839697,33.759414022228]}},{"type":"Feature","properties":{"Name":"Cherry","Max_Voltag":66,"Owner":"SCE","COUNTY":"Los Angeles County","Status":"Operational"},"geometry":{"type":"Point","coordinates":[-118.183293155119,33.7786144717393]}},{"type":"Feature","properties":{"Name":"Chevgen","Max_Voltag":66,"Owner":"SCE","COUNTY":"Los Angeles County","Status":"Operational"},"geometry":{"type":"Point","coordinates":[-118.414155322354,33.912602966432]}},{"type":"Feature","properties":{"Name":"Citrus","Max_Voltag":66,"Owner":"SCE","COUNTY":"Los Angeles County","Status":"Operational"},"geometry":{"type":"Point","coordinates":[-117.871990894813,34.1190147076946]}},{"type":"Feature","properties":{"Name":"Clark","Max_Voltag":66,"Owner":"SCE","COUNTY":"Los Angeles County","Status":"Operational"},"geometry":{"type":"Point","coordinates":[-118.107144859438,33.7957487724006]}},{"type":"Feature","properties":{"Name":"College","Max_Voltag":66,"Owner":"SCE","COUNTY":"Los Angeles County","Status":"Operational"},"geometry":{"type":"Point","coordinates":[-118.108520269071,33.784100084889]}},{"type":"Feature","properties":{"Name":"Colorado","Max_Voltag":66,"Owner":"SCE","COUNTY":"Los Angeles County","Status":"Operational"},"geometry":{"type":"Point","coordinates":[-118.472156137431,34.0256131736474]}},{"type":"Feature","properties":{"Name":"Commodore","Max_Voltag":66,"Owner":"SCE","COUNTY":"Los Angeles County","Status":"Operational"},"geometry":{"type":"Point","coordinates":[-118.220333326347,33.7568198989867]}},{"type":"Feature","properties":{"Name":"Ybarra","Max_Voltag":66,"Owner":"Other","COUNTY":"Los Angeles County","Status":"Operational"},"geometry":{"type":"Point","coordinates":[-118.206525765882,34.0041463632245]}},{"type":"Feature","properties":{"Name":"Corners","Max_Voltag":66,"Owner":"SCE","COUNTY":"Los Angeles County","Status":"Operational"},"geometry":{"type":"Point","coordinates":[-118.165335883793,33.8634186226491]}},{"type":"Feature","properties":{"Name":"Cornuta","Max_Voltag":0,"Owner":"SCE","COUNTY":"Los Angeles County","Status":"Operational"},"geometry":{"type":"Point","coordinates":[-118.120364751026,33.8836997428791]}},{"type":"Feature","properties":{"Name":"Cortez","Max_Voltag":66,"Owner":"SCE","COUNTY":"Los Angeles County","Status":"Operational"},"geometry":{"type":"Point","coordinates":[-117.879584655744,34.0925801906483]}},{"type":"Feature","properties":{"Name":"Cosmic","Max_Voltag":66,"Owner":"SCE","COUNTY":"Los Angeles County","Status":"Operational"},"geometry":{"type":"Point","coordinates":[-118.318759309271,33.9240683432582]}},{"type":"Feature","properties":{"Name":"Crater","Max_Voltag":66,"Owner":"SCE","COUNTY":"Los Angeles County","Status":"Operational"},"geometry":{"type":"Point","coordinates":[-118.71494386766,34.1069720864905]}},{"type":"Feature","properties":{"Name":"Crest","Max_Voltag":66,"Owner":"SCE","COUNTY":"Los Angeles County","Status":"Operational"},"geometry":{"type":"Point","coordinates":[-118.373193907892,33.7669445750001]}},{"type":"Feature","properties":{"Name":"Cryco","Max_Voltag":66,"Owner":"SCE","COUNTY":"Los Angeles County","Status":"Operational"},"geometry":{"type":"Point","coordinates":[-117.989172220447,34.0575534178037]}},{"type":"Feature","properties":{"Name":"Cudahy","Max_Voltag":66,"Owner":"SCE","COUNTY":"Los Angeles County","Status":"Operational"},"geometry":{"type":"Point","coordinates":[-118.194265164524,33.9638426290348]}},{"type":"Feature","properties":{"Name":"Culver","Max_Voltag":0,"Owner":"SCE","COUNTY":"Los Angeles County","Status":"Operational"},"geometry":{"type":"Point","coordinates":[-118.40261001532,34.0145759190346]}},{"type":"Feature","properties":{"Name":"Dalton","Max_Voltag":66,"Owner":"SCE","COUNTY":"Los Angeles County","Status":"Operational"},"geometry":{"type":"Point","coordinates":[-117.933627710173,34.1138998702789]}},{"type":"Feature","properties":{"Name":"Del Amo","Max_Voltag":0,"Owner":"SCE","COUNTY":"Los Angeles County","Status":"Operational"},"geometry":{"type":"Point","coordinates":[-118.096866890217,33.8477353721828]}},{"type":"Feature","properties":{"Name":"Del Sur","Max_Voltag":66,"Owner":"SCE","COUNTY":"Los Angeles County","Status":"Operational"},"geometry":{"type":"Point","coordinates":[-118.288976564342,34.7179709221466]}},{"type":"Feature","properties":{"Name":"Diamond Bar","Max_Voltag":66,"Owner":"SCE","COUNTY":"Los Angeles County","Status":"Operational"},"geometry":{"type":"Point","coordinates":[-117.811236928443,34.0029476844096]}},{"type":"Feature","properties":{"Name":"Dike","Max_Voltag":66,"Owner":"SCE","COUNTY":"Los Angeles County","Status":"Operational"},"geometry":{"type":"Point","coordinates":[-118.222967652087,33.7621935253853]}},{"type":"Feature","properties":{"Name":"Ditmar","Max_Voltag":66,"Owner":"SCE","COUNTY":"Los Angeles County","Status":"Operational"},"geometry":{"type":"Point","coordinates":[-118.377907523597,33.8723291108202]}},{"type":"Feature","properties":{"Name":"Domhill","Max_Voltag":66,"Owner":"SCE","COUNTY":"Los Angeles County","Status":"Operational"},"geometry":{"type":"Point","coordinates":[-118.223031318386,33.8624761541615]}},{"type":"Feature","properties":{"Name":"Douglas","Max_Voltag":66,"Owner":"SCE","COUNTY":"Los Angeles County","Status":"Operational"},"geometry":{"type":"Point","coordinates":[-118.382671700078,33.9222833919358]}},{"type":"Feature","properties":{"Name":"Dougoil","Max_Voltag":66,"Owner":"SCE","COUNTY":"Los Angeles County","Status":"Operational"},"geometry":{"type":"Point","coordinates":[-118.144268350307,33.898976968672]}},{"type":"Feature","properties":{"Name":"Eagle Rock","Max_Voltag":0,"Owner":"SCE","COUNTY":"Los Angeles County","Status":"Operational"},"geometry":{"type":"Point","coordinates":[-118.184318425709,34.1508561241493]}},{"type":"Feature","properties":{"Name":"Eaton","Max_Voltag":0,"Owner":"SCE","COUNTY":"Los Angeles County","Status":"Operational"},"geometry":{"type":"Point","coordinates":[-118.085722486024,34.1622582876501]}},{"type":"Feature","properties":{"Name":"El Nido","Max_Voltag":0,"Owner":"SCE","COUNTY":"Los Angeles County","Status":"Operational"},"geometry":{"type":"Point","coordinates":[-118.373322105568,33.8956585991289]}},{"type":"Feature","properties":{"Name":"Elizabeth Lake","Max_Voltag":66,"Owner":"SCE","COUNTY":"Los Angeles County","Status":"Operational"},"geometry":{"type":"Point","coordinates":[-118.616397208654,34.4911396794796]}},{"type":"Feature","properties":{"Name":"Eric","Max_Voltag":66,"Owner":"SCE","COUNTY":"Los Angeles County","Status":"Operational"},"geometry":{"type":"Point","coordinates":[-118.090470989599,33.8799059942177]}},{"type":"Feature","properties":{"Name":"Federalgen","Max_Voltag":66,"Owner":"SCE","COUNTY":"Los Angeles County","Status":"Operational"},"geometry":{"type":"Point","coordinates":[-118.167446109041,33.9820038844887]}},{"type":"Feature","properties":{"Name":"Felton","Max_Voltag":66,"Owner":"SCE","COUNTY":"Los Angeles County","Status":"Operational"},"geometry":{"type":"Point","coordinates":[-118.3620586746,33.9158007267163]}},{"type":"Feature","properties":{"Name":"Fernwood","Max_Voltag":66,"Owner":"SCE","COUNTY":"Los Angeles County","Status":"Operational"},"geometry":{"type":"Point","coordinates":[-118.215484019221,33.9282970189493]}},{"type":"Feature","properties":{"Name":"Polypro","Max_Voltag":66,"Owner":"SCE","COUNTY":"Los Angeles County","Status":"Operational"},"geometry":{"type":"Point","coordinates":[-118.233298494349,33.8214325477923]}},{"type":"Feature","properties":{"Name":"MWD Foothill","Max_Voltag":66,"Owner":"SCE","COUNTY":"Los Angeles County","Status":"Operational"},"geometry":{"type":"Point","coordinates":[-118.608297230891,34.5145638827477]}},{"type":"Feature","properties":{"Name":"Fruitland","Max_Voltag":66,"Owner":"SCE","COUNTY":"Los Angeles County","Status":"Operational"},"geometry":{"type":"Point","coordinates":[-118.226703969034,33.9959959036912]}},{"type":"Feature","properties":{"Name":"Fuel","Max_Voltag":0,"Owner":"SCE","COUNTY":"Los Angeles County","Status":"Operational"},"geometry":{"type":"Point","coordinates":[-118.226482537012,33.7645772635069]}},{"type":"Feature","properties":{"Name":"Galaxy","Max_Voltag":0,"Owner":"SCE","COUNTY":"Los Angeles County","Status":"Operational"},"geometry":{"type":"Point","coordinates":[-118.382884325916,33.8992882740974]}},{"type":"Feature","properties":{"Name":"Gallatin","Max_Voltag":0,"Owner":"SCE","COUNTY":"Los Angeles County","Status":"Operational"},"geometry":{"type":"Point","coordinates":[-118.111350563189,33.9615512770506]}},{"type":"Feature","properties":{"Name":"Pomona","Max_Voltag":0,"Owner":"SCE","COUNTY":"Los Angeles County","Status":"Operational"},"geometry":{"type":"Point","coordinates":[-117.755280086064,34.0582889050183]}},{"type":"Feature","properties":{"Name":"Ganesha","Max_Voltag":66,"Owner":"SCE","COUNTY":"Los Angeles County","Status":"Operational"},"geometry":{"type":"Point","coordinates":[-117.775636189779,34.0575324602236]}},{"type":"Feature","properties":{"Name":"Garfield","Max_Voltag":66,"Owner":"SCE","COUNTY":"Los Angeles County","Status":"Operational"},"geometry":{"type":"Point","coordinates":[-118.149852415555,34.1249638267755]}},{"type":"Feature","properties":{"Name":"Gatx","Max_Voltag":66,"Owner":"SCE","COUNTY":"Los Angeles County","Status":"Operational"},"geometry":{"type":"Point","coordinates":[-118.233189381381,33.8073842957252]}},{"type":"Feature","properties":{"Name":"Goodrich","Max_Voltag":0,"Owner":"SCE","COUNTY":"Los Angeles County","Status":"Operational"},"geometry":{"type":"Point","coordinates":[-118.087921587891,34.1513563259024]}},{"type":"Feature","properties":{"Name":"Gorman","Max_Voltag":66,"Owner":"SCE","COUNTY":"Los Angeles County","Status":"Operational"},"geometry":{"type":"Point","coordinates":[-118.827105537742,34.7905444368856]}},{"type":"Feature","properties":{"Name":"Gould","Max_Voltag":0,"Owner":"SCE","COUNTY":"Los Angeles County","Status":"Operational"},"geometry":{"type":"Point","coordinates":[-118.186960150872,34.2214836502678]}},{"type":"Feature","properties":{"Name":"Ductile","Max_Voltag":66,"Owner":"SCE","COUNTY":"Los Angeles County","Status":"Operational"},"geometry":{"type":"Point","coordinates":[-118.04182465946,34.0815021924985]}},{"type":"Feature","properties":{"Name":"Greening","Max_Voltag":66,"Owner":"SCE","COUNTY":"Los Angeles County","Status":"Operational"},"geometry":{"type":"Point","coordinates":[-118.047462713457,33.8810913994776]}},{"type":"Feature","properties":{"Name":"Harborgen","Max_Voltag":0,"Owner":"SCE","COUNTY":"Los Angeles County","Status":"Operational"},"geometry":{"type":"Point","coordinates":[-118.227317484237,33.7789291256815]}},{"type":"Feature","properties":{"Name":"Haskell","Max_Voltag":0,"Owner":"SCE","COUNTY":"Los Angeles County","Status":"Operational"},"geometry":{"type":"Point","coordinates":[-118.515248861498,34.4387065938413]}},{"type":"Feature","properties":{"Name":"Hathaway","Max_Voltag":66,"Owner":"SCE","COUNTY":"Los Angeles County","Status":"Operational"},"geometry":{"type":"Point","coordinates":[-118.142186235141,33.7910478282619]}},{"type":"Feature","properties":{"Name":"Helijet","Max_Voltag":66,"Owner":"SCE","COUNTY":"Los Angeles County","Status":"Operational"},"geometry":{"type":"Point","coordinates":[-118.113863928979,34.6119288102749]}},{"type":"Feature","properties":{"Name":"Hillgen","Max_Voltag":66,"Owner":"SCE","COUNTY":"Los Angeles County","Status":"Operational"},"geometry":{"type":"Point","coordinates":[-118.025021775377,34.0242790563421]}},{"type":"Feature","properties":{"Name":"Hinson","Max_Voltag":230,"Owner":"SCE","COUNTY":"Los Angeles County","Status":"Operational"},"geometry":{"type":"Point","coordinates":[-118.222539037119,33.8192689822717]}},{"type":"Feature","properties":{"Name":"Howard","Max_Voltag":66,"Owner":"SCE","COUNTY":"Los Angeles County","Status":"Operational"},"geometry":{"type":"Point","coordinates":[-118.307169233798,33.9226191520523]}},{"type":"Feature","properties":{"Name":"Hughesair","Max_Voltag":66,"Owner":"SCE","COUNTY":"Los Angeles County","Status":"Operational"},"geometry":{"type":"Point","coordinates":[-118.39180074022,33.911718634856]}},{"type":"Feature","properties":{"Name":"Hughtron","Max_Voltag":66,"Owner":"SCE","COUNTY":"Los Angeles County","Status":"Operational"},"geometry":{"type":"Point","coordinates":[-118.340490691465,33.8104697545665]}},{"type":"Feature","properties":{"Name":"Imperial","Max_Voltag":66,"Owner":"SCE","COUNTY":"Los Angeles County","Status":"Operational"},"geometry":{"type":"Point","coordinates":[-118.148284994623,33.9118449987465]}},{"type":"Feature","properties":{"Name":"Unknown","Max_Voltag":66,"Owner":"SCE","COUNTY":"Los Angeles County","Status":"Operational"},"geometry":{"type":"Point","coordinates":[-117.967713529943,34.0334167522805]}},{"type":"Feature","properties":{"Name":"Inglewood","Max_Voltag":66,"Owner":"SCE","COUNTY":"Los Angeles County","Status":"Operational"},"geometry":{"type":"Point","coordinates":[-118.35810349032,33.9656484053889]}},{"type":"Feature","properties":{"Name":"Injection","Max_Voltag":66,"Owner":"SCE","COUNTY":"Los Angeles County","Status":"Operational"},"geometry":{"type":"Point","coordinates":[-118.159403654897,33.8013417447319]}},{"type":"Feature","properties":{"Name":"Jersey","Max_Voltag":66,"Owner":"SCE","COUNTY":"Los Angeles County","Status":"Operational"},"geometry":{"type":"Point","coordinates":[-118.24818910055,33.8795048038677]}},{"type":"Feature","properties":{"Name":"Jet","Max_Voltag":0,"Owner":"SCE","COUNTY":"Los Angeles County","Status":"Operational"},"geometry":{"type":"Point","coordinates":[-118.167967859541,34.2135094577136]}},{"type":"Feature","properties":{"Name":"Jose","Max_Voltag":0,"Owner":"SCE","COUNTY":"Los Angeles County","Status":"Operational"},"geometry":{"type":"Point","coordinates":[-118.025544673026,34.0371033212521]}},{"type":"Feature","properties":{"Name":"Kinetic","Max_Voltag":230,"Owner":"SCE","COUNTY":"Los Angeles County","Status":"Operational"},"geometry":{"type":"Point","coordinates":[-118.203577930803,34.0149746668063]}},{"type":"Feature","properties":{"Name":"La Canada","Max_Voltag":66,"Owner":"SCE","COUNTY":"Los Angeles County","Status":"Operational"},"geometry":{"type":"Point","coordinates":[-118.210493427761,34.2052703158589]}},{"type":"Feature","properties":{"Name":"La Cienega","Max_Voltag":0,"Owner":"SCE","COUNTY":"Los Angeles County","Status":"Operational"},"geometry":{"type":"Point","coordinates":[-118.37832698563,34.0007379960236]}},{"type":"Feature","properties":{"Name":"La Fresa","Max_Voltag":0,"Owner":"SCE","COUNTY":"Los Angeles County","Status":"Operational"},"geometry":{"type":"Point","coordinates":[-118.332842847463,33.8697423680424]}},{"type":"Feature","properties":{"Name":"La Mirada","Max_Voltag":66,"Owner":"SCE","COUNTY":"Los Angeles County","Status":"Operational"},"geometry":{"type":"Point","coordinates":[-118.014404906834,33.8886303177174]}},{"type":"Feature","properties":{"Name":"Laguna Bell","Max_Voltag":0,"Owner":"SCE","COUNTY":"Los Angeles County","Status":"Operational"},"geometry":{"type":"Point","coordinates":[-118.147873880633,33.9758988220567]}},{"type":"Feature","properties":{"Name":"Lakewood","Max_Voltag":66,"Owner":"SCE","COUNTY":"Los Angeles County","Status":"Operational"},"geometry":{"type":"Point","coordinates":[-118.124652954257,33.8302440617691]}},{"type":"Feature","properties":{"Name":"Lancaster","Max_Voltag":66,"Owner":"SCE","COUNTY":"Los Angeles County","Status":"Operational"},"geometry":{"type":"Point","coordinates":[-118.145604147829,34.7004998338603]}},{"type":"Feature","properties":{"Name":"Lanpri","Max_Voltag":66,"Owner":"Other","COUNTY":"Los Angeles County","Status":"Operational"},"geometry":{"type":"Point","coordinates":[-118.228492176998,34.6906835050571]}},{"type":"Feature","properties":{"Name":"Lark Ellen","Max_Voltag":66,"Owner":"SCE","COUNTY":"Los Angeles County","Status":"Operational"},"geometry":{"type":"Point","coordinates":[-117.92642891332,34.0870868637269]}},{"type":"Feature","properties":{"Name":"Latigo","Max_Voltag":66,"Owner":"SCE","COUNTY":"Los Angeles County","Status":"Operational"},"geometry":{"type":"Point","coordinates":[-118.776100169683,34.0448357482133]}},{"type":"Feature","properties":{"Name":"Layfair","Max_Voltag":66,"Owner":"SCE","COUNTY":"Los Angeles County","Status":"Operational"},"geometry":{"type":"Point","coordinates":[-117.769703500945,34.0899808005334]}},{"type":"Feature","properties":{"Name":"Lennox","Max_Voltag":66,"Owner":"SCE","COUNTY":"Los Angeles County","Status":"Operational"},"geometry":{"type":"Point","coordinates":[-118.347362614742,33.9422545427866]}},{"type":"Feature","properties":{"Name":"Owill","Max_Voltag":66,"Owner":"Other","COUNTY":"Los Angeles County","Status":"Operational"},"geometry":{"type":"Point","coordinates":[-118.217887965718,33.9976074965564]}},{"type":"Feature","properties":{"Name":"Lighthipe","Max_Voltag":0,"Owner":"SCE","COUNTY":"Los Angeles County","Status":"Operational"},"geometry":{"type":"Point","coordinates":[-118.175033862937,33.8805768603068]}},{"type":"Feature","properties":{"Name":"Liquid","Max_Voltag":66,"Owner":"SCE","COUNTY":"Los Angeles County","Status":"Operational"},"geometry":{"type":"Point","coordinates":[-117.93185679927,34.1118546869122]}},{"type":"Feature","properties":{"Name":"Little Rock","Max_Voltag":66,"Owner":"SCE","COUNTY":"Los Angeles County","Status":"Operational"},"geometry":{"type":"Point","coordinates":[-117.968951120045,34.6162014178811]}},{"type":"Feature","properties":{"Name":"Live Oak","Max_Voltag":66,"Owner":"SCE","COUNTY":"Los Angeles County","Status":"Operational"},"geometry":{"type":"Point","coordinates":[-117.73189499257,34.121165983679]}},{"type":"Feature","properties":{"Name":"Los Cerritos","Max_Voltag":66,"Owner":"SCE","COUNTY":"Los Angeles County","Status":"Operational"},"geometry":{"type":"Point","coordinates":[-118.190508819638,33.8112755047724]}},{"type":"Feature","properties":{"Name":"Losulfur","Max_Voltag":0,"Owner":"SCE","COUNTY":"Los Angeles County","Status":"Operational"},"geometry":{"type":"Point","coordinates":[-118.404499430179,33.9318051890577]}},{"type":"Feature","properties":{"Name":"Lucas","Max_Voltag":0,"Owner":"SCE","COUNTY":"Los Angeles County","Status":"Operational"},"geometry":{"type":"Point","coordinates":[-118.120598781921,33.8423569456781]}},{"type":"Feature","properties":{"Name":"Macneil","Max_Voltag":66,"Owner":"SCE","COUNTY":"Los Angeles County","Status":"Operational"},"geometry":{"type":"Point","coordinates":[-118.347162982137,34.1721930551591]}},{"type":"Feature","properties":{"Name":"Main Oil","Max_Voltag":0,"Owner":"SCE","COUNTY":"Los Angeles County","Status":"Operational"},"geometry":{"type":"Point","coordinates":[-118.227604054898,33.7639988719225]}},{"type":"Feature","properties":{"Name":"Malibu","Max_Voltag":66,"Owner":"SCE","COUNTY":"Los Angeles County","Status":"Operational"},"geometry":{"type":"Point","coordinates":[-118.761464459545,34.147556802003]}},{"type":"Feature","properties":{"Name":"Marine","Max_Voltag":0,"Owner":"SCE","COUNTY":"Los Angeles County","Status":"Operational"},"geometry":{"type":"Point","coordinates":[-118.465690236492,34.0069827574647]}},{"type":"Feature","properties":{"Name":"Marymount","Max_Voltag":66,"Owner":"SCE","COUNTY":"Los Angeles County","Status":"Operational"},"geometry":{"type":"Point","coordinates":[-118.388979978126,33.747173996053]}},{"type":"Feature","properties":{"Name":"Rivera","Max_Voltag":66,"Owner":"SCE","COUNTY":"Los Angeles County","Status":"Operational"},"geometry":{"type":"Point","coordinates":[-118.101356429259,33.9695813440822]}},{"type":"Feature","properties":{"Name":"Merced","Max_Voltag":66,"Owner":"SCE","COUNTY":"Los Angeles County","Status":"Operational"},"geometry":{"type":"Point","coordinates":[-117.907206399053,34.0497252813353]}},{"type":"Feature","properties":{"Name":"Mesa","Max_Voltag":0,"Owner":"SCE","COUNTY":"Los Angeles County","Status":"Operational"},"geometry":{"type":"Point","coordinates":[-118.110470225888,34.037262821724]}},{"type":"Feature","properties":{"Name":"Mobgen","Max_Voltag":0,"Owner":"SCE","COUNTY":"Los Angeles County","Status":"Operational"},"geometry":{"type":"Point","coordinates":[-118.335606683317,33.8534808157104]}},{"type":"Feature","properties":{"Name":"Mobil Oil","Max_Voltag":0,"Owner":"SCE","COUNTY":"Los Angeles County","Status":"Operational"},"geometry":{"type":"Point","coordinates":[-118.33295635409,33.857073853915]}},{"type":"Feature","properties":{"Name":"Murphy","Max_Voltag":66,"Owner":"SCE","COUNTY":"Los Angeles County","Status":"Operational"},"geometry":{"type":"Point","coordinates":[-118.043105982246,33.9544259920239]}},{"type":"Feature","properties":{"Name":"Narrows","Max_Voltag":66,"Owner":"SCE","COUNTY":"Los Angeles County","Status":"Operational"},"geometry":{"type":"Point","coordinates":[-118.066835513177,34.0050060809088]}},{"type":"Feature","properties":{"Name":"Navy Mole","Max_Voltag":66,"Owner":"SCE","COUNTY":"Los Angeles County","Status":"Operational"},"geometry":{"type":"Point","coordinates":[-118.228565015097,33.7422723790171]}},{"type":"Feature","properties":{"Name":"Navy-1","Max_Voltag":0,"Owner":"SCE","COUNTY":"Los Angeles County","Status":"Operational"},"geometry":{"type":"Point","coordinates":[-118.219191962879,33.7639520139499]}},{"type":"Feature","properties":{"Name":"Neenach","Max_Voltag":66,"Owner":"SCE","COUNTY":"Los Angeles County","Status":"Operational"},"geometry":{"type":"Point","coordinates":[-118.501436142907,34.7751055908528]}},{"type":"Feature","properties":{"Name":"Neptune","Max_Voltag":66,"Owner":"SCE","COUNTY":"Los Angeles County","Status":"Operational"},"geometry":{"type":"Point","coordinates":[-118.26840071115,33.8273533348078]}},{"type":"Feature","properties":{"Name":"Newmark","Max_Voltag":0,"Owner":"SCE","COUNTY":"Los Angeles County","Status":"Operational"},"geometry":{"type":"Point","coordinates":[-118.129148537163,34.0455708932078]}},{"type":"Feature","properties":{"Name":"Newhall","Max_Voltag":66,"Owner":"SCE","COUNTY":"Los Angeles County","Status":"Operational"},"geometry":{"type":"Point","coordinates":[-118.559170016411,34.3792129895674]}},{"type":"Feature","properties":{"Name":"Nogales","Max_Voltag":0,"Owner":"SCE","COUNTY":"Los Angeles County","Status":"Operational"},"geometry":{"type":"Point","coordinates":[-117.855291359209,34.0067608765232]}},{"type":"Feature","properties":{"Name":"Nola","Max_Voltag":0,"Owner":"SCE","COUNTY":"Los Angeles County","Status":"Operational"},"geometry":{"type":"Point","coordinates":[-118.276326513664,33.8595147197439]}},{"type":"Feature","properties":{"Name":"North Oaks","Max_Voltag":66,"Owner":"SCE","COUNTY":"Los Angeles County","Status":"Operational"},"geometry":{"type":"Point","coordinates":[-118.452748565723,34.4156308131013]}},{"type":"Feature","properties":{"Name":"Oasis","Max_Voltag":66,"Owner":"SCE","COUNTY":"Los Angeles County","Status":"Operational"},"geometry":{"type":"Point","coordinates":[-118.094863970527,34.6467123549904]}},{"type":"Feature","properties":{"Name":"Olinda","Max_Voltag":0,"Owner":"SCE","COUNTY":"Los Angeles County","Status":"Operational"},"geometry":{"type":"Point","coordinates":[-117.922310094624,33.946272786377]}},{"type":"Feature","properties":{"Name":"Oso","Max_Voltag":66,"Owner":"SCE","COUNTY":"Los Angeles County","Status":"Operational"},"geometry":{"type":"Point","coordinates":[-118.71929166333,34.8084444478059]}},{"type":"Feature","properties":{"Name":"Owill","Max_Voltag":0,"Owner":"SCE","COUNTY":"Los Angeles County","Status":"Operational"},"geometry":{"type":"Point","coordinates":[-118.231274998747,34.0500223193889]}},{"type":"Feature","properties":{"Name":"Package","Max_Voltag":66,"Owner":"SCE","COUNTY":"Los Angeles County","Status":"Operational"},"geometry":{"type":"Point","coordinates":[-117.976757803258,34.0345468331093]}},{"type":"Feature","properties":{"Name":"Pacline","Max_Voltag":66,"Owner":"SCE","COUNTY":"Los Angeles County","Status":"Operational"},"geometry":{"type":"Point","coordinates":[-118.233873082855,33.846028603396]}},{"type":"Feature","properties":{"Name":"Palmdale","Max_Voltag":66,"Owner":"SCE","COUNTY":"Los Angeles County","Status":"Operational"},"geometry":{"type":"Point","coordinates":[-118.059186128564,34.5660542037996]}},{"type":"Feature","properties":{"Name":"Palogen","Max_Voltag":66,"Owner":"SCE","COUNTY":"Los Angeles County","Status":"Operational"},"geometry":{"type":"Point","coordinates":[-118.349233042809,33.793290093783]}},{"type":"Feature","properties":{"Name":"Castaic","Max_Voltag":230,"Owner":"LADWP","COUNTY":"Los Angeles County","Status":"Operational"},"geometry":{"type":"Point","coordinates":[-118.657369472967,34.5874944653314]}},{"type":"Feature","properties":{"Name":"Pardee","Max_Voltag":0,"Owner":"SCE","COUNTY":"Los Angeles County","Status":"Operational"},"geometry":{"type":"Point","coordinates":[-118.582836056214,34.4392704399528]}},{"type":"Feature","properties":{"Name":"Passons","Max_Voltag":66,"Owner":"SCE","COUNTY":"Los Angeles County","Status":"Operational"},"geometry":{"type":"Point","coordinates":[-118.08214800327,33.9642059836333]}},{"type":"Feature","properties":{"Name":"Pearblossom","Max_Voltag":0,"Owner":"SCE","COUNTY":"Los Angeles County","Status":"Operational"},"geometry":{"type":"Point","coordinates":[-117.91968213165,34.509069592412]}},{"type":"Feature","properties":{"Name":"Pico","Max_Voltag":66,"Owner":"SCE","COUNTY":"Los Angeles County","Status":"Operational"},"geometry":{"type":"Point","coordinates":[-118.206656745641,33.765089806704]}},{"type":"Feature","properties":{"Name":"Pioneer","Max_Voltag":66,"Owner":"SCE","COUNTY":"Los Angeles County","Status":"Operational"},"geometry":{"type":"Point","coordinates":[-118.081148917672,33.9155757824644]}},{"type":"Feature","properties":{"Name":"Pitchgen","Max_Voltag":0,"Owner":"SCE","COUNTY":"Los Angeles County","Status":"Operational"},"geometry":{"type":"Point","coordinates":[-118.594193636913,34.4635942386553]}},{"type":"Feature","properties":{"Name":"Piute","Max_Voltag":66,"Owner":"SCE","COUNTY":"Los Angeles County","Status":"Operational"},"geometry":{"type":"Point","coordinates":[-117.969372758697,34.6906556757765]}},{"type":"Feature","properties":{"Name":"Polaris","Max_Voltag":0,"Owner":"SCE","COUNTY":"Los Angeles County","Status":"Operational"},"geometry":{"type":"Point","coordinates":[-118.389719084992,33.9287041364396]}},{"type":"Feature","properties":{"Name":"Tidelands","Max_Voltag":66,"Owner":"SCE","COUNTY":"Los Angeles County","Status":"Operational"},"geometry":{"type":"Point","coordinates":[-118.207827707698,33.7648311076658]}},{"type":"Feature","properties":{"Name":"Powerine","Max_Voltag":66,"Owner":"SCE","COUNTY":"Los Angeles County","Status":"Operational"},"geometry":{"type":"Point","coordinates":[-118.067746805523,33.9349910669243]}},{"type":"Feature","properties":{"Name":"Procal","Max_Voltag":66,"Owner":"SCE","COUNTY":"Los Angeles County","Status":"Operational"},"geometry":{"type":"Point","coordinates":[-118.065609899414,33.9585650744014]}},{"type":"Feature","properties":{"Name":"Proctor","Max_Voltag":66,"Owner":"SCE","COUNTY":"Los Angeles County","Status":"Operational"},"geometry":{"type":"Point","coordinates":[-117.969048043773,34.0218702503801]}},{"type":"Feature","properties":{"Name":"Puente","Max_Voltag":66,"Owner":"SCE","COUNTY":"Los Angeles County","Status":"Operational"},"geometry":{"type":"Point","coordinates":[-117.930423516573,34.009010943687]}},{"type":"Feature","properties":{"Name":"Leonis","Max_Voltag":66,"Owner":"Other","COUNTY":"Los Angeles County","Status":"Operational"},"geometry":{"type":"Point","coordinates":[-118.206090249158,33.9979774789128]}},{"type":"Feature","properties":{"Name":"Quartz Hill","Max_Voltag":66,"Owner":"SCE","COUNTY":"Los Angeles County","Status":"Operational"},"geometry":{"type":"Point","coordinates":[-118.228290313876,34.6595411985128]}},{"type":"Feature","properties":{"Name":"Railroad","Max_Voltag":66,"Owner":"SCE","COUNTY":"Los Angeles County","Status":"Operational"},"geometry":{"type":"Point","coordinates":[-117.887703020224,33.9971037816475]}},{"type":"Feature","properties":{"Name":"Ramona","Max_Voltag":66,"Owner":"SCE","COUNTY":"Los Angeles County","Status":"Operational"},"geometry":{"type":"Point","coordinates":[-118.130028119879,34.0699191802121]}},{"type":"Feature","properties":{"Name":"Randolph","Max_Voltag":66,"Owner":"SCE","COUNTY":"Los Angeles County","Status":"Operational"},"geometry":{"type":"Point","coordinates":[-118.205315985825,33.9827147510725]}},{"type":"Feature","properties":{"Name":"Ravendale","Max_Voltag":66,"Owner":"SCE","COUNTY":"Los Angeles County","Status":"Operational"},"geometry":{"type":"Point","coordinates":[-118.08107445542,34.1217752319978]}},{"type":"Feature","properties":{"Name":"Redman","Max_Voltag":66,"Owner":"SCE","COUNTY":"Los Angeles County","Status":"Operational"},"geometry":{"type":"Point","coordinates":[-117.969416968385,34.7631836746233]}},{"type":"Feature","properties":{"Name":"Refinery","Max_Voltag":66,"Owner":"SCE","COUNTY":"Los Angeles County","Status":"Operational"},"geometry":{"type":"Point","coordinates":[-118.244287167503,33.8395960845717]}},{"type":"Feature","properties":{"Name":"Refuse","Max_Voltag":66,"Owner":"SCE","COUNTY":"Los Angeles County","Status":"Operational"},"geometry":{"type":"Point","coordinates":[-118.152779417805,33.9945658291819]}},{"type":"Feature","properties":{"Name":"Reno","Max_Voltag":0,"Owner":"SCE","COUNTY":"Los Angeles County","Status":"Operational"},"geometry":{"type":"Point","coordinates":[-118.02419023097,34.0344474741757]}},{"type":"Feature","properties":{"Name":"Repetto","Max_Voltag":66,"Owner":"SCE","COUNTY":"Los Angeles County","Status":"Operational"},"geometry":{"type":"Point","coordinates":[-118.162185309734,34.0479425205595]}},{"type":"Feature","properties":{"Name":"Repro","Max_Voltag":0,"Owner":"SCE","COUNTY":"Los Angeles County","Status":"Operational"},"geometry":{"type":"Point","coordinates":[-118.379456364673,33.9033858893296]}},{"type":"Feature","properties":{"Name":"Revital","Max_Voltag":66,"Owner":"SCE","COUNTY":"Los Angeles County","Status":"Operational"},"geometry":{"type":"Point","coordinates":[-118.161931902179,33.8630348231249]}},{"type":"Feature","properties":{"Name":"Rio Hondo","Max_Voltag":0,"Owner":"SCE","COUNTY":"Los Angeles County","Status":"Operational"},"geometry":{"type":"Point","coordinates":[-117.980799577944,34.1051345716813]}},{"type":"Feature","properties":{"Name":"Rockair","Max_Voltag":66,"Owner":"SCE","COUNTY":"Los Angeles County","Status":"Operational"},"geometry":{"type":"Point","coordinates":[-118.073268869949,34.6103255108854]}},{"type":"Feature","properties":{"Name":"Rolling Hills","Max_Voltag":66,"Owner":"SCE","COUNTY":"Los Angeles County","Status":"Operational"},"geometry":{"type":"Point","coordinates":[-118.355008687267,33.8083703033245]}},{"type":"Feature","properties":{"Name":"Rosecrans","Max_Voltag":0,"Owner":"SCE","COUNTY":"Los Angeles County","Status":"Operational"},"geometry":{"type":"Point","coordinates":[-118.39784470247,33.9031540387619]}},{"type":"Feature","properties":{"Name":"Rosemead","Max_Voltag":66,"Owner":"SCE","COUNTY":"Los Angeles County","Status":"Operational"},"geometry":{"type":"Point","coordinates":[-118.08265881229,34.0922184685053]}},{"type":"Feature","properties":{"Name":"Rush","Max_Voltag":66,"Owner":"SCE","COUNTY":"Los Angeles County","Status":"Operational"},"geometry":{"type":"Point","coordinates":[-118.081347253111,34.0512184474048]}},{"type":"Feature","properties":{"Name":"San Dimas","Max_Voltag":66,"Owner":"SCE","COUNTY":"Los Angeles County","Status":"Operational"},"geometry":{"type":"Point","coordinates":[-117.807818991501,34.1171810168379]}},{"type":"Feature","properties":{"Name":"San Gabriel","Max_Voltag":66,"Owner":"SCE","COUNTY":"Los Angeles County","Status":"Operational"},"geometry":{"type":"Point","coordinates":[-118.10018329238,34.0986988047866]}},{"type":"Feature","properties":{"Name":"Sanitreat","Max_Voltag":0,"Owner":"SCE","COUNTY":"Los Angeles County","Status":"Operational"},"geometry":{"type":"Point","coordinates":[-118.298972031372,33.8070381688616]}},{"type":"Feature","properties":{"Name":"Santa Fe Springs","Max_Voltag":66,"Owner":"SCE","COUNTY":"Los Angeles County","Status":"Operational"},"geometry":{"type":"Point","coordinates":[-118.058548003115,33.9480670036363]}},{"type":"Feature","properties":{"Name":"Santa Monica","Max_Voltag":0,"Owner":"SCE","COUNTY":"Los Angeles County","Status":"Operational"},"geometry":{"type":"Point","coordinates":[-118.488159088822,34.0172570331251]}},{"type":"Feature","properties":{"Name":"Saugus","Max_Voltag":0,"Owner":"SCE","COUNTY":"Los Angeles County","Status":"Operational"},"geometry":{"type":"Point","coordinates":[-118.575826834429,34.4219865092065]}},{"type":"Feature","properties":{"Name":"Sawtelle","Max_Voltag":66,"Owner":"SCE","COUNTY":"Los Angeles County","Status":"Operational"},"geometry":{"type":"Point","coordinates":[-118.452196825866,34.047461717511]}},{"type":"Feature","properties":{"Name":"Seabright","Max_Voltag":66,"Owner":"SCE","COUNTY":"Los Angeles County","Status":"Operational"},"geometry":{"type":"Point","coordinates":[-118.203535026367,33.7725309608912]}},{"type":"Feature","properties":{"Name":"Sepulveda","Max_Voltag":0,"Owner":"SCE","COUNTY":"Los Angeles County","Status":"Operational"},"geometry":{"type":"Point","coordinates":[-118.396692500828,33.9190380471161]}},{"type":"Feature","properties":{"Name":"Serfgen","Max_Voltag":66,"Owner":"SCE","COUNTY":"Los Angeles County","Status":"Operational"},"geometry":{"type":"Point","coordinates":[-118.241152401097,33.759366941431]}},{"type":"Feature","properties":{"Name":"Shellwatt","Max_Voltag":66,"Owner":"SCE","COUNTY":"Los Angeles County","Status":"Operational"},"geometry":{"type":"Point","coordinates":[-118.243998713075,33.8075758474566]}},{"type":"Feature","properties":{"Name":"Shuttle","Max_Voltag":66,"Owner":"SCE","COUNTY":"Los Angeles County","Status":"Operational"},"geometry":{"type":"Point","coordinates":[-118.165005035172,34.6427572362706]}},{"type":"Feature","properties":{"Name":"Signal Hill","Max_Voltag":66,"Owner":"SCE","COUNTY":"Los Angeles County","Status":"Operational"},"geometry":{"type":"Point","coordinates":[-118.168210808909,33.8114382678886]}},{"type":"Feature","properties":{"Name":"Simpson","Max_Voltag":66,"Owner":"SCE","COUNTY":"Los Angeles County","Status":"Operational"},"geometry":{"type":"Point","coordinates":[-117.773866355955,34.0595095834055]}},{"type":"Feature","properties":{"Name":"Solemint","Max_Voltag":66,"Owner":"SCE","COUNTY":"Los Angeles County","Status":"Operational"},"geometry":{"type":"Point","coordinates":[-118.422588885904,34.4518722217029]}},{"type":"Feature","properties":{"Name":"Somerset","Max_Voltag":66,"Owner":"SCE","COUNTY":"Los Angeles County","Status":"Operational"},"geometry":{"type":"Point","coordinates":[-118.142976725642,33.8742026949289]}},{"type":"Feature","properties":{"Name":"Sopipe","Max_Voltag":66,"Owner":"SCE","COUNTY":"Los Angeles County","Status":"Operational"},"geometry":{"type":"Point","coordinates":[-117.837075337149,34.0222383617247]}},{"type":"Feature","properties":{"Name":"San Dimas Power","Max_Voltag":66,"Owner":"SCE","COUNTY":"Los Angeles County","Status":"Operational"},"geometry":{"type":"Point","coordinates":[-117.795472270453,34.1274889650828]}},{"type":"Feature","properties":{"Name":"Space","Max_Voltag":0,"Owner":"SCE","COUNTY":"Los Angeles County","Status":"Operational"},"geometry":{"type":"Point","coordinates":[-118.375010587061,33.8914093260479]}},{"type":"Feature","properties":{"Name":"Sponge","Max_Voltag":66,"Owner":"SCE","COUNTY":"Los Angeles County","Status":"Operational"},"geometry":{"type":"Point","coordinates":[-118.111254995917,33.9808479532488]}},{"type":"Feature","properties":{"Name":"La Brea","Max_Voltag":0,"Owner":"LADWP","COUNTY":"Los Angeles County","Status":"Operational"},"geometry":{"type":"Point","coordinates":[-118.359389186104,33.989183540894]}},{"type":"Feature","properties":{"Name":"State Street","Max_Voltag":66,"Owner":"SCE","COUNTY":"Los Angeles County","Status":"Operational"},"geometry":{"type":"Point","coordinates":[-118.198701877237,33.7901878208971]}},{"type":"Feature","properties":{"Name":"Stewart","Max_Voltag":66,"Owner":"SCE","COUNTY":"Los Angeles County","Status":"Operational"},"geometry":{"type":"Point","coordinates":[-118.140509147879,33.9400794748115]}},{"type":"Feature","properties":{"Name":"Oldfield","Max_Voltag":66,"Owner":"SCE","COUNTY":"Los Angeles County","Status":"Operational"},"geometry":{"type":"Point","coordinates":[-118.177104795874,33.846181261817]}},{"type":"Feature","properties":{"Name":"Universal Studios A","Max_Voltag":66,"Owner":"SCE","COUNTY":"Los Angeles County","Status":"Operational"},"geometry":{"type":"Point","coordinates":[-118.359135036541,34.1430011345739]}},{"type":"Feature","properties":{"Name":"Sunnyside","Max_Voltag":66,"Owner":"SCE","COUNTY":"Los Angeles County","Status":"Operational"},"geometry":{"type":"Point","coordinates":[-118.167067323621,33.8531846321186]}},{"type":"Feature","properties":{"Name":"Tahiti","Max_Voltag":0,"Owner":"SCE","COUNTY":"Los Angeles County","Status":"Operational"},"geometry":{"type":"Point","coordinates":[-118.436928683801,33.9777604246471]}},{"type":"Feature","properties":{"Name":"Rindge","Max_Voltag":0,"Owner":"SCE","COUNTY":"Los Angeles County","Status":"Operational"},"geometry":{"type":"Point","coordinates":[-118.697951014149,34.0395599982772]}},{"type":"Feature","properties":{"Name":"Telegraph","Max_Voltag":66,"Owner":"SCE","COUNTY":"Los Angeles County","Status":"Operational"},"geometry":{"type":"Point","coordinates":[-117.99203279318,33.9323340506772]}},{"type":"Feature","properties":{"Name":"Tengen","Max_Voltag":0,"Owner":"SCE","COUNTY":"Los Angeles County","Status":"Operational"},"geometry":{"type":"Point","coordinates":[-118.495530760163,34.3841758150315]}},{"type":"Feature","properties":{"Name":"Thermal","Max_Voltag":66,"Owner":"SCE","COUNTY":"Los Angeles County","Status":"Operational"},"geometry":{"type":"Point","coordinates":[-118.409602176302,33.9160102517642]}},{"type":"Feature","properties":{"Name":"Thums A","Max_Voltag":0,"Owner":"SCE","COUNTY":"Los Angeles County","Status":"Operational"},"geometry":{"type":"Point","coordinates":[-118.181552834546,33.7593219345846]}},{"type":"Feature","properties":{"Name":"Thums B","Max_Voltag":0,"Owner":"SCE","COUNTY":"Los Angeles County","Status":"Operational"},"geometry":{"type":"Point","coordinates":[-118.159521290182,33.7527596957455]}},{"type":"Feature","properties":{"Name":"Thums C","Max_Voltag":0,"Owner":"SCE","COUNTY":"Los Angeles County","Status":"Operational"},"geometry":{"type":"Point","coordinates":[-118.138891940518,33.7397720555485]}},{"type":"Feature","properties":{"Name":"Thums D","Max_Voltag":0,"Owner":"SCE","COUNTY":"Los Angeles County","Status":"Operational"},"geometry":{"type":"Point","coordinates":[-118.162583270591,33.7413268610642]}},{"type":"Feature","properties":{"Name":"Topaz","Max_Voltag":66,"Owner":"SCE","COUNTY":"Los Angeles County","Status":"Operational"},"geometry":{"type":"Point","coordinates":[-118.376577638785,33.8278120802058]}},{"type":"Feature","properties":{"Name":"Torrance","Max_Voltag":66,"Owner":"SCE","COUNTY":"Los Angeles County","Status":"Operational"},"geometry":{"type":"Point","coordinates":[-118.344308976088,33.8298466594881]}},{"type":"Feature","properties":{"Name":"Tortoise","Max_Voltag":66,"Owner":"SCE","COUNTY":"Los Angeles County","Status":"Operational"},"geometry":{"type":"Point","coordinates":[-118.065887088069,34.640685359556]}},{"type":"Feature","properties":{"Name":"Toyota","Max_Voltag":66,"Owner":"SCE","COUNTY":"Los Angeles County","Status":"Operational"},"geometry":{"type":"Point","coordinates":[-118.160333841509,33.8728046111997]}},{"type":"Feature","properties":{"Name":"Trisonic","Max_Voltag":66,"Owner":"SCE","COUNTY":"Los Angeles County","Status":"Operational"},"geometry":{"type":"Point","coordinates":[-118.385583898991,33.9213153510943]}},{"type":"Feature","properties":{"Name":"Trophy","Max_Voltag":66,"Owner":"SCE","COUNTY":"Los Angeles County","Status":"Operational"},"geometry":{"type":"Point","coordinates":[-117.818173673253,34.0413760026231]}},{"type":"Feature","properties":{"Name":"Linden","Max_Voltag":0,"Owner":"SCE","COUNTY":"Los Angeles County","Status":"Operational"},"geometry":{"type":"Point","coordinates":[-118.185588980389,33.8591491983287]}},{"type":"Feature","properties":{"Name":"Universal Studios (Studio Master)","Max_Voltag":66,"Owner":"SCE","COUNTY":"Los Angeles County","Status":"Operational"},"geometry":{"type":"Point","coordinates":[-118.357396567395,34.1429788509564]}},{"type":"Feature","properties":{"Name":"Vail","Max_Voltag":66,"Owner":"SCE","COUNTY":"Los Angeles County","Status":"Operational"},"geometry":{"type":"Point","coordinates":[-118.127815941237,34.0067752793362]}},{"type":"Feature","properties":{"Name":"Valdez","Max_Voltag":66,"Owner":"SCE","COUNTY":"Los Angeles County","Status":"Operational"},"geometry":{"type":"Point","coordinates":[-118.631799202391,34.1477683642228]}},{"type":"Feature","properties":{"Name":"Venice","Max_Voltag":66,"Owner":"SCE","COUNTY":"Los Angeles County","Status":"Operational"},"geometry":{"type":"Point","coordinates":[-118.420942503059,33.9903388180297]}},{"type":"Feature","properties":{"Name":"Vernon","Max_Voltag":66,"Owner":"Other","COUNTY":"Los Angeles County","Status":"Operational"},"geometry":{"type":"Point","coordinates":[-118.220176758976,33.9984557978608]}},{"type":"Feature","properties":{"Name":"Victoria","Max_Voltag":66,"Owner":"SCE","COUNTY":"Los Angeles County","Status":"Operational"},"geometry":{"type":"Point","coordinates":[-118.374204641046,33.8588540548841]}},{"type":"Feature","properties":{"Name":"Air Products","Max_Voltag":66,"Owner":"SCE","COUNTY":"Los Angeles County","Status":"Operational"},"geometry":{"type":"Point","coordinates":[-118.232064337607,33.8125118594326]}},{"type":"Feature","properties":{"Name":"Vincent","Max_Voltag":500,"Owner":"SCE","COUNTY":"Los Angeles County","Status":"Operational"},"geometry":{"type":"Point","coordinates":[-118.118480763788,34.4859659665222]}},{"type":"Feature","properties":{"Name":"Wabash","Max_Voltag":66,"Owner":"SCE","COUNTY":"Los Angeles County","Status":"Operational"},"geometry":{"type":"Point","coordinates":[-118.186423933004,34.0451314040344]}},{"type":"Feature","properties":{"Name":"Walteria","Max_Voltag":0,"Owner":"SCE","COUNTY":"Los Angeles County","Status":"Operational"},"geometry":{"type":"Point","coordinates":[-118.323486989,33.7919590146277]}},{"type":"Feature","properties":{"Name":"Warne","Max_Voltag":0,"Owner":"SCE","COUNTY":"Los Angeles County","Status":"Operational"},"geometry":{"type":"Point","coordinates":[-118.788553760605,34.6850747886053]}},{"type":"Feature","properties":{"Name":"Watson","Max_Voltag":66,"Owner":"SCE","COUNTY":"Los Angeles County","Status":"Operational"},"geometry":{"type":"Point","coordinates":[-118.261724646655,33.8080939859971]}},{"type":"Feature","properties":{"Name":"Webco","Max_Voltag":0,"Owner":"SCE","COUNTY":"Los Angeles County","Status":"Operational"},"geometry":{"type":"Point","coordinates":[-118.165026453704,33.8836224818563]}},{"type":"Feature","properties":{"Name":"Westex","Max_Voltag":66,"Owner":"SCE","COUNTY":"Los Angeles County","Status":"Operational"},"geometry":{"type":"Point","coordinates":[-118.175931960829,33.811386970984]}},{"type":"Feature","properties":{"Name":"Westhill","Max_Voltag":66,"Owner":"SCE","COUNTY":"Los Angeles County","Status":"Operational"},"geometry":{"type":"Point","coordinates":[-118.420352274883,33.9092941474249]}},{"type":"Feature","properties":{"Name":"Nietos","Max_Voltag":66,"Owner":"SCE","COUNTY":"Los Angeles County","Status":"Operational"},"geometry":{"type":"Point","coordinates":[-118.061001110815,33.938906222281]}},{"type":"Feature","properties":{"Name":"Wilsona","Max_Voltag":66,"Owner":"SCE","COUNTY":"Los Angeles County","Status":"Operational"},"geometry":{"type":"Point","coordinates":[-117.719707682959,34.5793131031251]}},{"type":"Feature","properties":{"Name":"Windsor Hills","Max_Voltag":0,"Owner":"SCE","COUNTY":"Los Angeles County","Status":"Operational"},"geometry":{"type":"Point","coordinates":[-118.35919986526,33.9960054256035]}},{"type":"Feature","properties":{"Name":"Yukon","Max_Voltag":66,"Owner":"SCE","COUNTY":"Los Angeles County","Status":"Operational"},"geometry":{"type":"Point","coordinates":[-118.334592159273,33.9188705869355]}},{"type":"Feature","properties":{"Name":"Glass","Max_Voltag":0,"Owner":"Other","COUNTY":"Madera County","Status":"Operational"},"geometry":{"type":"Point","coordinates":[-120.103215518013,36.9280116538425]}},{"type":"Feature","properties":{"Name":"Bonita","Max_Voltag":70,"Owner":"PG&E","COUNTY":"Madera County","Status":"Operational"},"geometry":{"type":"Point","coordinates":[-120.20157965732,36.9239182396298]}},{"type":"Feature","properties":{"Name":"Borden","Max_Voltag":0,"Owner":"PG&E","COUNTY":"Madera County","Status":"Operational"},"geometry":{"type":"Point","coordinates":[-119.984615991498,36.9221430086]}},{"type":"Feature","properties":{"Name":"Sjve Madera","Max_Voltag":115,"Owner":"Other","COUNTY":"Madera County","Status":"Operational"},"geometry":{"type":"Point","coordinates":[-120.33870275132,36.8608112143654]}},{"type":"Feature","properties":{"Name":"Capco","Max_Voltag":115,"Owner":"PG&E","COUNTY":"Madera County","Status":"Operational"},"geometry":{"type":"Point","coordinates":[-120.248319112944,37.1085921240924]}},{"type":"Feature","properties":{"Name":"Cassidy","Max_Voltag":70,"Owner":"PG&E","COUNTY":"Madera County","Status":"Operational"},"geometry":{"type":"Point","coordinates":[-119.812658981422,36.9235350156286]}},{"type":"Feature","properties":{"Name":"Certainteed","Max_Voltag":115,"Owner":"Other","COUNTY":"Madera County","Status":"Operational"},"geometry":{"type":"Point","coordinates":[-120.228627309789,37.0932091820241]}},{"type":"Feature","properties":{"Name":"Chowchilla","Max_Voltag":115,"Owner":"PG&E","COUNTY":"Madera County","Status":"Operational"},"geometry":{"type":"Point","coordinates":[-120.25058468565,37.1205616884672]}},{"type":"Feature","properties":{"Name":"Coarsegold","Max_Voltag":115,"Owner":"PG&E","COUNTY":"Madera County","Status":"Operational"},"geometry":{"type":"Point","coordinates":[-119.690745214989,37.2274761067345]}},{"type":"Feature","properties":{"Name":"Dairyland","Max_Voltag":115,"Owner":"PG&E","COUNTY":"Madera County","Status":"Operational"},"geometry":{"type":"Point","coordinates":[-120.31674289521,37.0549154484658]}},{"type":"Feature","properties":{"Name":"El Peco","Max_Voltag":70,"Owner":"PG&E","COUNTY":"Madera County","Status":"Operational"},"geometry":{"type":"Point","coordinates":[-120.164425814174,36.8807363365709]}},{"type":"Feature","properties":{"Name":"Gregg","Max_Voltag":230,"Owner":"PG&E","COUNTY":"Madera County","Status":"Operational"},"geometry":{"type":"Point","coordinates":[-119.917080395113,36.8528096407412]}},{"type":"Feature","properties":{"Name":"Madera","Max_Voltag":70,"Owner":"Other","COUNTY":"Madera County","Status":"Operational"},"geometry":{"type":"Point","coordinates":[-120.055386997041,36.9235006443711]}},{"type":"Feature","properties":{"Name":"Newhall","Max_Voltag":115,"Owner":"PG&E","COUNTY":"Madera County","Status":"Operational"},"geometry":{"type":"Point","coordinates":[-120.328042213874,36.8669637386824]}},{"type":"Feature","properties":{"Name":"Oakhurst","Max_Voltag":115,"Owner":"PG&E","COUNTY":"Madera County","Status":"Operational"},"geometry":{"type":"Point","coordinates":[-119.634331559525,37.3219543596174]}},{"type":"Feature","properties":{"Name":"Sharon","Max_Voltag":115,"Owner":"PG&E","COUNTY":"Madera County","Status":"Operational"},"geometry":{"type":"Point","coordinates":[-120.157183876628,37.0978262799625]}},{"type":"Feature","properties":{"Name":"Storey","Max_Voltag":230,"Owner":"PG&E","COUNTY":"Madera County","Status":"Operational"},"geometry":{"type":"Point","coordinates":[-120.033583776574,36.9831421645107]}},{"type":"Feature","properties":{"Name":"Norby Lumber Co Inc.","Max_Voltag":0,"Owner":"Other","COUNTY":"Madera County","Status":"Operational"},"geometry":{"type":"Point","coordinates":[-119.975374565826,36.9220705504852]}},{"type":"Feature","properties":{"Name":"Yanke","Max_Voltag":60,"Owner":"Other","COUNTY":"Madera County","Status":"Operational"},"geometry":{"type":"Point","coordinates":[-119.519353936929,37.2538879501408]}},{"type":"Feature","properties":{"Name":"Hamilton Wetlands","Max_Voltag":0,"Owner":"PG&E","COUNTY":"Marin County","Status":"Operational"},"geometry":{"type":"Point","coordinates":[-122.525809966462,38.078144479155]}},{"type":"Feature","properties":{"Name":"Alto","Max_Voltag":0,"Owner":"PG&E","COUNTY":"Marin County","Status":"Operational"},"geometry":{"type":"Point","coordinates":[-122.524606228473,37.8986275093364]}},{"type":"Feature","properties":{"Name":"Bolinas","Max_Voltag":60,"Owner":"PG&E","COUNTY":"Marin County","Status":"Operational"},"geometry":{"type":"Point","coordinates":[-122.706148991165,37.9412120149513]}},{"type":"Feature","properties":{"Name":"Greenbrae","Max_Voltag":60,"Owner":"PG&E","COUNTY":"Marin County","Status":"Operational"},"geometry":{"type":"Point","coordinates":[-122.514197606481,37.9378727034896]}},{"type":"Feature","properties":{"Name":"Ignacio","Max_Voltag":230,"Owner":"PG&E","COUNTY":"Marin County","Status":"Operational"},"geometry":{"type":"Point","coordinates":[-122.540563717924,38.0769286006976]}},{"type":"Feature","properties":{"Name":"Las Gallinas","Max_Voltag":115,"Owner":"PG&E","COUNTY":"Marin County","Status":"Operational"},"geometry":{"type":"Point","coordinates":[-122.537940711855,38.0224333256767]}},{"type":"Feature","properties":{"Name":"Novato","Max_Voltag":60,"Owner":"PG&E","COUNTY":"Marin County","Status":"Operational"},"geometry":{"type":"Point","coordinates":[-122.568243218414,38.1086143986436]}},{"type":"Feature","properties":{"Name":"Olema","Max_Voltag":60,"Owner":"PG&E","COUNTY":"Marin County","Status":"Operational"},"geometry":{"type":"Point","coordinates":[-122.786452188173,38.0421788453134]}},{"type":"Feature","properties":{"Name":"San Rafael","Max_Voltag":115,"Owner":"PG&E","COUNTY":"Marin County","Status":"Operational"},"geometry":{"type":"Point","coordinates":[-122.527215989782,37.9705781487624]}},{"type":"Feature","properties":{"Name":"Sausalito","Max_Voltag":0,"Owner":"PG&E","COUNTY":"Marin County","Status":"Operational"},"geometry":{"type":"Point","coordinates":[-122.498850831287,37.8635684560776]}},{"type":"Feature","properties":{"Name":"Stafford","Max_Voltag":60,"Owner":"PG&E","COUNTY":"Marin County","Status":"Operational"},"geometry":{"type":"Point","coordinates":[-122.614015083374,38.1199163893889]}},{"type":"Feature","properties":{"Name":"Tocaloma","Max_Voltag":60,"Owner":"PG&E","COUNTY":"Marin County","Status":"Operational"},"geometry":{"type":"Point","coordinates":[-122.7598631023,38.0548644314839]}},{"type":"Feature","properties":{"Name":"Woodacre","Max_Voltag":60,"Owner":"PG&E","COUNTY":"Marin County","Status":"Operational"},"geometry":{"type":"Point","coordinates":[-122.653669940476,38.0120622570038]}},{"type":"Feature","properties":{"Name":"Bear Valley","Max_Voltag":70,"Owner":"PG&E","COUNTY":"Mariposa County","Status":"Operational"},"geometry":{"type":"Point","coordinates":[-120.12554172596,37.5864556043035]}},{"type":"Feature","properties":{"Name":"Indian Flat","Max_Voltag":70,"Owner":"PG&E","COUNTY":"Mariposa County","Status":"Operational"},"geometry":{"type":"Point","coordinates":[-119.841227831111,37.6647944765453]}},{"type":"Feature","properties":{"Name":"Big River","Max_Voltag":60,"Owner":"PG&E","COUNTY":"Mendocino County","Status":"Operational"},"geometry":{"type":"Point","coordinates":[-123.786540805239,39.3114115829262]}},{"type":"Feature","properties":{"Name":"Calpella","Max_Voltag":115,"Owner":"PG&E","COUNTY":"Mendocino County","Status":"Operational"},"geometry":{"type":"Point","coordinates":[-123.19241807499,39.1972496588197]}},{"type":"Feature","properties":{"Name":"Covelo","Max_Voltag":60,"Owner":"PG&E","COUNTY":"Mendocino County","Status":"Operational"},"geometry":{"type":"Point","coordinates":[-123.248546960017,39.7861162759582]}},{"type":"Feature","properties":{"Name":"Elk","Max_Voltag":60,"Owner":"PG&E","COUNTY":"Mendocino County","Status":"Operational"},"geometry":{"type":"Point","coordinates":[-123.711734953715,39.1292600545344]}},{"type":"Feature","properties":{"Name":"Fort Bragg","Max_Voltag":60,"Owner":"PG&E","COUNTY":"Mendocino County","Status":"Operational"},"geometry":{"type":"Point","coordinates":[-123.799384023348,39.4348292965601]}},{"type":"Feature","properties":{"Name":"Garcia","Max_Voltag":60,"Owner":"PG&E","COUNTY":"Mendocino County","Status":"Operational"},"geometry":{"type":"Point","coordinates":[-123.550871110624,38.8891914401749]}},{"type":"Feature","properties":{"Name":"Gualala","Max_Voltag":60,"Owner":"PG&E","COUNTY":"Mendocino County","Status":"Operational"},"geometry":{"type":"Point","coordinates":[-123.522097657052,38.7861797755382]}},{"type":"Feature","properties":{"Name":"Hopland","Max_Voltag":0,"Owner":"PG&E","COUNTY":"Mendocino County","Status":"Operational"},"geometry":{"type":"Point","coordinates":[-123.081121782565,38.9727931353382]}},{"type":"Feature","properties":{"Name":"Laytonville","Max_Voltag":60,"Owner":"PG&E","COUNTY":"Mendocino County","Status":"Operational"},"geometry":{"type":"Point","coordinates":[-123.477222978194,39.6845865063687]}},{"type":"Feature","properties":{"Name":"Masonite","Max_Voltag":0,"Owner":"Other","COUNTY":"Mendocino County","Status":"Operational"},"geometry":{"type":"Point","coordinates":[-123.205691091148,39.173753271539]}},{"type":"Feature","properties":{"Name":"Mendocino","Max_Voltag":115,"Owner":"PG&E","COUNTY":"Mendocino County","Status":"Operational"},"geometry":{"type":"Point","coordinates":[-123.196390590467,39.2504835340664]}},{"type":"Feature","properties":{"Name":"Philo","Max_Voltag":60,"Owner":"PG&E","COUNTY":"Mendocino County","Status":"Operational"},"geometry":{"type":"Point","coordinates":[-123.4379281434,39.0639827364226]}},{"type":"Feature","properties":{"Name":"Point Arena","Max_Voltag":60,"Owner":"PG&E","COUNTY":"Mendocino County","Status":"Operational"},"geometry":{"type":"Point","coordinates":[-123.67992403386,38.9122899037413]}},{"type":"Feature","properties":{"Name":"Ukiah","Max_Voltag":115,"Owner":"PG&E","COUNTY":"Mendocino County","Status":"Operational"},"geometry":{"type":"Point","coordinates":[-123.191814918261,39.1431495664042]}},{"type":"Feature","properties":{"Name":"Arburua","Max_Voltag":0,"Owner":"Other","COUNTY":"Merced County","Status":"Operational"},"geometry":{"type":"Point","coordinates":[-120.922140708475,36.9404574720358]}},{"type":"Feature","properties":{"Name":"Gallo","Max_Voltag":115,"Owner":"PG&E","COUNTY":"Merced County","Status":"Operational"},"geometry":{"type":"Point","coordinates":[-120.809519462989,37.3794111536499]}},{"type":"Feature","properties":{"Name":"GE3","Max_Voltag":0,"Owner":"Other","COUNTY":"Merced County","Status":"Operational"},"geometry":{"type":"Point","coordinates":[-120.907657914056,36.9987430702424]}},{"type":"Feature","properties":{"Name":"Mercy Springs","Max_Voltag":0,"Owner":"PG&E","COUNTY":"Merced County","Status":"Operational"},"geometry":{"type":"Point","coordinates":[-120.819486796581,36.9368116238305]}},{"type":"Feature","properties":{"Name":"Castle","Max_Voltag":115,"Owner":"Other","COUNTY":"Merced County","Status":"Operational"},"geometry":{"type":"Point","coordinates":[-120.562720018397,37.3613589971753]}},{"type":"Feature","properties":{"Name":"Atwater","Max_Voltag":115,"Owner":"PG&E","COUNTY":"Merced County","Status":"Operational"},"geometry":{"type":"Point","coordinates":[-120.614684763823,37.360100935464]}},{"type":"Feature","properties":{"Name":"Canal","Max_Voltag":0,"Owner":"PG&E","COUNTY":"Merced County","Status":"Operational"},"geometry":{"type":"Point","coordinates":[-120.835563948814,37.0663333335281]}},{"type":"Feature","properties":{"Name":"Sjve El Nido","Max_Voltag":60,"Owner":"Other","COUNTY":"Merced County","Status":"Operational"},"geometry":{"type":"Point","coordinates":[-120.490194311152,37.186363945614]}},{"type":"Feature","properties":{"Name":"Cressey","Max_Voltag":115,"Owner":"PG&E","COUNTY":"Merced County","Status":"Operational"},"geometry":{"type":"Point","coordinates":[-120.638527744788,37.428469517027]}},{"type":"Feature","properties":{"Name":"International Turbine Research","Max_Voltag":115,"Owner":"PG&E","COUNTY":"Merced County","Status":"Operational"},"geometry":{"type":"Point","coordinates":[-121.195027842467,37.0472994638041]}},{"type":"Feature","properties":{"Name":"Dos Amigos","Max_Voltag":0,"Owner":"Other","COUNTY":"Merced County","Status":"Operational"},"geometry":{"type":"Point","coordinates":[-120.829733382258,36.9252112342414]}},{"type":"Feature","properties":{"Name":"Dos Palos","Max_Voltag":0,"Owner":"PG&E","COUNTY":"Merced County","Status":"Operational"},"geometry":{"type":"Point","coordinates":[-120.635216957096,36.9747689640674]}},{"type":"Feature","properties":{"Name":"El Capitan","Max_Voltag":115,"Owner":"PG&E","COUNTY":"Merced County","Status":"Operational"},"geometry":{"type":"Point","coordinates":[-120.505469796046,37.335851042106]}},{"type":"Feature","properties":{"Name":"El Nido","Max_Voltag":115,"Owner":"PG&E","COUNTY":"Merced County","Status":"Operational"},"geometry":{"type":"Point","coordinates":[-120.472697271001,37.1206334453813]}},{"type":"Feature","properties":{"Name":"Gustine","Max_Voltag":60,"Owner":"PG&E","COUNTY":"Merced County","Status":"Operational"},"geometry":{"type":"Point","coordinates":[-121.013041695606,37.253236143005]}},{"type":"Feature","properties":{"Name":"Le Grand","Max_Voltag":115,"Owner":"PG&E","COUNTY":"Merced County","Status":"Operational"},"geometry":{"type":"Point","coordinates":[-120.273955070131,37.1849768732416]}},{"type":"Feature","properties":{"Name":"Livingston","Max_Voltag":0,"Owner":"PG&E","COUNTY":"Merced County","Status":"Operational"},"geometry":{"type":"Point","coordinates":[-120.760390994461,37.363427016529]}},{"type":"Feature","properties":{"Name":"Merced","Max_Voltag":115,"Owner":"PG&E","COUNTY":"Merced County","Status":"Operational"},"geometry":{"type":"Point","coordinates":[-120.487239005682,37.2733080021304]}},{"type":"Feature","properties":{"Name":"Merced Falls","Max_Voltag":69,"Owner":"PG&E","COUNTY":"Merced County","Status":"Operational"},"geometry":{"type":"Point","coordinates":[-120.330344525879,37.5231917382755]}},{"type":"Feature","properties":{"Name":"Ortiga","Max_Voltag":0,"Owner":"PG&E","COUNTY":"Merced County","Status":"Operational"},"geometry":{"type":"Point","coordinates":[-120.819489134895,36.9835222628693]}},{"type":"Feature","properties":{"Name":"Pioneer","Max_Voltag":115,"Owner":"Other","COUNTY":"Merced County","Status":"Operational"},"geometry":{"type":"Point","coordinates":[-120.726916675872,37.3973971679457]}},{"type":"Feature","properties":{"Name":"Santa Nella","Max_Voltag":0,"Owner":"PG&E","COUNTY":"Merced County","Status":"Operational"},"geometry":{"type":"Point","coordinates":[-121.01322547115,37.0858418577586]}},{"type":"Feature","properties":{"Name":"Santa Rita","Max_Voltag":0,"Owner":"PG&E","COUNTY":"Merced County","Status":"Operational"},"geometry":{"type":"Point","coordinates":[-120.633994442521,37.0546471953577]}},{"type":"Feature","properties":{"Name":"Wilson","Max_Voltag":230,"Owner":"PG&E","COUNTY":"Merced County","Status":"Operational"},"geometry":{"type":"Point","coordinates":[-120.407173881988,37.293395088117]}},{"type":"Feature","properties":{"Name":"Los Banos","Max_Voltag":500,"Owner":"PG&E","COUNTY":"Merced County","Status":"Operational"},"geometry":{"type":"Point","coordinates":[-121.021102611027,37.0535131218879]}},{"type":"Feature","properties":{"Name":"Clear Lake","Max_Voltag":69,"Owner":"PCORP","COUNTY":"Modoc County","Status":"Operational"},"geometry":{"type":"Point","coordinates":[-121.276562318912,41.7047416850764]}},{"type":"Feature","properties":{"Name":"Warner","Max_Voltag":230,"Owner":"Other","COUNTY":"Modoc County","Status":"Operational"},"geometry":{"type":"Point","coordinates":[-120.533007761573,41.5007403445263]}},{"type":"Feature","properties":{"Name":"Adin","Max_Voltag":69,"Owner":"Other","COUNTY":"Modoc County","Status":"Operational"},"geometry":{"type":"Point","coordinates":[-120.942134822571,41.2007525103055]}},{"type":"Feature","properties":{"Name":"Cedarville","Max_Voltag":69,"Owner":"Other","COUNTY":"Modoc County","Status":"Operational"},"geometry":{"type":"Point","coordinates":[-120.18200126647,41.5315153399987]}},{"type":"Feature","properties":{"Name":"Davis Creek","Max_Voltag":115,"Owner":"Other","COUNTY":"Modoc County","Status":"Operational"},"geometry":{"type":"Point","coordinates":[-120.36690550609,41.7331354627423]}},{"type":"Feature","properties":{"Name":"Eagleville","Max_Voltag":69,"Owner":"Other","COUNTY":"Modoc County","Status":"Operational"},"geometry":{"type":"Point","coordinates":[-120.118337710793,41.3335293524231]}},{"type":"Feature","properties":{"Name":"Fort Bidwell","Max_Voltag":69,"Owner":"Other","COUNTY":"Modoc County","Status":"Operational"},"geometry":{"type":"Point","coordinates":[-120.167797830138,41.8458161012956]}},{"type":"Feature","properties":{"Name":"Likely","Max_Voltag":69,"Owner":"Other","COUNTY":"Modoc County","Status":"Operational"},"geometry":{"type":"Point","coordinates":[-120.505367222813,41.2304579081349]}},{"type":"Feature","properties":{"Name":"Lookout","Max_Voltag":69,"Owner":"Other","COUNTY":"Modoc County","Status":"Operational"},"geometry":{"type":"Point","coordinates":[-121.13807626054,41.2076196992223]}},{"type":"Feature","properties":{"Name":"Alturas","Max_Voltag":230,"Owner":"PCORP","COUNTY":"Modoc County","Status":"Operational"},"geometry":{"type":"Point","coordinates":[-120.533467054906,41.4998644034866]}},{"type":"Feature","properties":{"Name":"Canby 2","Max_Voltag":0,"Owner":"Other","COUNTY":"Modoc County","Status":"Operational"},"geometry":{"type":"Point","coordinates":[-120.880962438009,41.4449056622464]}},{"type":"Feature","properties":{"Name":"Goose Lake","Max_Voltag":69,"Owner":"Other","COUNTY":"Modoc County","Status":"Operational"},"geometry":{"type":"Point","coordinates":[-120.585965743666,41.4879591507366]}},{"type":"Feature","properties":{"Name":"Newell","Max_Voltag":69,"Owner":"PCORP","COUNTY":"Modoc County","Status":"Operational"},"geometry":{"type":"Point","coordinates":[-121.378286955984,41.8881287784211]}},{"type":"Feature","properties":{"Name":"Perez","Max_Voltag":69,"Owner":"PCORP","COUNTY":"Modoc County","Status":"Operational"},"geometry":{"type":"Point","coordinates":[-121.226489769529,41.633126766133]}},{"type":"Feature","properties":{"Name":"Tulelake","Max_Voltag":69,"Owner":"PCORP","COUNTY":"Siskiyou County","Status":"Operational"},"geometry":{"type":"Point","coordinates":[-121.471422464655,41.9533638616135]}},{"type":"Feature","properties":{"Name":"Casa Diablo","Max_Voltag":115,"Owner":"SCE","COUNTY":"Mono County","Status":"Operational"},"geometry":{"type":"Point","coordinates":[-118.916775005585,37.6490916575729]}},{"type":"Feature","properties":{"Name":"Lee Vining","Max_Voltag":115,"Owner":"SCE","COUNTY":"Mono County","Status":"Operational"},"geometry":{"type":"Point","coordinates":[-119.11645555516,37.952100000798]}},{"type":"Feature","properties":{"Name":"Lundy","Max_Voltag":55,"Owner":"SCE","COUNTY":"Mono County","Status":"Operational"},"geometry":{"type":"Point","coordinates":[-119.171909130774,38.0427411051933]}},{"type":"Feature","properties":{"Name":"Sherwin","Max_Voltag":115,"Owner":"SCE","COUNTY":"Mono County","Status":"Operational"},"geometry":{"type":"Point","coordinates":[-118.674736112773,37.5600138922034]}},{"type":"Feature","properties":{"Name":"Zack","Max_Voltag":55,"Owner":"SCE","COUNTY":"Mono County","Status":"Operational"},"geometry":{"type":"Point","coordinates":[-118.397101334894,37.6153064540652]}},{"type":"Feature","properties":{"Name":"Texaco","Max_Voltag":0,"Owner":"PG&E","COUNTY":"Monterey County","Status":"Operational"},"geometry":{"type":"Point","coordinates":[-120.863577794168,35.9585611168692]}},{"type":"Feature","properties":{"Name":"Basic Vegetable","Max_Voltag":60,"Owner":"Other","COUNTY":"Monterey County","Status":"Operational"},"geometry":{"type":"Point","coordinates":[-121.12978581658,36.2283403961174]}},{"type":"Feature","properties":{"Name":"Boronda","Max_Voltag":115,"Owner":"PG&E","COUNTY":"Monterey County","Status":"Operational"},"geometry":{"type":"Point","coordinates":[-121.679257815276,36.690286684518]}},{"type":"Feature","properties":{"Name":"Buena Vista","Max_Voltag":60,"Owner":"PG&E","COUNTY":"Monterey County","Status":"Operational"},"geometry":{"type":"Point","coordinates":[-121.629338395412,36.653890821497]}},{"type":"Feature","properties":{"Name":"Camphora","Max_Voltag":60,"Owner":"PG&E","COUNTY":"Monterey County","Status":"Operational"},"geometry":{"type":"Point","coordinates":[-121.390361107513,36.468219176743]}},{"type":"Feature","properties":{"Name":"Castroville","Max_Voltag":115,"Owner":"PG&E","COUNTY":"Monterey County","Status":"Operational"},"geometry":{"type":"Point","coordinates":[-121.734735463045,36.7631198961414]}},{"type":"Feature","properties":{"Name":"Chualar","Max_Voltag":60,"Owner":"PG&E","COUNTY":"Monterey County","Status":"Operational"},"geometry":{"type":"Point","coordinates":[-121.520501582436,36.5724458842449]}},{"type":"Feature","properties":{"Name":"Coburn","Max_Voltag":230,"Owner":"PG&E","COUNTY":"Monterey County","Status":"Operational"},"geometry":{"type":"Point","coordinates":[-121.145836869161,36.265138855885]}},{"type":"Feature","properties":{"Name":"Del Monte","Max_Voltag":115,"Owner":"PG&E","COUNTY":"Monterey County","Status":"Operational"},"geometry":{"type":"Point","coordinates":[-121.853036157794,36.5982378260777]}},{"type":"Feature","properties":{"Name":"Edward Pike","Max_Voltag":60,"Owner":"PG&E","COUNTY":"Monterey County","Status":"Operational"},"geometry":{"type":"Point","coordinates":[-121.587641694619,36.6262367070133]}},{"type":"Feature","properties":{"Name":"Fort Ord","Max_Voltag":115,"Owner":"PG&E","COUNTY":"Monterey County","Status":"Operational"},"geometry":{"type":"Point","coordinates":[-121.792525171335,36.6434166532257]}},{"type":"Feature","properties":{"Name":"Gabilan","Max_Voltag":60,"Owner":"PG&E","COUNTY":"Monterey County","Status":"Operational"},"geometry":{"type":"Point","coordinates":[-121.613311642259,36.7313033760142]}},{"type":"Feature","properties":{"Name":"Gonzales","Max_Voltag":60,"Owner":"PG&E","COUNTY":"Monterey County","Status":"Operational"},"geometry":{"type":"Point","coordinates":[-121.446890420172,36.5088650671842]}},{"type":"Feature","properties":{"Name":"Hatton","Max_Voltag":60,"Owner":"PG&E","COUNTY":"Monterey County","Status":"Operational"},"geometry":{"type":"Point","coordinates":[-121.897923929598,36.5568607210894]}},{"type":"Feature","properties":{"Name":"Industrial Acres","Max_Voltag":60,"Owner":"PG&E","COUNTY":"Monterey County","Status":"Operational"},"geometry":{"type":"Point","coordinates":[-121.628594998192,36.663787186737]}},{"type":"Feature","properties":{"Name":"Jolon","Max_Voltag":60,"Owner":"PG&E","COUNTY":"Monterey County","Status":"Operational"},"geometry":{"type":"Point","coordinates":[-121.1679583268,36.0132417076446]}},{"type":"Feature","properties":{"Name":"Lagunitas","Max_Voltag":0,"Owner":"PG&E","COUNTY":"Monterey County","Status":"Operational"},"geometry":{"type":"Point","coordinates":[-121.60598856708,36.7487612259804]}},{"type":"Feature","properties":{"Name":"Laureles","Max_Voltag":60,"Owner":"PG&E","COUNTY":"Monterey County","Status":"Operational"},"geometry":{"type":"Point","coordinates":[-121.727220831114,36.4777020250995]}},{"type":"Feature","properties":{"Name":"Los Coches","Max_Voltag":60,"Owner":"PG&E","COUNTY":"Monterey County","Status":"Operational"},"geometry":{"type":"Point","coordinates":[-121.280080812369,36.3664657630914]}},{"type":"Feature","properties":{"Name":"Los Ositos","Max_Voltag":60,"Owner":"PG&E","COUNTY":"Monterey County","Status":"Operational"},"geometry":{"type":"Point","coordinates":[-121.200260721236,36.293811552607]}},{"type":"Feature","properties":{"Name":"Manzanita","Max_Voltag":0,"Owner":"PG&E","COUNTY":"Monterey County","Status":"Operational"},"geometry":{"type":"Point","coordinates":[-121.83354489095,36.6145476883626]}},{"type":"Feature","properties":{"Name":"Monterey","Max_Voltag":60,"Owner":"PG&E","COUNTY":"Monterey County","Status":"Operational"},"geometry":{"type":"Point","coordinates":[-121.890483723088,36.5998274261118]}},{"type":"Feature","properties":{"Name":"Monterey Naval Lab","Max_Voltag":60,"Owner":"PG&E","COUNTY":"Monterey County","Status":"Operational"},"geometry":{"type":"Point","coordinates":[-121.863831663518,36.5895330600373]}},{"type":"Feature","properties":{"Name":"Navy School","Max_Voltag":60,"Owner":"PG&E","COUNTY":"Monterey County","Status":"Operational"},"geometry":{"type":"Point","coordinates":[-121.876884204359,36.5996004083349]}},{"type":"Feature","properties":{"Name":"Fresh Express","Max_Voltag":0,"Owner":"Other","COUNTY":"Monterey County","Status":"Operational"},"geometry":{"type":"Point","coordinates":[-121.634019127387,36.6523832368231]}},{"type":"Feature","properties":{"Name":"Oil Fields","Max_Voltag":60,"Owner":"PG&E","COUNTY":"Monterey County","Status":"Operational"},"geometry":{"type":"Point","coordinates":[-120.851152761587,35.9564749665202]}},{"type":"Feature","properties":{"Name":"Otter","Max_Voltag":60,"Owner":"PG&E","COUNTY":"Monterey County","Status":"Operational"},"geometry":{"type":"Point","coordinates":[-121.89930047021,36.3800866396411]}},{"type":"Feature","properties":{"Name":"Prunedale","Max_Voltag":0,"Owner":"PG&E","COUNTY":"Monterey County","Status":"Operational"},"geometry":{"type":"Point","coordinates":[-121.671133116775,36.7853813010616]}},{"type":"Feature","properties":{"Name":"Salinas","Max_Voltag":115,"Owner":"PG&E","COUNTY":"Monterey County","Status":"Operational"},"geometry":{"type":"Point","coordinates":[-121.651385464461,36.6822757183624]}},{"type":"Feature","properties":{"Name":"Salinas River","Max_Voltag":0,"Owner":"Other","COUNTY":"Monterey County","Status":"Operational"},"geometry":{"type":"Point","coordinates":[-120.868441646815,35.9519472040707]}},{"type":"Feature","properties":{"Name":"San Ardo","Max_Voltag":60,"Owner":"PG&E","COUNTY":"Monterey County","Status":"Operational"},"geometry":{"type":"Point","coordinates":[-120.93680552852,36.0736944461493]}},{"type":"Feature","properties":{"Name":"Sargent Canyon","Max_Voltag":0,"Owner":"Other","COUNTY":"Monterey County","Status":"Operational"},"geometry":{"type":"Point","coordinates":[-120.840680565823,35.9354944560354]}},{"type":"Feature","properties":{"Name":"Soledad","Max_Voltag":0,"Owner":"PG&E","COUNTY":"Monterey County","Status":"Operational"},"geometry":{"type":"Point","coordinates":[-121.332496267726,36.4296388115639]}},{"type":"Feature","properties":{"Name":"Spence","Max_Voltag":60,"Owner":"PG&E","COUNTY":"Monterey County","Status":"Operational"},"geometry":{"type":"Point","coordinates":[-121.567133286938,36.6137527989546]}},{"type":"Feature","properties":{"Name":"Viejo","Max_Voltag":60,"Owner":"PG&E","COUNTY":"Monterey County","Status":"Operational"},"geometry":{"type":"Point","coordinates":[-121.908417860999,36.5783713839453]}},{"type":"Feature","properties":{"Name":"Basalt","Max_Voltag":60,"Owner":"PG&E","COUNTY":"Napa County","Status":"Operational"},"geometry":{"type":"Point","coordinates":[-122.269232011457,38.2631620127075]}},{"type":"Feature","properties":{"Name":"Calistoga","Max_Voltag":60,"Owner":"PG&E","COUNTY":"Napa County","Status":"Operational"},"geometry":{"type":"Point","coordinates":[-122.578610444241,38.5920880422943]}},{"type":"Feature","properties":{"Name":"Highway","Max_Voltag":0,"Owner":"PG&E","COUNTY":"Napa County","Status":"Operational"},"geometry":{"type":"Point","coordinates":[-122.253621006703,38.1662180166904]}},{"type":"Feature","properties":{"Name":"Monticello","Max_Voltag":115,"Owner":"PG&E","COUNTY":"Napa County","Status":"Operational"},"geometry":{"type":"Point","coordinates":[-122.214463638402,38.5085165896821]}},{"type":"Feature","properties":{"Name":"Napa","Max_Voltag":115,"Owner":"PG&E","COUNTY":"Napa County","Status":"Operational"},"geometry":{"type":"Point","coordinates":[-122.278915048024,38.2954518696017]}},{"type":"Feature","properties":{"Name":"Pueblo","Max_Voltag":115,"Owner":"PG&E","COUNTY":"Napa County","Status":"Operational"},"geometry":{"type":"Point","coordinates":[-122.299453436079,38.3452198087737]}},{"type":"Feature","properties":{"Name":"Silverado","Max_Voltag":115,"Owner":"PG&E","COUNTY":"Napa County","Status":"Operational"},"geometry":{"type":"Point","coordinates":[-122.459110675556,38.4998179382189]}},{"type":"Feature","properties":{"Name":"Tulucay","Max_Voltag":230,"Owner":"PG&E","COUNTY":"Napa County","Status":"Operational"},"geometry":{"type":"Point","coordinates":[-122.267948988161,38.2478290208819]}},{"type":"Feature","properties":{"Name":"Glenshire","Max_Voltag":60,"Owner":"Other","COUNTY":"Nevada County","Status":"Operational"},"geometry":{"type":"Point","coordinates":[-120.086231302701,39.3522767495156]}},{"type":"Feature","properties":{"Name":"Truckee","Max_Voltag":0,"Owner":"Other","COUNTY":"Nevada County","Status":"Operational"},"geometry":{"type":"Point","coordinates":[-120.18112471467,39.3305813637836]}},{"type":"Feature","properties":{"Name":"Brunswick","Max_Voltag":115,"Owner":"PG&E","COUNTY":"Nevada County","Status":"Operational"},"geometry":{"type":"Point","coordinates":[-121.035026082011,39.2310500193243]}},{"type":"Feature","properties":{"Name":"Columbia Hill","Max_Voltag":60,"Owner":"PG&E","COUNTY":"Nevada County","Status":"Operational"},"geometry":{"type":"Point","coordinates":[-121.101350327184,39.3318402140121]}},{"type":"Feature","properties":{"Name":"Grass Valley","Max_Voltag":60,"Owner":"PG&E","COUNTY":"Nevada County","Status":"Operational"},"geometry":{"type":"Point","coordinates":[-121.061360910522,39.2090554865929]}},{"type":"Feature","properties":{"Name":"Higgins","Max_Voltag":115,"Owner":"PG&E","COUNTY":"Nevada County","Status":"Operational"},"geometry":{"type":"Point","coordinates":[-121.090692546669,39.0440405699604]}},{"type":"Feature","properties":{"Name":"Smartsville","Max_Voltag":60,"Owner":"PG&E","COUNTY":"Yuba County","Status":"Operational"},"geometry":{"type":"Point","coordinates":[-121.303269084087,39.2090055293346]}},{"type":"Feature","properties":{"Name":"Ammonia","Max_Voltag":66,"Owner":"SCE","COUNTY":"Orange County","Status":"Operational"},"geometry":{"type":"Point","coordinates":[-117.847259891461,33.9225028612903]}},{"type":"Feature","properties":{"Name":"Apollo","Max_Voltag":66,"Owner":"SCE","COUNTY":"Orange County","Status":"Operational"},"geometry":{"type":"Point","coordinates":[-118.037172484928,33.7525237713122]}},{"type":"Feature","properties":{"Name":"Atwood","Max_Voltag":0,"Owner":"SCE","COUNTY":"Orange County","Status":"Operational"},"geometry":{"type":"Point","coordinates":[-117.832033492311,33.8803141982796]}},{"type":"Feature","properties":{"Name":"Barre","Max_Voltag":0,"Owner":"SCE","COUNTY":"Orange County","Status":"Operational"},"geometry":{"type":"Point","coordinates":[-117.981795435895,33.8089110263584]}},{"type":"Feature","properties":{"Name":"Bayside","Max_Voltag":66,"Owner":"SCE","COUNTY":"Orange County","Status":"Operational"},"geometry":{"type":"Point","coordinates":[-117.90706601573,33.6569820086144]}},{"type":"Feature","properties":{"Name":"Bolsa","Max_Voltag":66,"Owner":"SCE","COUNTY":"Orange County","Status":"Operational"},"geometry":{"type":"Point","coordinates":[-118.033278061796,33.7306298323377]}},{"type":"Feature","properties":{"Name":"Borrego","Max_Voltag":66,"Owner":"SCE","COUNTY":"Orange County","Status":"Operational"},"geometry":{"type":"Point","coordinates":[-117.749009998095,33.5976649996297]}},{"type":"Feature","properties":{"Name":"Brea","Max_Voltag":66,"Owner":"SCE","COUNTY":"Orange County","Status":"Operational"},"geometry":{"type":"Point","coordinates":[-117.848031617952,33.9201515344466]}},{"type":"Feature","properties":{"Name":"Brookhurst","Max_Voltag":66,"Owner":"SCE","COUNTY":"Orange County","Status":"Operational"},"geometry":{"type":"Point","coordinates":[-117.957128996259,33.7372353855249]}},{"type":"Feature","properties":{"Name":"Bryan","Max_Voltag":66,"Owner":"SCE","COUNTY":"Orange County","Status":"Operational"},"geometry":{"type":"Point","coordinates":[-117.802263863683,33.7345444847854]}},{"type":"Feature","properties":{"Name":"Burris Pit","Max_Voltag":66,"Owner":"SCE","COUNTY":"Orange County","Status":"Operational"},"geometry":{"type":"Point","coordinates":[-117.87142791254,33.8196747999009]}},{"type":"Feature","properties":{"Name":"Cabrillo","Max_Voltag":66,"Owner":"SCE","COUNTY":"Orange County","Status":"Operational"},"geometry":{"type":"Point","coordinates":[-117.847591329377,33.671872899878]}},{"type":"Feature","properties":{"Name":"Camden","Max_Voltag":66,"Owner":"SCE","COUNTY":"Orange County","Status":"Operational"},"geometry":{"type":"Point","coordinates":[-117.883619027414,33.7131837582012]}},{"type":"Feature","properties":{"Name":"Canyon","Max_Voltag":0,"Owner":"SCE","COUNTY":"Orange County","Status":"Operational"},"geometry":{"type":"Point","coordinates":[-117.746980552053,33.8714555636723]}},{"type":"Feature","properties":{"Name":"Carolina","Max_Voltag":66,"Owner":"SCE","COUNTY":"Orange County","Status":"Operational"},"geometry":{"type":"Point","coordinates":[-117.879557502368,33.9102086918976]}},{"type":"Feature","properties":{"Name":"Chestnut","Max_Voltag":66,"Owner":"SCE","COUNTY":"Orange County","Status":"Operational"},"geometry":{"type":"Point","coordinates":[-117.849825010992,33.7332416046923]}},{"type":"Feature","properties":{"Name":"Chip","Max_Voltag":66,"Owner":"SCE","COUNTY":"Orange County","Status":"Operational"},"geometry":{"type":"Point","coordinates":[-117.860629746007,33.6606023694863]}},{"type":"Feature","properties":{"Name":"Chiquita","Max_Voltag":66,"Owner":"SCE","COUNTY":"Orange County","Status":"Operational"},"geometry":{"type":"Point","coordinates":[-117.631771018586,33.6296099888549]}},{"type":"Feature","properties":{"Name":"Coygen","Max_Voltag":66,"Owner":"SCE","COUNTY":"Orange County","Status":"Operational"},"geometry":{"type":"Point","coordinates":[-117.821926980037,33.6130420186006]}},{"type":"Feature","properties":{"Name":"Crown","Max_Voltag":66,"Owner":"SCE","COUNTY":"Orange County","Status":"Operational"},"geometry":{"type":"Point","coordinates":[-117.865163298904,33.6081516249846]}},{"type":"Feature","properties":{"Name":"Cypress","Max_Voltag":66,"Owner":"SCE","COUNTY":"Orange County","Status":"Operational"},"geometry":{"type":"Point","coordinates":[-118.072602014581,33.8096399006809]}},{"type":"Feature","properties":{"Name":"Ellis","Max_Voltag":0,"Owner":"SCE","COUNTY":"Orange County","Status":"Operational"},"geometry":{"type":"Point","coordinates":[-117.943097991545,33.6853389913328]}},{"type":"Feature","properties":{"Name":"Ely","Max_Voltag":0,"Owner":"SCE","COUNTY":"Orange County","Status":"Operational"},"geometry":{"type":"Point","coordinates":[-118.027920018961,33.8510880111814]}},{"type":"Feature","properties":{"Name":"Estrella","Max_Voltag":66,"Owner":"SCE","COUNTY":"Orange County","Status":"Operational"},"geometry":{"type":"Point","coordinates":[-117.82855557306,33.6875055496874]}},{"type":"Feature","properties":{"Name":"Fairview","Max_Voltag":66,"Owner":"SCE","COUNTY":"Orange County","Status":"Operational"},"geometry":{"type":"Point","coordinates":[-117.867616980627,33.6935740011155]}},{"type":"Feature","properties":{"Name":"Fullerton","Max_Voltag":66,"Owner":"SCE","COUNTY":"Orange County","Status":"Operational"},"geometry":{"type":"Point","coordinates":[-117.921311984596,33.8681440157894]}},{"type":"Feature","properties":{"Name":"Gilbert","Max_Voltag":66,"Owner":"SCE","COUNTY":"Orange County","Status":"Operational"},"geometry":{"type":"Point","coordinates":[-117.971770313681,33.8775627374311]}},{"type":"Feature","properties":{"Name":"Gisler","Max_Voltag":66,"Owner":"SCE","COUNTY":"Orange County","Status":"Operational"},"geometry":{"type":"Point","coordinates":[-117.912815980049,33.6873460194135]}},{"type":"Feature","properties":{"Name":"Hamilton","Max_Voltag":66,"Owner":"SCE","COUNTY":"Orange County","Status":"Operational"},"geometry":{"type":"Point","coordinates":[-117.952629997957,33.6545239899209]}},{"type":"Feature","properties":{"Name":"Irvine","Max_Voltag":0,"Owner":"SCE","COUNTY":"Orange County","Status":"Operational"},"geometry":{"type":"Point","coordinates":[-117.742191674596,33.6830389212414]}},{"type":"Feature","properties":{"Name":"Johanna","Max_Voltag":0,"Owner":"SCE","COUNTY":"Orange County","Status":"Operational"},"geometry":{"type":"Point","coordinates":[-117.852663877732,33.7134611147024]}},{"type":"Feature","properties":{"Name":"Johnair","Max_Voltag":66,"Owner":"SCE","COUNTY":"Orange County","Status":"Operational"},"geometry":{"type":"Point","coordinates":[-117.863780111657,33.6756111784786]}},{"type":"Feature","properties":{"Name":"La Habra","Max_Voltag":66,"Owner":"SCE","COUNTY":"Orange County","Status":"Operational"},"geometry":{"type":"Point","coordinates":[-117.933787019203,33.9251749974268]}},{"type":"Feature","properties":{"Name":"La Palma","Max_Voltag":66,"Owner":"SCE","COUNTY":"Orange County","Status":"Operational"},"geometry":{"type":"Point","coordinates":[-117.979824284227,33.8462838839824]}},{"type":"Feature","properties":{"Name":"La Veta","Max_Voltag":66,"Owner":"SCE","COUNTY":"Orange County","Status":"Operational"},"geometry":{"type":"Point","coordinates":[-117.852120017896,33.7667990106561]}},{"type":"Feature","properties":{"Name":"Lafayette","Max_Voltag":66,"Owner":"SCE","COUNTY":"Orange County","Status":"Operational"},"geometry":{"type":"Point","coordinates":[-117.935651990903,33.6353619870893]}},{"type":"Feature","properties":{"Name":"Lambert","Max_Voltag":66,"Owner":"SCE","COUNTY":"Orange County","Status":"Operational"},"geometry":{"type":"Point","coordinates":[-117.847236391533,33.9228187508121]}},{"type":"Feature","properties":{"Name":"Lampson","Max_Voltag":66,"Owner":"SCE","COUNTY":"Orange County","Status":"Operational"},"geometry":{"type":"Point","coordinates":[-117.899100522054,33.778219078607]}},{"type":"Feature","properties":{"Name":"Lewis","Max_Voltag":0,"Owner":"Other","COUNTY":"Orange County","Status":"Operational"},"geometry":{"type":"Point","coordinates":[-117.899086814661,33.8092633557376]}},{"type":"Feature","properties":{"Name":"Limestone","Max_Voltag":66,"Owner":"SCE","COUNTY":"Orange County","Status":"Operational"},"geometry":{"type":"Point","coordinates":[-117.688566874864,33.6502112015385]}},{"type":"Feature","properties":{"Name":"Macarthur","Max_Voltag":66,"Owner":"SCE","COUNTY":"Orange County","Status":"Operational"},"geometry":{"type":"Point","coordinates":[-117.866048461954,33.6387063044473]}},{"type":"Feature","properties":{"Name":"Marion","Max_Voltag":66,"Owner":"SCE","COUNTY":"Orange County","Status":"Operational"},"geometry":{"type":"Point","coordinates":[-118.027185858219,33.8177027189696]}},{"type":"Feature","properties":{"Name":"Modena","Max_Voltag":66,"Owner":"SCE","COUNTY":"Orange County","Status":"Operational"},"geometry":{"type":"Point","coordinates":[-117.802686028747,33.7882500372416]}},{"type":"Feature","properties":{"Name":"Morro","Max_Voltag":66,"Owner":"SCE","COUNTY":"Orange County","Status":"Operational"},"geometry":{"type":"Point","coordinates":[-117.778884012756,33.5518849945516]}},{"type":"Feature","properties":{"Name":"Moulton","Max_Voltag":66,"Owner":"SCE","COUNTY":"Orange County","Status":"Operational"},"geometry":{"type":"Point","coordinates":[-117.697557400179,33.609126327222]}},{"type":"Feature","properties":{"Name":"Coyote Creek","Max_Voltag":66,"Owner":"Other","COUNTY":"Orange County","Status":"Operational"},"geometry":{"type":"Point","coordinates":[-117.955127055732,33.9250849845259]}},{"type":"Feature","properties":{"Name":"Yorba Linda","Max_Voltag":0,"Owner":"Other","COUNTY":"Orange County","Status":"Operational"},"geometry":{"type":"Point","coordinates":[-117.820078011824,33.9105260099391]}},{"type":"Feature","properties":{"Name":"Niguel","Max_Voltag":66,"Owner":"SCE","COUNTY":"Orange County","Status":"Operational"},"geometry":{"type":"Point","coordinates":[-117.714833011901,33.5637999960379]}},{"type":"Feature","properties":{"Name":"Norseal","Max_Voltag":66,"Owner":"SCE","COUNTY":"Orange County","Status":"Operational"},"geometry":{"type":"Point","coordinates":[-118.089078935082,33.7571147709781]}},{"type":"Feature","properties":{"Name":"Norweld","Max_Voltag":66,"Owner":"SCE","COUNTY":"Orange County","Status":"Operational"},"geometry":{"type":"Point","coordinates":[-117.91984306663,33.920817371343]}},{"type":"Feature","properties":{"Name":"Oceanview","Max_Voltag":66,"Owner":"SCE","COUNTY":"Orange County","Status":"Operational"},"geometry":{"type":"Point","coordinates":[-117.987525038101,33.7163742789914]}},{"type":"Feature","properties":{"Name":"Orange","Max_Voltag":66,"Owner":"SCE","COUNTY":"Orange County","Status":"Operational"},"geometry":{"type":"Point","coordinates":[-117.861453985314,33.7904900056789]}},{"type":"Feature","properties":{"Name":"Kiwi","Max_Voltag":66,"Owner":"SCE","COUNTY":"Orange County","Status":"Operational"},"geometry":{"type":"Point","coordinates":[-117.945035527358,33.6896310948248]}},{"type":"Feature","properties":{"Name":"Orcogen","Max_Voltag":66,"Owner":"SCE","COUNTY":"Orange County","Status":"Operational"},"geometry":{"type":"Point","coordinates":[-117.955561118084,33.6439972301918]}},{"type":"Feature","properties":{"Name":"Paper","Max_Voltag":66,"Owner":"SCE","COUNTY":"Orange County","Status":"Operational"},"geometry":{"type":"Point","coordinates":[-117.892736120861,33.8609372661339]}},{"type":"Feature","properties":{"Name":"Parkwood","Max_Voltag":0,"Owner":"SCE","COUNTY":"Orange County","Status":"Operational"},"geometry":{"type":"Point","coordinates":[-117.963709520431,33.9154797344738]}},{"type":"Feature","properties":{"Name":"Placentia","Max_Voltag":66,"Owner":"SCE","COUNTY":"Orange County","Status":"Operational"},"geometry":{"type":"Point","coordinates":[-117.878633127856,33.8715971640094]}},{"type":"Feature","properties":{"Name":"Recovery","Max_Voltag":66,"Owner":"SCE","COUNTY":"Orange County","Status":"Operational"},"geometry":{"type":"Point","coordinates":[-118.021232924952,33.6735824064901]}},{"type":"Feature","properties":{"Name":"Santiago","Max_Voltag":230,"Owner":"SCE","COUNTY":"Orange County","Status":"Operational"},"geometry":{"type":"Point","coordinates":[-117.768020006899,33.6649049877802]}},{"type":"Feature","properties":{"Name":"Serrano","Max_Voltag":500,"Owner":"SCE","COUNTY":"Orange County","Status":"Operational"},"geometry":{"type":"Point","coordinates":[-117.789694823975,33.8288647992709]}},{"type":"Feature","properties":{"Name":"Shawnee","Max_Voltag":66,"Owner":"SCE","COUNTY":"Orange County","Status":"Operational"},"geometry":{"type":"Point","coordinates":[-118.0120858143,33.7722088818764]}},{"type":"Feature","properties":{"Name":"Slater","Max_Voltag":66,"Owner":"SCE","COUNTY":"Orange County","Status":"Operational"},"geometry":{"type":"Point","coordinates":[-118.017185019264,33.6922819908693]}},{"type":"Feature","properties":{"Name":"Smithtool","Max_Voltag":0,"Owner":"SCE","COUNTY":"Orange County","Status":"Operational"},"geometry":{"type":"Point","coordinates":[-117.849039207002,33.6878552418703]}},{"type":"Feature","properties":{"Name":"Soco","Max_Voltag":66,"Owner":"SCE","COUNTY":"Orange County","Status":"Operational"},"geometry":{"type":"Point","coordinates":[-118.021523676372,33.6737459798292]}},{"type":"Feature","properties":{"Name":"Steelcase","Max_Voltag":0,"Owner":"SCE","COUNTY":"Orange County","Status":"Operational"},"geometry":{"type":"Point","coordinates":[-117.828790278589,33.7124911170024]}},{"type":"Feature","properties":{"Name":"Sullivan","Max_Voltag":66,"Owner":"SCE","COUNTY":"Orange County","Status":"Operational"},"geometry":{"type":"Point","coordinates":[-117.901930660763,33.7448050322957]}},{"type":"Feature","properties":{"Name":"Sunnyhills","Max_Voltag":66,"Owner":"SCE","COUNTY":"Orange County","Status":"Operational"},"geometry":{"type":"Point","coordinates":[-117.957376944752,33.882894400241]}},{"type":"Feature","properties":{"Name":"Talbert","Max_Voltag":66,"Owner":"SCE","COUNTY":"Orange County","Status":"Operational"},"geometry":{"type":"Point","coordinates":[-117.920428005526,33.7145299885158]}},{"type":"Feature","properties":{"Name":"Team","Max_Voltag":0,"Owner":"SCE","COUNTY":"Orange County","Status":"Operational"},"geometry":{"type":"Point","coordinates":[-117.999912939718,33.7449792270895]}},{"type":"Feature","properties":{"Name":"Trask","Max_Voltag":66,"Owner":"SCE","COUNTY":"Orange County","Status":"Operational"},"geometry":{"type":"Point","coordinates":[-117.979562993955,33.7661630161943]}},{"type":"Feature","properties":{"Name":"Vera","Max_Voltag":66,"Owner":"SCE","COUNTY":"Orange County","Status":"Operational"},"geometry":{"type":"Point","coordinates":[-117.928479013428,33.7655079844075]}},{"type":"Feature","properties":{"Name":"Villa Park","Max_Voltag":0,"Owner":"SCE","COUNTY":"Orange County","Status":"Operational"},"geometry":{"type":"Point","coordinates":[-117.834397684764,33.815481602028]}},{"type":"Feature","properties":{"Name":"Washington","Max_Voltag":66,"Owner":"SCE","COUNTY":"Orange County","Status":"Operational"},"geometry":{"type":"Point","coordinates":[-117.859388939037,33.756049925154]}},{"type":"Feature","properties":{"Name":"Wave","Max_Voltag":66,"Owner":"SCE","COUNTY":"Orange County","Status":"Operational"},"geometry":{"type":"Point","coordinates":[-117.997428959617,33.6655869681985]}},{"type":"Feature","properties":{"Name":"Yorba Linda","Max_Voltag":0,"Owner":"SCE","COUNTY":"Orange County","Status":"Operational"},"geometry":{"type":"Point","coordinates":[-117.788147999616,33.8889210137078]}},{"type":"Feature","properties":{"Name":"Capistrano","Max_Voltag":138,"Owner":"SDG&E","COUNTY":"Orange County","Status":"Operational"},"geometry":{"type":"Point","coordinates":[-117.665533995521,33.5125890055192]}},{"type":"Feature","properties":{"Name":"Cristianitos","Max_Voltag":0,"Owner":"SDG&E","COUNTY":"Orange County","Status":"Operational"},"geometry":{"type":"Point","coordinates":[-117.57049949595,33.4633411977706]}},{"type":"Feature","properties":{"Name":"Laguna Niguel","Max_Voltag":138,"Owner":"SDG&E","COUNTY":"Orange County","Status":"Operational"},"geometry":{"type":"Point","coordinates":[-117.702975987667,33.4949450126568]}},{"type":"Feature","properties":{"Name":"San Mateo","Max_Voltag":0,"Owner":"SDG&E","COUNTY":"Orange County","Status":"Operational"},"geometry":{"type":"Point","coordinates":[-117.590611868761,33.409460442364]}},{"type":"Feature","properties":{"Name":"Trabuco","Max_Voltag":138,"Owner":"SDG&E","COUNTY":"Orange County","Status":"Operational"},"geometry":{"type":"Point","coordinates":[-117.673519865683,33.5629118302645]}},{"type":"Feature","properties":{"Name":"Brockway","Max_Voltag":60,"Owner":"Other","COUNTY":"Placer County","Status":"Operational"},"geometry":{"type":"Point","coordinates":[-120.026463901211,39.2429587233292]}},{"type":"Feature","properties":{"Name":"Northstar","Max_Voltag":0,"Owner":"Other","COUNTY":"Placer County","Status":"Operational"},"geometry":{"type":"Point","coordinates":[-120.112632771834,39.2806960461598]}},{"type":"Feature","properties":{"Name":"Squaw Valley","Max_Voltag":60,"Owner":"Other","COUNTY":"Placer County","Status":"Operational"},"geometry":{"type":"Point","coordinates":[-120.201153630398,39.2055295940745]}},{"type":"Feature","properties":{"Name":"Tahoe City","Max_Voltag":60,"Owner":"Other","COUNTY":"Placer County","Status":"Operational"},"geometry":{"type":"Point","coordinates":[-120.144468115984,39.1661769749373]}},{"type":"Feature","properties":{"Name":"Burney Lumber Co.","Max_Voltag":0,"Owner":"Other","COUNTY":"Nevada County","Status":"Operational"},"geometry":{"type":"Point","coordinates":[-120.181988769108,39.33097145562]}},{"type":"Feature","properties":{"Name":"Truckee Donner","Max_Voltag":0,"Owner":"Other","COUNTY":"Nevada County","Status":"Operational"},"geometry":{"type":"Point","coordinates":[-120.22126260668,39.3373668956569]}},{"type":"Feature","properties":{"Name":"Martis Valley","Max_Voltag":60,"Owner":"Other","COUNTY":"Nevada County","Status":"Operational"},"geometry":{"type":"Point","coordinates":[-120.169680778924,39.3295879211167]}},{"type":"Feature","properties":{"Name":"Atlantic","Max_Voltag":0,"Owner":"PG&E","COUNTY":"Placer County","Status":"Operational"},"geometry":{"type":"Point","coordinates":[-121.264032251715,38.7636275954051]}},{"type":"Feature","properties":{"Name":"Auburn","Max_Voltag":0,"Owner":"PG&E","COUNTY":"Placer County","Status":"Operational"},"geometry":{"type":"Point","coordinates":[-121.069826529555,38.90349314442]}},{"type":"Feature","properties":{"Name":"Bell","Max_Voltag":115,"Owner":"PG&E","COUNTY":"Placer County","Status":"Operational"},"geometry":{"type":"Point","coordinates":[-121.091671583666,38.9467996749968]}},{"type":"Feature","properties":{"Name":"Lee","Max_Voltag":0,"Owner":"PG&E","COUNTY":"San Joaquin County","Status":"Operational"},"geometry":{"type":"Point","coordinates":[-121.116246363702,37.7319095344836]}},{"type":"Feature","properties":{"Name":"Robertson","Max_Voltag":60,"Owner":"PG&E","COUNTY":"San Joaquin County","Status":"Operational"},"geometry":{"type":"Point","coordinates":[-121.329847426109,37.9433939550659]}},{"type":"Feature","properties":{"Name":"Rough & Ready","Max_Voltag":60,"Owner":"PG&E","COUNTY":"San Joaquin County","Status":"Operational"},"geometry":{"type":"Point","coordinates":[-121.346422982526,37.9496680072906]}},{"type":"Feature","properties":{"Name":"S.J. Power","Max_Voltag":0,"Owner":"PG&E","COUNTY":"San Joaquin County","Status":"Operational"},"geometry":{"type":"Point","coordinates":[-121.29089900235,37.8065069919619]}},{"type":"Feature","properties":{"Name":"Stockton Station A","Max_Voltag":115,"Owner":"PG&E","COUNTY":"San Joaquin County","Status":"Operational"},"geometry":{"type":"Point","coordinates":[-121.288721979277,37.9474580043461]}},{"type":"Feature","properties":{"Name":"Stagg","Max_Voltag":230,"Owner":"PG&E","COUNTY":"San Joaquin County","Status":"Operational"},"geometry":{"type":"Point","coordinates":[-121.348627330554,37.9922990314117]}},{"type":"Feature","properties":{"Name":"Cargill","Max_Voltag":60,"Owner":"Other","COUNTY":"San Joaquin County","Status":"Operational"},"geometry":{"type":"Point","coordinates":[-121.271138962268,37.9081841580811]}},{"type":"Feature","properties":{"Name":"Cal-Cedar","Max_Voltag":60,"Owner":"Other","COUNTY":"San Joaquin County","Status":"Operational"},"geometry":{"type":"Point","coordinates":[-121.310545542991,37.9448547959188]}},{"type":"Feature","properties":{"Name":"Sumiden Wire","Max_Voltag":60,"Owner":"Other","COUNTY":"San Joaquin County","Status":"Operational"},"geometry":{"type":"Point","coordinates":[-121.277809992603,37.9785130167538]}},{"type":"Feature","properties":{"Name":"Terminous","Max_Voltag":60,"Owner":"PG&E","COUNTY":"San Joaquin County","Status":"Operational"},"geometry":{"type":"Point","coordinates":[-121.422181919617,38.1164615627579]}},{"type":"Feature","properties":{"Name":"Valley Home","Max_Voltag":115,"Owner":"PG&E","COUNTY":"San Joaquin County","Status":"Operational"},"geometry":{"type":"Point","coordinates":[-120.944426173332,37.85642658678]}},{"type":"Feature","properties":{"Name":"Victor","Max_Voltag":60,"Owner":"PG&E","COUNTY":"San Joaquin County","Status":"Operational"},"geometry":{"type":"Point","coordinates":[-121.177580982207,38.145506012013]}},{"type":"Feature","properties":{"Name":"Waterloo","Max_Voltag":60,"Owner":"PG&E","COUNTY":"San Joaquin County","Status":"Operational"},"geometry":{"type":"Point","coordinates":[-121.209892554731,38.0516307829834]}},{"type":"Feature","properties":{"Name":"Weber","Max_Voltag":230,"Owner":"PG&E","COUNTY":"San Joaquin County","Status":"Operational"},"geometry":{"type":"Point","coordinates":[-121.240273990864,37.9198510033241]}},{"type":"Feature","properties":{"Name":"West Lane","Max_Voltag":60,"Owner":"PG&E","COUNTY":"San Joaquin County","Status":"Operational"},"geometry":{"type":"Point","coordinates":[-121.28368075248,37.9902065110224]}},{"type":"Feature","properties":{"Name":"Atascadero","Max_Voltag":60,"Owner":"PG&E","COUNTY":"San Luis Obispo County","Status":"Operational"},"geometry":{"type":"Point","coordinates":[-120.671441688913,35.4654721781486]}},{"type":"Feature","properties":{"Name":"Baywood","Max_Voltag":60,"Owner":"PG&E","COUNTY":"San Luis Obispo County","Status":"Operational"},"geometry":{"type":"Point","coordinates":[-120.811433872572,35.3612462114845]}},{"type":"Feature","properties":{"Name":"Callendar","Max_Voltag":115,"Owner":"PG&E","COUNTY":"San Luis Obispo County","Status":"Operational"},"geometry":{"type":"Point","coordinates":[-120.586105564643,35.0469443668127]}},{"type":"Feature","properties":{"Name":"Cambria","Max_Voltag":60,"Owner":"PG&E","COUNTY":"San Luis Obispo County","Status":"Operational"},"geometry":{"type":"Point","coordinates":[-121.115379219958,35.6004260552301]}},{"type":"Feature","properties":{"Name":"Carrizo Plains","Max_Voltag":0,"Owner":"PG&E","COUNTY":"San Luis Obispo County","Status":"Operational"},"geometry":{"type":"Point","coordinates":[-120.040194239798,35.3806815384279]}},{"type":"Feature","properties":{"Name":"Cayucos","Max_Voltag":60,"Owner":"PG&E","COUNTY":"San Luis Obispo County","Status":"Operational"},"geometry":{"type":"Point","coordinates":[-120.870359723322,35.4487032997897]}},{"type":"Feature","properties":{"Name":"Cholame","Max_Voltag":70,"Owner":"Other","COUNTY":"San Luis Obispo County","Status":"Operational"},"geometry":{"type":"Point","coordinates":[-120.336230555318,35.6865499997334]}},{"type":"Feature","properties":{"Name":"Foothill","Max_Voltag":115,"Owner":"PG&E","COUNTY":"San Luis Obispo County","Status":"Operational"},"geometry":{"type":"Point","coordinates":[-120.70591377617,35.2867065312066]}},{"type":"Feature","properties":{"Name":"Goldtree","Max_Voltag":60,"Owner":"PG&E","COUNTY":"San Luis Obispo County","Status":"Operational"},"geometry":{"type":"Point","coordinates":[-120.693144512765,35.3201750136094]}},{"type":"Feature","properties":{"Name":"Mesa","Max_Voltag":230,"Owner":"PG&E","COUNTY":"San Luis Obispo County","Status":"Operational"},"geometry":{"type":"Point","coordinates":[-120.453198883211,35.0088645568997]}},{"type":"Feature","properties":{"Name":"Cal Poly","Max_Voltag":60,"Owner":"Other","COUNTY":"San Luis Obispo County","Status":"Operational"},"geometry":{"type":"Point","coordinates":[-120.65798268466,35.3040875760846]}},{"type":"Feature","properties":{"Name":"Oceano","Max_Voltag":115,"Owner":"PG&E","COUNTY":"San Luis Obispo County","Status":"Operational"},"geometry":{"type":"Point","coordinates":[-120.580991089218,35.1017113920842]}},{"type":"Feature","properties":{"Name":"Paso Robles","Max_Voltag":60,"Owner":"PG&E","COUNTY":"San Luis Obispo County","Status":"Operational"},"geometry":{"type":"Point","coordinates":[-120.679491660159,35.6156388734191]}},{"type":"Feature","properties":{"Name":"Perry","Max_Voltag":60,"Owner":"PG&E","COUNTY":"San Luis Obispo County","Status":"Operational"},"geometry":{"type":"Point","coordinates":[-121.055371128362,35.5709181706844]}},{"type":"Feature","properties":{"Name":"San Luis Obispo","Max_Voltag":115,"Owner":"PG&E","COUNTY":"San Luis Obispo County","Status":"Operational"},"geometry":{"type":"Point","coordinates":[-120.634865846974,35.2616907880721]}},{"type":"Feature","properties":{"Name":"Industrial","Max_Voltag":60,"Owner":"PG&E","COUNTY":"San Joaquin County","Status":"Operational"},"geometry":{"type":"Point","coordinates":[-121.251561894636,38.1299277182375]}},{"type":"Feature","properties":{"Name":"Templeton","Max_Voltag":0,"Owner":"PG&E","COUNTY":"San Luis Obispo County","Status":"Operational"},"geometry":{"type":"Point","coordinates":[-120.680306635141,35.5550164453698]}},{"type":"Feature","properties":{"Name":"Union Oil","Max_Voltag":115,"Owner":"Other","COUNTY":"San Luis Obispo County","Status":"Operational"},"geometry":{"type":"Point","coordinates":[-120.59085091064,35.0408722734711]}},{"type":"Feature","properties":{"Name":"Tyco Electronics","Max_Voltag":60,"Owner":"Other","COUNTY":"San Mateo County","Status":"Operational"},"geometry":{"type":"Point","coordinates":[-122.167709127913,37.480340448934]}},{"type":"Feature","properties":{"Name":"S.L.A.C","Max_Voltag":230,"Owner":"Other","COUNTY":"San Mateo County","Status":"Operational"},"geometry":{"type":"Point","coordinates":[-122.205655815145,37.4157024217659]}},{"type":"Feature","properties":{"Name":"Stanford","Max_Voltag":0,"Owner":"Other","COUNTY":"Santa Clara County","Status":"Operational"},"geometry":{"type":"Point","coordinates":[-122.175219444337,37.4274166677023]}},{"type":"Feature","properties":{"Name":"San Francisco Airport","Max_Voltag":115,"Owner":"PG&E","COUNTY":"San Mateo County","Status":"Operational"},"geometry":{"type":"Point","coordinates":[-122.403524077415,37.6262453037921]}},{"type":"Feature","properties":{"Name":"Bair","Max_Voltag":115,"Owner":"PG&E","COUNTY":"San Mateo County","Status":"Operational"},"geometry":{"type":"Point","coordinates":[-122.214033365144,37.4977028065684]}},{"type":"Feature","properties":{"Name":"Bay Meadows","Max_Voltag":115,"Owner":"PG&E","COUNTY":"San Mateo County","Status":"Operational"},"geometry":{"type":"Point","coordinates":[-122.292857755531,37.551580359333]}},{"type":"Feature","properties":{"Name":"Belle Haven","Max_Voltag":60,"Owner":"PG&E","COUNTY":"San Mateo County","Status":"Operational"},"geometry":{"type":"Point","coordinates":[-122.168505549989,37.4776583415694]}},{"type":"Feature","properties":{"Name":"Belmont","Max_Voltag":0,"Owner":"PG&E","COUNTY":"San Mateo County","Status":"Operational"},"geometry":{"type":"Point","coordinates":[-122.265232112636,37.5234657007361]}},{"type":"Feature","properties":{"Name":"Beresford","Max_Voltag":60,"Owner":"PG&E","COUNTY":"San Mateo County","Status":"Operational"},"geometry":{"type":"Point","coordinates":[-122.31931200428,37.5648926558852]}},{"type":"Feature","properties":{"Name":"Burlingame","Max_Voltag":115,"Owner":"PG&E","COUNTY":"San Mateo County","Status":"Operational"},"geometry":{"type":"Point","coordinates":[-122.363374048267,37.5899241444947]}},{"type":"Feature","properties":{"Name":"Cardinal","Max_Voltag":0,"Owner":"Other","COUNTY":"Santa Clara County","Status":"Operational"},"geometry":{"type":"Point","coordinates":[-122.175999416463,37.4300288272967]}},{"type":"Feature","properties":{"Name":"Carolands","Max_Voltag":60,"Owner":"PG&E","COUNTY":"San Mateo County","Status":"Operational"},"geometry":{"type":"Point","coordinates":[-122.376312008994,37.5528049950049]}},{"type":"Feature","properties":{"Name":"Cooley Landing","Max_Voltag":115,"Owner":"PG&E","COUNTY":"San Mateo County","Status":"Operational"},"geometry":{"type":"Point","coordinates":[-122.128003673203,37.4735866421193]}},{"type":"Feature","properties":{"Name":"Crystal Springs","Max_Voltag":60,"Owner":"PG&E","COUNTY":"San Mateo County","Status":"Operational"},"geometry":{"type":"Point","coordinates":[-122.361725410651,37.5299886676925]}},{"type":"Feature","properties":{"Name":"East Grand","Max_Voltag":115,"Owner":"PG&E","COUNTY":"San Mateo County","Status":"Operational"},"geometry":{"type":"Point","coordinates":[-122.403165255256,37.6538123839742]}},{"type":"Feature","properties":{"Name":"Emerald Lake","Max_Voltag":60,"Owner":"PG&E","COUNTY":"San Mateo County","Status":"Operational"},"geometry":{"type":"Point","coordinates":[-122.277344420107,37.4616749932962]}},{"type":"Feature","properties":{"Name":"Glenwood","Max_Voltag":60,"Owner":"PG&E","COUNTY":"San Mateo County","Status":"Operational"},"geometry":{"type":"Point","coordinates":[-122.186922219751,37.4571555708446]}},{"type":"Feature","properties":{"Name":"Half Moon Bay & CM&O Yard","Max_Voltag":60,"Owner":"PG&E","COUNTY":"San Mateo County","Status":"Operational"},"geometry":{"type":"Point","coordinates":[-122.430122165305,37.468847215371]}},{"type":"Feature","properties":{"Name":"Hillsdale","Max_Voltag":60,"Owner":"PG&E","COUNTY":"San Mateo County","Status":"Operational"},"geometry":{"type":"Point","coordinates":[-122.322050004587,37.536586113457]}},{"type":"Feature","properties":{"Name":"Jefferson","Max_Voltag":230,"Owner":"PG&E","COUNTY":"San Mateo County","Status":"Operational"},"geometry":{"type":"Point","coordinates":[-122.286370933728,37.4576168218094]}},{"type":"Feature","properties":{"Name":"Las Pulgas","Max_Voltag":60,"Owner":"PG&E","COUNTY":"San Mateo County","Status":"Operational"},"geometry":{"type":"Point","coordinates":[-122.227905559393,37.4628416782192]}},{"type":"Feature","properties":{"Name":"Menlo","Max_Voltag":60,"Owner":"PG&E","COUNTY":"San Mateo County","Status":"Operational"},"geometry":{"type":"Point","coordinates":[-122.202758318061,37.4328083319234]}},{"type":"Feature","properties":{"Name":"Millbrae","Max_Voltag":115,"Owner":"PG&E","COUNTY":"San Mateo County","Status":"Operational"},"geometry":{"type":"Point","coordinates":[-122.391893443006,37.6059381262471]}},{"type":"Feature","properties":{"Name":"Pacifica","Max_Voltag":60,"Owner":"PG&E","COUNTY":"San Mateo County","Status":"Operational"},"geometry":{"type":"Point","coordinates":[-122.488816019844,37.5948009930077]}},{"type":"Feature","properties":{"Name":"Colorado Power Station","Max_Voltag":115,"Owner":"Other","COUNTY":"Santa Clara County","Status":"Operational"},"geometry":{"type":"Point","coordinates":[-122.115322235389,37.439775011134]}},{"type":"Feature","properties":{"Name":"Ralston","Max_Voltag":60,"Owner":"PG&E","COUNTY":"San Mateo County","Status":"Operational"},"geometry":{"type":"Point","coordinates":[-122.340124997436,37.5113138884995]}},{"type":"Feature","properties":{"Name":"Redwood City","Max_Voltag":0,"Owner":"PG&E","COUNTY":"San Mateo County","Status":"Operational"},"geometry":{"type":"Point","coordinates":[-122.213063913171,37.4904666703349]}},{"type":"Feature","properties":{"Name":"San Bruno","Max_Voltag":60,"Owner":"PG&E","COUNTY":"San Mateo County","Status":"Operational"},"geometry":{"type":"Point","coordinates":[-122.425114470821,37.6209569287416]}},{"type":"Feature","properties":{"Name":"San Carlos","Max_Voltag":0,"Owner":"PG&E","COUNTY":"San Mateo County","Status":"Operational"},"geometry":{"type":"Point","coordinates":[-122.244063409085,37.4997532986673]}},{"type":"Feature","properties":{"Name":"San Mateo","Max_Voltag":230,"Owner":"PG&E","COUNTY":"San Mateo County","Status":"Operational"},"geometry":{"type":"Point","coordinates":[-122.318663921006,37.5830746092416]}},{"type":"Feature","properties":{"Name":"Serramonte","Max_Voltag":115,"Owner":"PG&E","COUNTY":"San Mateo County","Status":"Operational"},"geometry":{"type":"Point","coordinates":[-122.454263043787,37.6507999183966]}},{"type":"Feature","properties":{"Name":"Shredder","Max_Voltag":115,"Owner":"PG&E","COUNTY":"San Mateo County","Status":"Operational"},"geometry":{"type":"Point","coordinates":[-122.207580817662,37.5114177039632]}},{"type":"Feature","properties":{"Name":"Sneath Lane","Max_Voltag":60,"Owner":"PG&E","COUNTY":"San Mateo County","Status":"Operational"},"geometry":{"type":"Point","coordinates":[-122.446802979121,37.6220320123224]}},{"type":"Feature","properties":{"Name":"United Cogen Inc.","Max_Voltag":0,"Owner":"Other","COUNTY":"San Mateo County","Status":"Operational"},"geometry":{"type":"Point","coordinates":[-122.393862863621,37.6383162137101]}},{"type":"Feature","properties":{"Name":"Watershed","Max_Voltag":60,"Owner":"PG&E","COUNTY":"San Mateo County","Status":"Operational"},"geometry":{"type":"Point","coordinates":[-122.311219544518,37.4872971957009]}},{"type":"Feature","properties":{"Name":"Woodside","Max_Voltag":60,"Owner":"PG&E","COUNTY":"San Mateo County","Status":"Operational"},"geometry":{"type":"Point","coordinates":[-122.242194438085,37.4370806058266]}},{"type":"Feature","properties":{"Name":"Surf","Max_Voltag":115,"Owner":"Other","COUNTY":"Santa Barbara County","Status":"Operational"},"geometry":{"type":"Point","coordinates":[-120.603868836698,34.6848087725928]}},{"type":"Feature","properties":{"Name":"Buellton","Max_Voltag":115,"Owner":"PG&E","COUNTY":"Santa Barbara County","Status":"Operational"},"geometry":{"type":"Point","coordinates":[-120.186094635895,34.6247766315491]}},{"type":"Feature","properties":{"Name":"Divide","Max_Voltag":115,"Owner":"PG&E","COUNTY":"Santa Barbara County","Status":"Operational"},"geometry":{"type":"Point","coordinates":[-120.448422436641,34.8282255829508]}},{"type":"Feature","properties":{"Name":"Fairway","Max_Voltag":115,"Owner":"PG&E","COUNTY":"Santa Barbara County","Status":"Operational"},"geometry":{"type":"Point","coordinates":[-120.446512586008,34.9105231466888]}},{"type":"Feature","properties":{"Name":"Lompoc","Max_Voltag":115,"Owner":"Other","COUNTY":"Santa Barbara County","Status":"Operational"},"geometry":{"type":"Point","coordinates":[-120.452360388539,34.6563919390038]}},{"type":"Feature","properties":{"Name":"Manville","Max_Voltag":115,"Owner":"Other","COUNTY":"Santa Barbara County","Status":"Operational"},"geometry":{"type":"Point","coordinates":[-120.456985503119,34.6036539685709]}},{"type":"Feature","properties":{"Name":"Palmer","Max_Voltag":115,"Owner":"PG&E","COUNTY":"Santa Barbara County","Status":"Operational"},"geometry":{"type":"Point","coordinates":[-120.298794444442,34.8253194415477]}},{"type":"Feature","properties":{"Name":"Purisima","Max_Voltag":115,"Owner":"PG&E","COUNTY":"Santa Barbara County","Status":"Operational"},"geometry":{"type":"Point","coordinates":[-120.435548152993,34.7008538988261]}},{"type":"Feature","properties":{"Name":"Santa Maria","Max_Voltag":115,"Owner":"PG&E","COUNTY":"Santa Barbara County","Status":"Operational"},"geometry":{"type":"Point","coordinates":[-120.444149646705,34.9502627618721]}},{"type":"Feature","properties":{"Name":"Santa Ynez","Max_Voltag":115,"Owner":"PG&E","COUNTY":"Santa Barbara County","Status":"Operational"},"geometry":{"type":"Point","coordinates":[-120.119352667826,34.6252011122977]}},{"type":"Feature","properties":{"Name":"Sisquoc","Max_Voltag":115,"Owner":"PG&E","COUNTY":"Santa Barbara County","Status":"Operational"},"geometry":{"type":"Point","coordinates":[-120.330677457693,34.8785986300782]}},{"type":"Feature","properties":{"Name":"Zaca","Max_Voltag":115,"Owner":"PG&E","COUNTY":"Santa Barbara County","Status":"Operational"},"geometry":{"type":"Point","coordinates":[-120.151476818543,34.696703747441]}},{"type":"Feature","properties":{"Name":"Capitan","Max_Voltag":66,"Owner":"SCE","COUNTY":"Santa Barbara County","Status":"Operational"},"geometry":{"type":"Point","coordinates":[-120.042229567111,34.4767503729382]}},{"type":"Feature","properties":{"Name":"Carpinteria","Max_Voltag":66,"Owner":"SCE","COUNTY":"Santa Barbara County","Status":"Operational"},"geometry":{"type":"Point","coordinates":[-119.515003217244,34.4093947161646]}},{"type":"Feature","properties":{"Name":"Desal","Max_Voltag":66,"Owner":"SCE","COUNTY":"Santa Barbara County","Status":"Operational"},"geometry":{"type":"Point","coordinates":[-119.68579361221,34.41839260275]}},{"type":"Feature","properties":{"Name":"Ellwood","Max_Voltag":66,"Owner":"SCE","COUNTY":"Santa Barbara County","Status":"Operational"},"geometry":{"type":"Point","coordinates":[-119.900102919861,34.43113731734]}},{"type":"Feature","properties":{"Name":"Gaviota","Max_Voltag":66,"Owner":"SCE","COUNTY":"Santa Barbara County","Status":"Operational"},"geometry":{"type":"Point","coordinates":[-120.199355556238,34.4760277754076]}},{"type":"Feature","properties":{"Name":"Goleta","Max_Voltag":0,"Owner":"SCE","COUNTY":"Santa Barbara County","Status":"Operational"},"geometry":{"type":"Point","coordinates":[-119.8843713055,34.468773385629]}},{"type":"Feature","properties":{"Name":"Isla Vista","Max_Voltag":66,"Owner":"SCE","COUNTY":"Santa Barbara County","Status":"Operational"},"geometry":{"type":"Point","coordinates":[-119.871332451391,34.433021573038]}},{"type":"Feature","properties":{"Name":"Ortega","Max_Voltag":66,"Owner":"SCE","COUNTY":"Santa Barbara County","Status":"Operational"},"geometry":{"type":"Point","coordinates":[-119.586736186404,34.4183833514925]}},{"type":"Feature","properties":{"Name":"San Marcos","Max_Voltag":0,"Owner":"SCE","COUNTY":"Santa Barbara County","Status":"Operational"},"geometry":{"type":"Point","coordinates":[-119.761398170226,34.4519678549905]}},{"type":"Feature","properties":{"Name":"Santa Barbara","Max_Voltag":66,"Owner":"SCE","COUNTY":"Santa Barbara County","Status":"Operational"},"geometry":{"type":"Point","coordinates":[-119.685598730793,34.4233147743144]}},{"type":"Feature","properties":{"Name":"Vegas","Max_Voltag":66,"Owner":"SCE","COUNTY":"Santa Barbara County","Status":"Operational"},"geometry":{"type":"Point","coordinates":[-119.815869439873,34.4491860877552]}},{"type":"Feature","properties":{"Name":"Advanced Micro Devices","Max_Voltag":0,"Owner":"Other","COUNTY":"Santa Clara County","Status":"Operational"},"geometry":{"type":"Point","coordinates":[-122.009515993229,37.3856409874855]}},{"type":"Feature","properties":{"Name":"Britton","Max_Voltag":115,"Owner":"PG&E","COUNTY":"Santa Clara County","Status":"Operational"},"geometry":{"type":"Point","coordinates":[-122.016365884425,37.3745621918938]}},{"type":"Feature","properties":{"Name":"Coyote Pumping","Max_Voltag":0,"Owner":"Other","COUNTY":"Santa Clara County","Status":"Operational"},"geometry":{"type":"Point","coordinates":[-121.637492840725,37.1581755742077]}},{"type":"Feature","properties":{"Name":"Brokaw","Max_Voltag":0,"Owner":"SVP","COUNTY":"Santa Clara County","Status":"Operational"},"geometry":{"type":"Point","coordinates":[-121.939819193102,37.3561921308361]}},{"type":"Feature","properties":{"Name":"FMC","Max_Voltag":115,"Owner":"PG&E","COUNTY":"Santa Clara County","Status":"Operational"},"geometry":{"type":"Point","coordinates":[-121.921911234794,37.347351226026]}},{"type":"Feature","properties":{"Name":"Monta Vista","Max_Voltag":0,"Owner":"PG&E","COUNTY":"Santa Clara County","Status":"Operational"},"geometry":{"type":"Point","coordinates":[-122.073150000621,37.3239149976702]}},{"type":"Feature","properties":{"Name":"Permanente","Max_Voltag":0,"Owner":"Other","COUNTY":"Santa Clara County","Status":"Operational"},"geometry":{"type":"Point","coordinates":[-122.093321479883,37.3179164560917]}},{"type":"Feature","properties":{"Name":"Signetics","Max_Voltag":115,"Owner":"PG&E","COUNTY":"Santa Clara County","Status":"Operational"},"geometry":{"type":"Point","coordinates":[-122.012978259336,37.3849342204523]}},{"type":"Feature","properties":{"Name":"Westinghouse","Max_Voltag":0,"Owner":"Other","COUNTY":"Santa Clara County","Status":"Operational"},"geometry":{"type":"Point","coordinates":[-122.022152824299,37.3800000103625]}},{"type":"Feature","properties":{"Name":"Wpcp","Max_Voltag":0,"Owner":"Other","COUNTY":"Santa Clara County","Status":"Operational"},"geometry":{"type":"Point","coordinates":[-121.941955977939,37.432736005292]}},{"type":"Feature","properties":{"Name":"Lockheed","Max_Voltag":0,"Owner":"SCE","COUNTY":"Los Angeles County","Status":"Operational"},"geometry":{"type":"Point","coordinates":[-118.58048056664,34.4577639308776]}},{"type":"Feature","properties":{"Name":"Moffet Field","Max_Voltag":115,"Owner":"WAPA","COUNTY":"Santa Clara County","Status":"Operational"},"geometry":{"type":"Point","coordinates":[-122.039327785183,37.4186805419772]}},{"type":"Feature","properties":{"Name":"Kifer","Max_Voltag":115,"Owner":"SVP","COUNTY":"Santa Clara County","Status":"Operational"},"geometry":{"type":"Point","coordinates":[-121.950901801289,37.3765136319988]}},{"type":"Feature","properties":{"Name":"Santa Clara","Max_Voltag":60,"Owner":"SVP","COUNTY":"Santa Clara County","Status":"Operational"},"geometry":{"type":"Point","coordinates":[-121.976282752817,37.3709974875042]}},{"type":"Feature","properties":{"Name":"Scott","Max_Voltag":115,"Owner":"SVP","COUNTY":"Santa Clara County","Status":"Operational"},"geometry":{"type":"Point","coordinates":[-121.954197013092,37.3770931471404]}},{"type":"Feature","properties":{"Name":"Almaden","Max_Voltag":60,"Owner":"PG&E","COUNTY":"Santa Clara County","Status":"Operational"},"geometry":{"type":"Point","coordinates":[-121.889898388934,37.2599612195726]}},{"type":"Feature","properties":{"Name":"Ames","Max_Voltag":115,"Owner":"PG&E","COUNTY":"Santa Clara County","Status":"Operational"},"geometry":{"type":"Point","coordinates":[-122.066416630798,37.4176302668875]}},{"type":"Feature","properties":{"Name":"Calero","Max_Voltag":0,"Owner":"Other","COUNTY":"Santa Clara County","Status":"Operational"},"geometry":{"type":"Point","coordinates":[-121.832955039168,37.2024312670018]}},{"type":"Feature","properties":{"Name":"Edenvale","Max_Voltag":115,"Owner":"PG&E","COUNTY":"Santa Clara County","Status":"Operational"},"geometry":{"type":"Point","coordinates":[-121.795065378787,37.2445635949783]}},{"type":"Feature","properties":{"Name":"El Patio","Max_Voltag":115,"Owner":"PG&E","COUNTY":"Santa Clara County","Status":"Operational"},"geometry":{"type":"Point","coordinates":[-121.935765912794,37.2920323950026]}},{"type":"Feature","properties":{"Name":"Evergreen","Max_Voltag":115,"Owner":"PG&E","COUNTY":"Santa Clara County","Status":"Operational"},"geometry":{"type":"Point","coordinates":[-121.840110957636,37.3033242646746]}},{"type":"Feature","properties":{"Name":"Gish","Max_Voltag":115,"Owner":"PG&E","COUNTY":"Santa Clara County","Status":"Operational"},"geometry":{"type":"Point","coordinates":[-121.912643249533,37.3541055376269]}},{"type":"Feature","properties":{"Name":"Hicks","Max_Voltag":230,"Owner":"PG&E","COUNTY":"Santa Clara County","Status":"Operational"},"geometry":{"type":"Point","coordinates":[-121.901068310671,37.2337134526518]}},{"type":"Feature","properties":{"Name":"Lsi Jennings","Max_Voltag":0,"Owner":"Other","COUNTY":"Santa Clara County","Status":"Operational"},"geometry":{"type":"Point","coordinates":[-121.85475153305,37.3342677330317]}},{"type":"Feature","properties":{"Name":"Lawrence","Max_Voltag":115,"Owner":"PG&E","COUNTY":"Santa Clara County","Status":"Operational"},"geometry":{"type":"Point","coordinates":[-122.01032950216,37.3972061374466]}},{"type":"Feature","properties":{"Name":"Llagas","Max_Voltag":115,"Owner":"PG&E","COUNTY":"Santa Clara County","Status":"Operational"},"geometry":{"type":"Point","coordinates":[-121.557244325067,37.00726293297]}},{"type":"Feature","properties":{"Name":"Los Altos","Max_Voltag":60,"Owner":"PG&E","COUNTY":"Santa Clara County","Status":"Operational"},"geometry":{"type":"Point","coordinates":[-122.114724998557,37.3938444470999]}},{"type":"Feature","properties":{"Name":"Loyola","Max_Voltag":60,"Owner":"PG&E","COUNTY":"Santa Clara County","Status":"Operational"},"geometry":{"type":"Point","coordinates":[-122.099708383874,37.3610583764872]}},{"type":"Feature","properties":{"Name":"Mabury","Max_Voltag":115,"Owner":"PG&E","COUNTY":"Santa Clara County","Status":"Operational"},"geometry":{"type":"Point","coordinates":[-121.86415760554,37.3608151722663]}},{"type":"Feature","properties":{"Name":"Markham","Max_Voltag":115,"Owner":"PG&E","COUNTY":"Santa Clara County","Status":"Operational"},"geometry":{"type":"Point","coordinates":[-121.878176125468,37.3362722484757]}},{"type":"Feature","properties":{"Name":"Mc Kee","Max_Voltag":115,"Owner":"PG&E","COUNTY":"Santa Clara County","Status":"Operational"},"geometry":{"type":"Point","coordinates":[-121.84335247444,37.366253408223]}},{"type":"Feature","properties":{"Name":"Milpitas","Max_Voltag":115,"Owner":"PG&E","COUNTY":"Santa Clara County","Status":"Operational"},"geometry":{"type":"Point","coordinates":[-121.888372600424,37.41538248574]}},{"type":"Feature","properties":{"Name":"Montague","Max_Voltag":115,"Owner":"PG&E","COUNTY":"Santa Clara County","Status":"Operational"},"geometry":{"type":"Point","coordinates":[-121.905990441523,37.4033326972524]}},{"type":"Feature","properties":{"Name":"Monta Vista (Upper)","Max_Voltag":230,"Owner":"PG&E","COUNTY":"Santa Clara County","Status":"Operational"},"geometry":{"type":"Point","coordinates":[-122.075426097989,37.3264076646004]}},{"type":"Feature","properties":{"Name":"Morgan Hill","Max_Voltag":115,"Owner":"PG&E","COUNTY":"Santa Clara County","Status":"Operational"},"geometry":{"type":"Point","coordinates":[-121.658903031187,37.1267005620044]}},{"type":"Feature","properties":{"Name":"Mt. View","Max_Voltag":115,"Owner":"PG&E","COUNTY":"Santa Clara County","Status":"Operational"},"geometry":{"type":"Point","coordinates":[-122.069719443247,37.3826083365603]}},{"type":"Feature","properties":{"Name":"San Jose Station A","Max_Voltag":115,"Owner":"PG&E","COUNTY":"Santa Clara County","Status":"Operational"},"geometry":{"type":"Point","coordinates":[-121.902404992136,37.3281653081953]}},{"type":"Feature","properties":{"Name":"San Jose Station B","Max_Voltag":115,"Owner":"PG&E","COUNTY":"Santa Clara County","Status":"Operational"},"geometry":{"type":"Point","coordinates":[-121.901524999789,37.3409640146418]}},{"type":"Feature","properties":{"Name":"Saratoga","Max_Voltag":230,"Owner":"PG&E","COUNTY":"Santa Clara County","Status":"Operational"},"geometry":{"type":"Point","coordinates":[-122.015219816481,37.281036626717]}},{"type":"Feature","properties":{"Name":"Senter","Max_Voltag":115,"Owner":"PG&E","COUNTY":"Santa Clara County","Status":"Closed"},"geometry":{"type":"Point","coordinates":[-121.844749976341,37.300495477814]}},{"type":"Feature","properties":{"Name":"Stelling","Max_Voltag":115,"Owner":"PG&E","COUNTY":"Santa Clara County","Status":"Operational"},"geometry":{"type":"Point","coordinates":[-122.043177011378,37.3359950152349]}},{"type":"Feature","properties":{"Name":"Stone","Max_Voltag":115,"Owner":"PG&E","COUNTY":"Santa Clara County","Status":"Operational"},"geometry":{"type":"Point","coordinates":[-121.867715987789,37.3040039950529]}},{"type":"Feature","properties":{"Name":"Swift","Max_Voltag":115,"Owner":"PG&E","COUNTY":"Santa Clara County","Status":"Operational"},"geometry":{"type":"Point","coordinates":[-121.796959988603,37.3225680193953]}},{"type":"Feature","properties":{"Name":"Trimble","Max_Voltag":115,"Owner":"PG&E","COUNTY":"Santa Clara County","Status":"Operational"},"geometry":{"type":"Point","coordinates":[-121.927242612038,37.3820620531467]}},{"type":"Feature","properties":{"Name":"Whisman","Max_Voltag":115,"Owner":"PG&E","COUNTY":"Santa Clara County","Status":"Operational"},"geometry":{"type":"Point","coordinates":[-122.068552776034,37.4049972235476]}},{"type":"Feature","properties":{"Name":"Wolfe","Max_Voltag":115,"Owner":"PG&E","COUNTY":"Santa Clara County","Status":"Operational"},"geometry":{"type":"Point","coordinates":[-122.020606403284,37.3344363339815]}},{"type":"Feature","properties":{"Name":"Lone Star","Max_Voltag":60,"Owner":"Other","COUNTY":"Santa Cruz County","Status":"Operational"},"geometry":{"type":"Point","coordinates":[-122.199681929572,37.0172812280869]}},{"type":"Feature","properties":{"Name":"Big Basin","Max_Voltag":60,"Owner":"PG&E","COUNTY":"Santa Cruz County","Status":"Operational"},"geometry":{"type":"Point","coordinates":[-122.172144689884,37.1308880150421]}},{"type":"Feature","properties":{"Name":"Burns","Max_Voltag":60,"Owner":"PG&E","COUNTY":"Santa Cruz County","Status":"Operational"},"geometry":{"type":"Point","coordinates":[-122.144287270865,37.0953319973558]}},{"type":"Feature","properties":{"Name":"Camp Evers","Max_Voltag":115,"Owner":"PG&E","COUNTY":"Santa Cruz County","Status":"Operational"},"geometry":{"type":"Point","coordinates":[-122.025136611753,37.0418883502255]}},{"type":"Feature","properties":{"Name":"Crusher","Max_Voltag":60,"Owner":"PG&E","COUNTY":"Santa Cruz County","Status":"Operational"},"geometry":{"type":"Point","coordinates":[-122.154800854709,37.0256974433245]}},{"type":"Feature","properties":{"Name":"Erta","Max_Voltag":60,"Owner":"PG&E","COUNTY":"Santa Cruz County","Status":"Operational"},"geometry":{"type":"Point","coordinates":[-121.764240198259,36.9303817267071]}},{"type":"Feature","properties":{"Name":"Green Valley","Max_Voltag":115,"Owner":"PG&E","COUNTY":"Santa Cruz County","Status":"Operational"},"geometry":{"type":"Point","coordinates":[-121.76029692025,36.9519400357986]}},{"type":"Feature","properties":{"Name":"Paul Sweet","Max_Voltag":115,"Owner":"PG&E","COUNTY":"Santa Cruz County","Status":"Operational"},"geometry":{"type":"Point","coordinates":[-121.982179297037,36.9923227311608]}},{"type":"Feature","properties":{"Name":"Point Moretti","Max_Voltag":60,"Owner":"PG&E","COUNTY":"Santa Cruz County","Status":"Operational"},"geometry":{"type":"Point","coordinates":[-122.188173320515,37.0310684777725]}},{"type":"Feature","properties":{"Name":"Rob Roy","Max_Voltag":115,"Owner":"PG&E","COUNTY":"Santa Cruz County","Status":"Operational"},"geometry":{"type":"Point","coordinates":[-121.867249638189,36.9792270973129]}},{"type":"Feature","properties":{"Name":"Signal","Max_Voltag":0,"Owner":"WAPA","COUNTY":"Shasta County","Status":"Operational"},"geometry":{"type":"Point","coordinates":[-122.278628524076,40.4287874383204]}},{"type":"Feature","properties":{"Name":"Simpson Paper (Shasta)","Max_Voltag":0,"Owner":"Other","COUNTY":"Shasta County","Status":"Operational"},"geometry":{"type":"Point","coordinates":[-122.269029650668,40.4327267507371]}},{"type":"Feature","properties":{"Name":"Burney Forest Power","Max_Voltag":230,"Owner":"Other","COUNTY":"Shasta County","Status":"Operational"},"geometry":{"type":"Point","coordinates":[-121.715104759702,40.8779636017876]}},{"type":"Feature","properties":{"Name":"Ultra Power","Max_Voltag":60,"Owner":"Other","COUNTY":"Shasta County","Status":"Operational"},"geometry":{"type":"Point","coordinates":[-121.640866975815,40.9097237561357]}},{"type":"Feature","properties":{"Name":"College View","Max_Voltag":115,"Owner":"Other","COUNTY":"Shasta County","Status":"Operational"},"geometry":{"type":"Point","coordinates":[-122.323713524593,40.618486091038]}},{"type":"Feature","properties":{"Name":"East Redding","Max_Voltag":115,"Owner":"Other","COUNTY":"Shasta County","Status":"Operational"},"geometry":{"type":"Point","coordinates":[-122.314193501707,40.5700164287308]}},{"type":"Feature","properties":{"Name":"Eureka Way","Max_Voltag":115,"Owner":"Other","COUNTY":"Shasta County","Status":"Operational"},"geometry":{"type":"Point","coordinates":[-122.437767207462,40.5839034091064]}},{"type":"Feature","properties":{"Name":"Sulphur Creek","Max_Voltag":0,"Owner":"Other","COUNTY":"Shasta County","Status":"Operational"},"geometry":{"type":"Point","coordinates":[-122.382707915002,40.6018470100237]}},{"type":"Feature","properties":{"Name":"Anderson","Max_Voltag":60,"Owner":"PG&E","COUNTY":"Shasta County","Status":"Operational"},"geometry":{"type":"Point","coordinates":[-122.305045896982,40.4497341176831]}},{"type":"Feature","properties":{"Name":"Antler","Max_Voltag":0,"Owner":"PG&E","COUNTY":"Shasta County","Status":"Operational"},"geometry":{"type":"Point","coordinates":[-122.380721951912,40.8945371269757]}},{"type":"Feature","properties":{"Name":"Benton","Max_Voltag":115,"Owner":"PG&E","COUNTY":"Shasta County","Status":"Operational"},"geometry":{"type":"Point","coordinates":[-122.39535434008,40.5624187396804]}},{"type":"Feature","properties":{"Name":"Burney","Max_Voltag":0,"Owner":"PG&E","COUNTY":"Shasta County","Status":"Operational"},"geometry":{"type":"Point","coordinates":[-121.671187322916,40.8879319757278]}},{"type":"Feature","properties":{"Name":"Cascade","Max_Voltag":115,"Owner":"PG&E","COUNTY":"Shasta County","Status":"Operational"},"geometry":{"type":"Point","coordinates":[-122.334201126465,40.652197731055]}},{"type":"Feature","properties":{"Name":"Cottonwood","Max_Voltag":230,"Owner":"PG&E","COUNTY":"Shasta County","Status":"Operational"},"geometry":{"type":"Point","coordinates":[-122.264224928726,40.3978800229156]}},{"type":"Feature","properties":{"Name":"Deschutes","Max_Voltag":60,"Owner":"PG&E","COUNTY":"Shasta County","Status":"Operational"},"geometry":{"type":"Point","coordinates":[-122.239804775699,40.5553528305256]}},{"type":"Feature","properties":{"Name":"French Gulch","Max_Voltag":60,"Owner":"PG&E","COUNTY":"Shasta County","Status":"Operational"},"geometry":{"type":"Point","coordinates":[-122.64113796346,40.6868994529661]}},{"type":"Feature","properties":{"Name":"Girvan","Max_Voltag":0,"Owner":"PG&E","COUNTY":"Shasta County","Status":"Operational"},"geometry":{"type":"Point","coordinates":[-122.378774476241,40.5133273706783]}},{"type":"Feature","properties":{"Name":"Jessup","Max_Voltag":115,"Owner":"PG&E","COUNTY":"Shasta County","Status":"Operational"},"geometry":{"type":"Point","coordinates":[-122.327758721861,40.4617928212607]}},{"type":"Feature","properties":{"Name":"Mc Arthur","Max_Voltag":69,"Owner":"PG&E","COUNTY":"Shasta County","Status":"Operational"},"geometry":{"type":"Point","coordinates":[-121.408260957628,41.0512390023542]}},{"type":"Feature","properties":{"Name":"Oregon Trail","Max_Voltag":115,"Owner":"PG&E","COUNTY":"Shasta County","Status":"Operational"},"geometry":{"type":"Point","coordinates":[-122.322060242687,40.6190455880289]}},{"type":"Feature","properties":{"Name":"Panorama","Max_Voltag":115,"Owner":"PG&E","COUNTY":"Shasta County","Status":"Operational"},"geometry":{"type":"Point","coordinates":[-122.267922974747,40.4343679017244]}},{"type":"Feature","properties":{"Name":"Rising River","Max_Voltag":60,"Owner":"PG&E","COUNTY":"Shasta County","Status":"Operational"},"geometry":{"type":"Point","coordinates":[-121.544386785118,40.929006112052]}},{"type":"Feature","properties":{"Name":"Round Mt.","Max_Voltag":500,"Owner":"PG&E","COUNTY":"Shasta County","Status":"Operational"},"geometry":{"type":"Point","coordinates":[-121.935815805225,40.8074789642185]}},{"type":"Feature","properties":{"Name":"Stillwater","Max_Voltag":60,"Owner":"PG&E","COUNTY":"Shasta County","Status":"Operational"},"geometry":{"type":"Point","coordinates":[-122.349775180817,40.6777634916107]}},{"type":"Feature","properties":{"Name":"Whitmore","Max_Voltag":60,"Owner":"PG&E","COUNTY":"Shasta County","Status":"Operational"},"geometry":{"type":"Point","coordinates":[-121.915818069122,40.6290338569611]}},{"type":"Feature","properties":{"Name":"Castella","Max_Voltag":0,"Owner":"PCORP","COUNTY":"Shasta County","Status":"Operational"},"geometry":{"type":"Point","coordinates":[-122.319640083395,41.1461110236349]}},{"type":"Feature","properties":{"Name":"Crag View","Max_Voltag":115,"Owner":"PCORP","COUNTY":"Siskiyou County","Status":"Operational"},"geometry":{"type":"Point","coordinates":[-122.285943709352,41.1848443072019]}},{"type":"Feature","properties":{"Name":"Dog Creek","Max_Voltag":115,"Owner":"PCORP","COUNTY":"Shasta County","Status":"Operational"},"geometry":{"type":"Point","coordinates":[-122.431007958074,40.9401330123383]}},{"type":"Feature","properties":{"Name":"Nutglade","Max_Voltag":0,"Owner":"PCORP","COUNTY":"Shasta County","Status":"Operational"},"geometry":{"type":"Point","coordinates":[-122.290735211687,41.1782380130343]}},{"type":"Feature","properties":{"Name":"Shotgun Creek","Max_Voltag":0,"Owner":"PCORP","COUNTY":"Shasta County","Status":"Operational"},"geometry":{"type":"Point","coordinates":[-122.381856601371,41.0539508248255]}},{"type":"Feature","properties":{"Name":"Slate Creek","Max_Voltag":0,"Owner":"Other","COUNTY":"Shasta County","Status":"Operational"},"geometry":{"type":"Point","coordinates":[-122.456380123181,40.9771551702293]}},{"type":"Feature","properties":{"Name":"California","Max_Voltag":0,"Owner":"Other","COUNTY":"Sierra County","Status":"Operational"},"geometry":{"type":"Point","coordinates":[-120.008679942751,39.5212311071934]}},{"type":"Feature","properties":{"Name":"Sierraville","Max_Voltag":60,"Owner":"Other","COUNTY":"Sierra County","Status":"Operational"},"geometry":{"type":"Point","coordinates":[-120.381140275659,39.5935092425612]}},{"type":"Feature","properties":{"Name":"Loyalton","Max_Voltag":60,"Owner":"Other","COUNTY":"Sierra County","Status":"Operational"},"geometry":{"type":"Point","coordinates":[-120.242985010212,39.6680665667693]}},{"type":"Feature","properties":{"Name":"Sierra Brooks","Max_Voltag":60,"Owner":"Other","COUNTY":"Sierra County","Status":"Operational"},"geometry":{"type":"Point","coordinates":[-120.217917990231,39.6461376198237]}},{"type":"Feature","properties":{"Name":"Stampede Dam","Max_Voltag":60,"Owner":"Other","COUNTY":"Sierra County","Status":"Operational"},"geometry":{"type":"Point","coordinates":[-120.10470215974,39.4703979259633]}},{"type":"Feature","properties":{"Name":"Alleghany","Max_Voltag":60,"Owner":"PG&E","COUNTY":"Sierra County","Status":"Operational"},"geometry":{"type":"Point","coordinates":[-120.844800939503,39.4654815555524]}},{"type":"Feature","properties":{"Name":"Pike City","Max_Voltag":60,"Owner":"PG&E","COUNTY":"Sierra County","Status":"Operational"},"geometry":{"type":"Point","coordinates":[-120.996098747102,39.4381061050606]}},{"type":"Feature","properties":{"Name":"International Paper","Max_Voltag":69,"Owner":"PCORP","COUNTY":"Siskiyou County","Status":"Operational"},"geometry":{"type":"Point","coordinates":[-122.383221397409,41.4320568986941]}},{"type":"Feature","properties":{"Name":"Lake Siskiyou","Max_Voltag":69,"Owner":"Other","COUNTY":"Siskiyou County","Status":"Operational"},"geometry":{"type":"Point","coordinates":[-122.328389082272,41.2804026684422]}},{"type":"Feature","properties":{"Name":"Ager","Max_Voltag":115,"Owner":"PCORP","COUNTY":"Siskiyou County","Status":"Operational"},"geometry":{"type":"Point","coordinates":[-122.464122553494,41.8675152019146]}},{"type":"Feature","properties":{"Name":"Big Springs","Max_Voltag":69,"Owner":"PCORP","COUNTY":"Siskiyou County","Status":"Operational"},"geometry":{"type":"Point","coordinates":[-122.399306321866,41.6167620157764]}},{"type":"Feature","properties":{"Name":"Dorris","Max_Voltag":69,"Owner":"PCORP","COUNTY":"Siskiyou County","Status":"Operational"},"geometry":{"type":"Point","coordinates":[-121.913576187684,41.9668412171537]}},{"type":"Feature","properties":{"Name":"Fort Jones","Max_Voltag":69,"Owner":"PCORP","COUNTY":"Siskiyou County","Status":"Operational"},"geometry":{"type":"Point","coordinates":[-122.850150307428,41.6054194284989]}},{"type":"Feature","properties":{"Name":"Greenhorn","Max_Voltag":69,"Owner":"PCORP","COUNTY":"Siskiyou County","Status":"Operational"},"geometry":{"type":"Point","coordinates":[-122.64900469366,41.7113037446108]}},{"type":"Feature","properties":{"Name":"Hamburg","Max_Voltag":69,"Owner":"PCORP","COUNTY":"Siskiyou County","Status":"Operational"},"geometry":{"type":"Point","coordinates":[-123.071221962757,41.7802161770755]}},{"type":"Feature","properties":{"Name":"Happy Camp","Max_Voltag":69,"Owner":"PCORP","COUNTY":"Siskiyou County","Status":"Operational"},"geometry":{"type":"Point","coordinates":[-123.372550968674,41.8035417493967]}},{"type":"Feature","properties":{"Name":"Hart","Max_Voltag":115,"Owner":"PCORP","COUNTY":"Siskiyou County","Status":"Operational"},"geometry":{"type":"Point","coordinates":[-122.360171178784,41.7116251717662]}},{"type":"Feature","properties":{"Name":"Hornbrook","Max_Voltag":0,"Owner":"PCORP","COUNTY":"Siskiyou County","Status":"Operational"},"geometry":{"type":"Point","coordinates":[-122.539962450352,41.8979907433846]}},{"type":"Feature","properties":{"Name":"Little Shasta","Max_Voltag":69,"Owner":"PCORP","COUNTY":"Siskiyou County","Status":"Operational"},"geometry":{"type":"Point","coordinates":[-122.36965989089,41.7017411312383]}},{"type":"Feature","properties":{"Name":"Macdoel","Max_Voltag":69,"Owner":"PCORP","COUNTY":"Siskiyou County","Status":"Operational"},"geometry":{"type":"Point","coordinates":[-122.004737292786,41.8317766366748]}},{"type":"Feature","properties":{"Name":"Mccloud","Max_Voltag":69,"Owner":"PCORP","COUNTY":"Siskiyou County","Status":"Operational"},"geometry":{"type":"Point","coordinates":[-122.125997020115,41.2663287045989]}},{"type":"Feature","properties":{"Name":"Montague","Max_Voltag":0,"Owner":"PCORP","COUNTY":"Siskiyou County","Status":"Operational"},"geometry":{"type":"Point","coordinates":[-122.536421611302,41.7270411097534]}},{"type":"Feature","properties":{"Name":"Mott","Max_Voltag":69,"Owner":"PCORP","COUNTY":"Siskiyou County","Status":"Operational"},"geometry":{"type":"Point","coordinates":[-122.270429551969,41.2627128804707]}},{"type":"Feature","properties":{"Name":"Mt. Shasta","Max_Voltag":69,"Owner":"PCORP","COUNTY":"Siskiyou County","Status":"Operational"},"geometry":{"type":"Point","coordinates":[-122.321829301098,41.3046531445365]}},{"type":"Feature","properties":{"Name":"North Dunsmuir","Max_Voltag":69,"Owner":"PCORP","COUNTY":"Siskiyou County","Status":"Operational"},"geometry":{"type":"Point","coordinates":[-122.276349870103,41.2206696383086]}},{"type":"Feature","properties":{"Name":"Picard","Max_Voltag":69,"Owner":"PCORP","COUNTY":"Siskiyou County","Status":"Operational"},"geometry":{"type":"Point","coordinates":[-121.995793155574,41.9664128706905]}},{"type":"Feature","properties":{"Name":"Scott Bar","Max_Voltag":69,"Owner":"PCORP","COUNTY":"Siskiyou County","Status":"Operational"},"geometry":{"type":"Point","coordinates":[-122.999537138804,41.7422946842305]}},{"type":"Feature","properties":{"Name":"Seiad","Max_Voltag":69,"Owner":"PCORP","COUNTY":"Siskiyou County","Status":"Operational"},"geometry":{"type":"Point","coordinates":[-123.191961596079,41.8405330958748]}},{"type":"Feature","properties":{"Name":"Shastina","Max_Voltag":0,"Owner":"PCORP","COUNTY":"Siskiyou County","Status":"Operational"},"geometry":{"type":"Point","coordinates":[-122.364193050397,41.5486489552778]}},{"type":"Feature","properties":{"Name":"Snow Brush","Max_Voltag":69,"Owner":"PCORP","COUNTY":"Siskiyou County","Status":"Operational"},"geometry":{"type":"Point","coordinates":[-122.238936394077,41.2679927855861]}},{"type":"Feature","properties":{"Name":"Tunnel","Max_Voltag":69,"Owner":"PCORP","COUNTY":"Siskiyou County","Status":"Operational"},"geometry":{"type":"Point","coordinates":[-121.566374983074,41.9252799806794]}},{"type":"Feature","properties":{"Name":"Walker Bryan","Max_Voltag":0,"Owner":"PCORP","COUNTY":"Siskiyou County","Status":"Operational"},"geometry":{"type":"Point","coordinates":[-122.905648983859,41.4931236700231]}},{"type":"Feature","properties":{"Name":"Weed","Max_Voltag":115,"Owner":"PCORP","COUNTY":"Siskiyou County","Status":"Operational"},"geometry":{"type":"Point","coordinates":[-122.389740318712,41.4314117651008]}},{"type":"Feature","properties":{"Name":"Weed Junction","Max_Voltag":115,"Owner":"PCORP","COUNTY":"Siskiyou County","Status":"Operational"},"geometry":{"type":"Point","coordinates":[-122.362180729837,41.4517455938108]}},{"type":"Feature","properties":{"Name":"Yreka","Max_Voltag":115,"Owner":"PCORP","COUNTY":"Siskiyou County","Status":"Operational"},"geometry":{"type":"Point","coordinates":[-122.630772344719,41.7285781453199]}},{"type":"Feature","properties":{"Name":"Yuba","Max_Voltag":0,"Owner":"PCORP","COUNTY":"Siskiyou County","Status":"Operational"},"geometry":{"type":"Point","coordinates":[-122.832938385362,41.3729059586193]}},{"type":"Feature","properties":{"Name":"Rclm. Dist. 2047","Max_Voltag":60,"Owner":"Other","COUNTY":"Yolo County","Status":"Operational"},"geometry":{"type":"Point","coordinates":[-121.785924234745,38.8565123960155]}},{"type":"Feature","properties":{"Name":"Amerigas","Max_Voltag":230,"Owner":"PG&E","COUNTY":"Solano County","Status":"Operational"},"geometry":{"type":"Point","coordinates":[-121.922635384711,38.4032993459974]}},{"type":"Feature","properties":{"Name":"GWF 5","Max_Voltag":60,"Owner":"Other","COUNTY":"Contra Costa County","Status":"Operational"},"geometry":{"type":"Point","coordinates":[-121.987619727062,38.0437571578286]}},{"type":"Feature","properties":{"Name":"Shell Chemical","Max_Voltag":0,"Owner":"PG&E","COUNTY":"Contra Costa County","Status":"Operational"},"geometry":{"type":"Point","coordinates":[-121.946021993664,38.0308339928018]}},{"type":"Feature","properties":{"Name":"Stauffer","Max_Voltag":0,"Owner":"PG&E","COUNTY":"Contra Costa County","Status":"Operational"},"geometry":{"type":"Point","coordinates":[-122.119992489414,38.0322904360276]}},{"type":"Feature","properties":{"Name":"Mare Island Station H","Max_Voltag":115,"Owner":"Other","COUNTY":"Solano County","Status":"Operational"},"geometry":{"type":"Point","coordinates":[-122.257274378606,38.0854939829457]}},{"type":"Feature","properties":{"Name":"North Mare Island","Max_Voltag":0,"Owner":"Other","COUNTY":"Solano County","Status":"Low kV"},"geometry":{"type":"Point","coordinates":[-122.289624072935,38.1145308962276]}},{"type":"Feature","properties":{"Name":"Travis Air Force Base","Max_Voltag":60,"Owner":"Other","COUNTY":"Solano County","Status":"Operational"},"geometry":{"type":"Point","coordinates":[-121.933398527728,38.2715199592141]}},{"type":"Feature","properties":{"Name":"Cmf Vacaville","Max_Voltag":0,"Owner":"Other","COUNTY":"Solano County","Status":"Low kV"},"geometry":{"type":"Point","coordinates":[-121.971573753555,38.3209736564514]}},{"type":"Feature","properties":{"Name":"Bahia","Max_Voltag":230,"Owner":"PG&E","COUNTY":"Solano County","Status":"Operational"},"geometry":{"type":"Point","coordinates":[-122.137389077255,38.0808707633938]}},{"type":"Feature","properties":{"Name":"Batavia","Max_Voltag":60,"Owner":"PG&E","COUNTY":"Solano County","Status":"Operational"},"geometry":{"type":"Point","coordinates":[-121.775855300796,38.3870864021813]}},{"type":"Feature","properties":{"Name":"Cache Slough","Max_Voltag":60,"Owner":"PG&E","COUNTY":"Solano County","Status":"Operational"},"geometry":{"type":"Point","coordinates":[-121.748161384142,38.2963927158764]}},{"type":"Feature","properties":{"Name":"Carquinez","Max_Voltag":115,"Owner":"PG&E","COUNTY":"Solano County","Status":"Operational"},"geometry":{"type":"Point","coordinates":[-122.248651353176,38.0908725105045]}},{"type":"Feature","properties":{"Name":"Cordelia","Max_Voltag":115,"Owner":"PG&E","COUNTY":"Solano County","Status":"Operational"},"geometry":{"type":"Point","coordinates":[-122.112401158427,38.2159399398705]}},{"type":"Feature","properties":{"Name":"Dixon","Max_Voltag":0,"Owner":"PG&E","COUNTY":"Solano County","Status":"Operational"},"geometry":{"type":"Point","coordinates":[-121.82601980263,38.4452503633849]}},{"type":"Feature","properties":{"Name":"Hale","Max_Voltag":115,"Owner":"Other","COUNTY":"Solano County","Status":"Operational"},"geometry":{"type":"Point","coordinates":[-122.096665109982,38.2362332287439]}},{"type":"Feature","properties":{"Name":"Maine Prairie","Max_Voltag":60,"Owner":"PG&E","COUNTY":"Solano County","Status":"Operational"},"geometry":{"type":"Point","coordinates":[-121.7586907972,38.3847599031114]}},{"type":"Feature","properties":{"Name":"North Tower","Max_Voltag":115,"Owner":"PG&E","COUNTY":"Solano County","Status":"Operational"},"geometry":{"type":"Point","coordinates":[-122.196329345067,38.0658209677739]}},{"type":"Feature","properties":{"Name":"Peabody","Max_Voltag":230,"Owner":"PG&E","COUNTY":"Solano County","Status":"Operational"},"geometry":{"type":"Point","coordinates":[-121.970706101365,38.2854641121659]}},{"type":"Feature","properties":{"Name":"Suisun","Max_Voltag":0,"Owner":"PG&E","COUNTY":"Solano County","Status":"Operational"},"geometry":{"type":"Point","coordinates":[-122.041255997381,38.2451320119969]}},{"type":"Feature","properties":{"Name":"Vaca-Dixon & Gc Yard","Max_Voltag":0,"Owner":"PG&E","COUNTY":"Solano County","Status":"Operational"},"geometry":{"type":"Point","coordinates":[-121.920785811033,38.4011676404524]}},{"type":"Feature","properties":{"Name":"Vacaville","Max_Voltag":115,"Owner":"PG&E","COUNTY":"Solano County","Status":"Operational"},"geometry":{"type":"Point","coordinates":[-121.980501019508,38.3565241318315]}},{"type":"Feature","properties":{"Name":"Winters","Max_Voltag":60,"Owner":"PG&E","COUNTY":"Solano County","Status":"Operational"},"geometry":{"type":"Point","coordinates":[-121.951151816806,38.5176005667931]}},{"type":"Feature","properties":{"Name":"City of Healdsburg","Max_Voltag":60,"Owner":"Other","COUNTY":"Sonoma County","Status":"Operational"},"geometry":{"type":"Point","coordinates":[-122.856258505509,38.6098176127983]}},{"type":"Feature","properties":{"Name":"Annapolis","Max_Voltag":60,"Owner":"PG&E","COUNTY":"Sonoma County","Status":"Operational"},"geometry":{"type":"Point","coordinates":[-123.311886279572,38.6803029148332]}},{"type":"Feature","properties":{"Name":"Bellevue","Max_Voltag":115,"Owner":"PG&E","COUNTY":"Sonoma County","Status":"Operational"},"geometry":{"type":"Point","coordinates":[-122.712539612384,38.3789735502058]}},{"type":"Feature","properties":{"Name":"Cloverdale","Max_Voltag":115,"Owner":"PG&E","COUNTY":"Sonoma County","Status":"Operational"},"geometry":{"type":"Point","coordinates":[-123.010286836736,38.7971515702283]}},{"type":"Feature","properties":{"Name":"Cotati","Max_Voltag":60,"Owner":"PG&E","COUNTY":"Sonoma County","Status":"Operational"},"geometry":{"type":"Point","coordinates":[-122.731647994796,38.3095590026722]}},{"type":"Feature","properties":{"Name":"Dunbar","Max_Voltag":60,"Owner":"PG&E","COUNTY":"Sonoma County","Status":"Operational"},"geometry":{"type":"Point","coordinates":[-122.527909004091,38.3833950073699]}},{"type":"Feature","properties":{"Name":"Fort Ross","Max_Voltag":60,"Owner":"PG&E","COUNTY":"Sonoma County","Status":"Operational"},"geometry":{"type":"Point","coordinates":[-123.223702014354,38.5395930022465]}},{"type":"Feature","properties":{"Name":"Fulton","Max_Voltag":230,"Owner":"PG&E","COUNTY":"Sonoma County","Status":"Operational"},"geometry":{"type":"Point","coordinates":[-122.760668946805,38.4978184238202]}},{"type":"Feature","properties":{"Name":"Geyserville","Max_Voltag":60,"Owner":"PG&E","COUNTY":"Sonoma County","Status":"Operational"},"geometry":{"type":"Point","coordinates":[-122.907979646694,38.7098133923583]}},{"type":"Feature","properties":{"Name":"Lakeville","Max_Voltag":230,"Owner":"PG&E","COUNTY":"Sonoma County","Status":"Operational"},"geometry":{"type":"Point","coordinates":[-122.581645402429,38.250955666788]}},{"type":"Feature","properties":{"Name":"Mirabel","Max_Voltag":60,"Owner":"PG&E","COUNTY":"Sonoma County","Status":"Operational"},"geometry":{"type":"Point","coordinates":[-122.894182720486,38.489507333324]}},{"type":"Feature","properties":{"Name":"Molino","Max_Voltag":60,"Owner":"PG&E","COUNTY":"Sonoma County","Status":"Operational"},"geometry":{"type":"Point","coordinates":[-122.832325997544,38.4252880064123]}},{"type":"Feature","properties":{"Name":"Monroe","Max_Voltag":115,"Owner":"PG&E","COUNTY":"Sonoma County","Status":"Operational"},"geometry":{"type":"Point","coordinates":[-122.74421648743,38.4532238853991]}},{"type":"Feature","properties":{"Name":"Monte Rio","Max_Voltag":60,"Owner":"PG&E","COUNTY":"Sonoma County","Status":"Operational"},"geometry":{"type":"Point","coordinates":[-123.01223630487,38.4714139744671]}},{"type":"Feature","properties":{"Name":"Penngrove","Max_Voltag":115,"Owner":"PG&E","COUNTY":"Sonoma County","Status":"Operational"},"geometry":{"type":"Point","coordinates":[-122.681131482729,38.3155085572536]}},{"type":"Feature","properties":{"Name":"Petaluma Station C","Max_Voltag":60,"Owner":"PG&E","COUNTY":"Sonoma County","Status":"Operational"},"geometry":{"type":"Point","coordinates":[-122.636712353924,38.2390889475163]}},{"type":"Feature","properties":{"Name":"Petaluma Station A","Max_Voltag":60,"Owner":"PG&E","COUNTY":"Sonoma County","Status":"Operational"},"geometry":{"type":"Point","coordinates":[-122.636224002786,38.2341700020494]}},{"type":"Feature","properties":{"Name":"Rincon","Max_Voltag":115,"Owner":"PG&E","COUNTY":"Sonoma County","Status":"Operational"},"geometry":{"type":"Point","coordinates":[-122.66607232563,38.4900676803583]}},{"type":"Feature","properties":{"Name":"Salmon Creek","Max_Voltag":60,"Owner":"PG&E","COUNTY":"Sonoma County","Status":"Operational"},"geometry":{"type":"Point","coordinates":[-123.044757980762,38.3434460095349]}},{"type":"Feature","properties":{"Name":"Santa Rosa A","Max_Voltag":115,"Owner":"PG&E","COUNTY":"Sonoma County","Status":"Operational"},"geometry":{"type":"Point","coordinates":[-122.713432857577,38.4367755068888]}},{"type":"Feature","properties":{"Name":"Skaggs Island","Max_Voltag":115,"Owner":"PG&E","COUNTY":"Sonoma County","Status":"Operational"},"geometry":{"type":"Point","coordinates":[-122.381018545076,38.1613610949342]}},{"type":"Feature","properties":{"Name":"Sonoma","Max_Voltag":115,"Owner":"PG&E","COUNTY":"Sonoma County","Status":"Operational"},"geometry":{"type":"Point","coordinates":[-122.46209129016,38.2765392650884]}},{"type":"Feature","properties":{"Name":"Wohler","Max_Voltag":60,"Owner":"PG&E","COUNTY":"Sonoma County","Status":"Operational"},"geometry":{"type":"Point","coordinates":[-122.881079299965,38.5105392988805]}},{"type":"Feature","properties":{"Name":"Stony Point","Max_Voltag":0,"Owner":"Other","COUNTY":"Sonoma County","Status":"Operational"},"geometry":{"type":"Point","coordinates":[-122.764115632532,38.3700159561216]}},{"type":"Feature","properties":{"Name":"Texaco Trading","Max_Voltag":115,"Owner":"Other","COUNTY":"Stanislaus County","Status":"Operational"},"geometry":{"type":"Point","coordinates":[-121.259328673786,37.5323140208654]}},{"type":"Feature","properties":{"Name":"Bonds Flat","Max_Voltag":69,"Owner":"Other","COUNTY":"Tuolumne County","Status":"Operational"},"geometry":{"type":"Point","coordinates":[-120.434100341843,37.7045339878024]}},{"type":"Feature","properties":{"Name":"Briggsmore","Max_Voltag":60,"Owner":"Other","COUNTY":"Stanislaus County","Status":"Operational"},"geometry":{"type":"Point","coordinates":[-120.976885999318,37.6668399941188]}},{"type":"Feature","properties":{"Name":"Claus","Max_Voltag":110,"Owner":"Other","COUNTY":"Stanislaus County","Status":"Operational"},"geometry":{"type":"Point","coordinates":[-120.919710506018,37.6393884426694]}},{"type":"Feature","properties":{"Name":"Enslen","Max_Voltag":60,"Owner":"Other","COUNTY":"Stanislaus County","Status":"Operational"},"geometry":{"type":"Point","coordinates":[-121.001287024517,37.6521070145954]}},{"type":"Feature","properties":{"Name":"Finney","Max_Voltag":60,"Owner":"Other","COUNTY":"Stanislaus County","Status":"Operational"},"geometry":{"type":"Point","coordinates":[-121.085836023376,37.6824260081507]}},{"type":"Feature","properties":{"Name":"Ladd","Max_Voltag":60,"Owner":"Other","COUNTY":"Stanislaus County","Status":"Operational"},"geometry":{"type":"Point","coordinates":[-121.013992995322,37.7325160030847]}},{"type":"Feature","properties":{"Name":"Lapham","Max_Voltag":0,"Owner":"Other","COUNTY":"Stanislaus County","Status":"Operational"},"geometry":{"type":"Point","coordinates":[-120.954066023392,37.637518008918]}},{"type":"Feature","properties":{"Name":"Lincoln","Max_Voltag":60,"Owner":"Other","COUNTY":"Stanislaus County","Status":"Operational"},"geometry":{"type":"Point","coordinates":[-120.939660711361,37.6488595331198]}},{"type":"Feature","properties":{"Name":"Mariposa","Max_Voltag":70,"Owner":"PG&E","COUNTY":"Mariposa County","Status":"Operational"},"geometry":{"type":"Point","coordinates":[-120.007783242638,37.5044446274901]}},{"type":"Feature","properties":{"Name":"Oakdale","Max_Voltag":110,"Owner":"Other","COUNTY":"Stanislaus County","Status":"Operational"},"geometry":{"type":"Point","coordinates":[-120.95819001369,37.6675120178404]}},{"type":"Feature","properties":{"Name":"Paradise","Max_Voltag":60,"Owner":"Other","COUNTY":"Stanislaus County","Status":"Operational"},"geometry":{"type":"Point","coordinates":[-121.020254020188,37.6216930165929]}},{"type":"Feature","properties":{"Name":"Parker","Max_Voltag":230,"Owner":"Other","COUNTY":"Stanislaus County","Status":"Operational"},"geometry":{"type":"Point","coordinates":[-120.917076738132,37.6679156752815]}},{"type":"Feature","properties":{"Name":"Poust","Max_Voltag":60,"Owner":"Other","COUNTY":"Stanislaus County","Status":"Operational"},"geometry":{"type":"Point","coordinates":[-121.044460998506,37.6646470087408]}},{"type":"Feature","properties":{"Name":"Prescott","Max_Voltag":60,"Owner":"Other","COUNTY":"Stanislaus County","Status":"Operational"},"geometry":{"type":"Point","coordinates":[-121.027432015653,37.6717159853508]}},{"type":"Feature","properties":{"Name":"Reinway","Max_Voltag":110,"Owner":"Other","COUNTY":"Stanislaus County","Status":"Operational"},"geometry":{"type":"Point","coordinates":[-120.77344514688,37.6468948667862]}},{"type":"Feature","properties":{"Name":"Roselle","Max_Voltag":60,"Owner":"Other","COUNTY":"Stanislaus County","Status":"Operational"},"geometry":{"type":"Point","coordinates":[-120.940093990382,37.6801240157039]}},{"type":"Feature","properties":{"Name":"Santa Cruz","Max_Voltag":110,"Owner":"Other","COUNTY":"Stanislaus County","Status":"Operational"},"geometry":{"type":"Point","coordinates":[-120.975151789086,37.6276495374979]}},{"type":"Feature","properties":{"Name":"Santa Rosa","Max_Voltag":60,"Owner":"Other","COUNTY":"Stanislaus County","Status":"Operational"},"geometry":{"type":"Point","coordinates":[-120.979526014987,37.6349230183077]}},{"type":"Feature","properties":{"Name":"Sisk","Max_Voltag":60,"Owner":"Other","COUNTY":"Stanislaus County","Status":"Operational"},"geometry":{"type":"Point","coordinates":[-121.051987980475,37.6847420138009]}},{"type":"Feature","properties":{"Name":"Standiford","Max_Voltag":115,"Owner":"Other","COUNTY":"Stanislaus County","Status":"Operational"},"geometry":{"type":"Point","coordinates":[-121.021104236977,37.6903968575729]}},{"type":"Feature","properties":{"Name":"Stoddard","Max_Voltag":60,"Owner":"Other","COUNTY":"Stanislaus County","Status":"Operational"},"geometry":{"type":"Point","coordinates":[-121.068657006598,37.7040630089348]}},{"type":"Feature","properties":{"Name":"Sylvan","Max_Voltag":60,"Owner":"Other","COUNTY":"Stanislaus County","Status":"Operational"},"geometry":{"type":"Point","coordinates":[-120.976619021812,37.6884159863134]}},{"type":"Feature","properties":{"Name":"Woodrow","Max_Voltag":60,"Owner":"Other","COUNTY":"Stanislaus County","Status":"Operational"},"geometry":{"type":"Point","coordinates":[-121.003818999807,37.6858730167637]}},{"type":"Feature","properties":{"Name":"Westley","Max_Voltag":230,"Owner":"Other","COUNTY":"Stanislaus County","Status":"Operational"},"geometry":{"type":"Point","coordinates":[-121.231136327794,37.5169430284116]}},{"type":"Feature","properties":{"Name":"Warnerville","Max_Voltag":230,"Owner":"Other","COUNTY":"Stanislaus County","Status":"Operational"},"geometry":{"type":"Point","coordinates":[-120.802460810507,37.7419796703203]}},{"type":"Feature","properties":{"Name":"Ceres","Max_Voltag":69,"Owner":"Other","COUNTY":"Stanislaus County","Status":"Operational"},"geometry":{"type":"Point","coordinates":[-120.956185984581,37.6089054574279]}},{"type":"Feature","properties":{"Name":"College","Max_Voltag":69,"Owner":"Other","COUNTY":"Stanislaus County","Status":"Operational"},"geometry":{"type":"Point","coordinates":[-120.867563358572,37.516580095651]}},{"type":"Feature","properties":{"Name":"Cortez","Max_Voltag":115,"Owner":"Other","COUNTY":"Merced County","Status":"Operational"},"geometry":{"type":"Point","coordinates":[-120.740225010193,37.462663780532]}},{"type":"Feature","properties":{"Name":"Fairground","Max_Voltag":69,"Owner":"Other","COUNTY":"Stanislaus County","Status":"Operational"},"geometry":{"type":"Point","coordinates":[-120.866872008841,37.5007150008031]}},{"type":"Feature","properties":{"Name":"Geer","Max_Voltag":69,"Owner":"Other","COUNTY":"Stanislaus County","Status":"Operational"},"geometry":{"type":"Point","coordinates":[-120.843538418457,37.5226336206573]}},{"type":"Feature","properties":{"Name":"Gilstrap","Max_Voltag":69,"Owner":"Other","COUNTY":"Stanislaus County","Status":"Operational"},"geometry":{"type":"Point","coordinates":[-120.975787040824,37.5799458657734]}},{"type":"Feature","properties":{"Name":"Hawkins","Max_Voltag":0,"Owner":"Other","COUNTY":"Stanislaus County","Status":"Operational"},"geometry":{"type":"Point","coordinates":[-120.645375113515,37.5798668656488]}},{"type":"Feature","properties":{"Name":"Hilmar","Max_Voltag":115,"Owner":"Other","COUNTY":"Merced County","Status":"Operational"},"geometry":{"type":"Point","coordinates":[-120.848808008677,37.4189480121982]}},{"type":"Feature","properties":{"Name":"Hughson","Max_Voltag":0,"Owner":"Other","COUNTY":"Stanislaus County","Status":"Operational"},"geometry":{"type":"Point","coordinates":[-120.84696891744,37.5950687319108]}},{"type":"Feature","properties":{"Name":"Industrial","Max_Voltag":69,"Owner":"Other","COUNTY":"Stanislaus County","Status":"Operational"},"geometry":{"type":"Point","coordinates":[-120.866804567821,37.4786017475575]}},{"type":"Feature","properties":{"Name":"Montpellier","Max_Voltag":69,"Owner":"Other","COUNTY":"Stanislaus County","Status":"Operational"},"geometry":{"type":"Point","coordinates":[-120.771294426478,37.5514611110515]}},{"type":"Feature","properties":{"Name":"Roeding","Max_Voltag":69,"Owner":"Other","COUNTY":"Stanislaus County","Status":"Operational"},"geometry":{"type":"Point","coordinates":[-120.935646010101,37.5870420185429]}},{"type":"Feature","properties":{"Name":"Tuolumne","Max_Voltag":115,"Owner":"Other","COUNTY":"Stanislaus County","Status":"Operational"},"geometry":{"type":"Point","coordinates":[-120.846724758041,37.6098316164453]}},{"type":"Feature","properties":{"Name":"Westport","Max_Voltag":69,"Owner":"Other","COUNTY":"Stanislaus County","Status":"Operational"},"geometry":{"type":"Point","coordinates":[-120.993971725155,37.5224848613064]}},{"type":"Feature","properties":{"Name":"Modesto Energy","Max_Voltag":115,"Owner":"Other","COUNTY":"Stanislaus County","Status":"Operational"},"geometry":{"type":"Point","coordinates":[-121.308370349786,37.5539905511185]}},{"type":"Feature","properties":{"Name":"Patterson","Max_Voltag":0,"Owner":"Other","COUNTY":"Stanislaus County","Status":"Operational"},"geometry":{"type":"Point","coordinates":[-121.126448549249,37.4717261107384]}},{"type":"Feature","properties":{"Name":"Riverbank","Max_Voltag":115,"Owner":"PG&E","COUNTY":"Stanislaus County","Status":"Operational"},"geometry":{"type":"Point","coordinates":[-120.907844779805,37.7692030726367]}},{"type":"Feature","properties":{"Name":"Salado","Max_Voltag":115,"Owner":"PG&E","COUNTY":"Stanislaus County","Status":"Operational"},"geometry":{"type":"Point","coordinates":[-121.147482006942,37.421947987564]}},{"type":"Feature","properties":{"Name":"Cottle","Max_Voltag":230,"Owner":"PG&E","COUNTY":"Stanislaus County","Status":"Operational"},"geometry":{"type":"Point","coordinates":[-120.826458777808,37.7726567483314]}},{"type":"Feature","properties":{"Name":"Crows Landing","Max_Voltag":60,"Owner":"PG&E","COUNTY":"Stanislaus County","Status":"Operational"},"geometry":{"type":"Point","coordinates":[-121.085902735862,37.3773833284867]}},{"type":"Feature","properties":{"Name":"Hershey","Max_Voltag":115,"Owner":"PG&E","COUNTY":"Stanislaus County","Status":"Operational"},"geometry":{"type":"Point","coordinates":[-120.845294986858,37.7509342618522]}},{"type":"Feature","properties":{"Name":"Miller","Max_Voltag":0,"Owner":"Other","COUNTY":"Stanislaus County","Status":"Operational"},"geometry":{"type":"Point","coordinates":[-121.118219465613,37.2531889853282]}},{"type":"Feature","properties":{"Name":"Newman","Max_Voltag":60,"Owner":"PG&E","COUNTY":"Stanislaus County","Status":"Operational"},"geometry":{"type":"Point","coordinates":[-121.015013928846,37.3155861123186]}},{"type":"Feature","properties":{"Name":"Stanislaus Resource Recovery Facility","Max_Voltag":0,"Owner":"Other","COUNTY":"Stanislaus County","Status":"Operational"},"geometry":{"type":"Point","coordinates":[-121.140713899267,37.385969443716]}},{"type":"Feature","properties":{"Name":"Rclm. Dist. 1500","Max_Voltag":60,"Owner":"Other","COUNTY":"Sutter County","Status":"Operational"},"geometry":{"type":"Point","coordinates":[-121.655159353445,38.7848097795357]}},{"type":"Feature","properties":{"Name":"Rclm. Dist. 1001","Max_Voltag":0,"Owner":"Other","COUNTY":"Sutter County","Status":"Operational"},"geometry":{"type":"Point","coordinates":[-121.597635173677,38.7901856201106]}},{"type":"Feature","properties":{"Name":"Barry","Max_Voltag":60,"Owner":"PG&E","COUNTY":"Sutter County","Status":"Operational"},"geometry":{"type":"Point","coordinates":[-121.689847816107,39.0692163858527]}},{"type":"Feature","properties":{"Name":"Catlett","Max_Voltag":60,"Owner":"PG&E","COUNTY":"Sutter County","Status":"Operational"},"geometry":{"type":"Point","coordinates":[-121.516414017925,38.8088480070125]}},{"type":"Feature","properties":{"Name":"East Nicolaus","Max_Voltag":115,"Owner":"PG&E","COUNTY":"Sutter County","Status":"Operational"},"geometry":{"type":"Point","coordinates":[-121.542498262286,38.9097025314579]}},{"type":"Feature","properties":{"Name":"Sutter","Max_Voltag":230,"Owner":"Other","COUNTY":"Sutter County","Status":"Operational"},"geometry":{"type":"Point","coordinates":[-121.696246276026,39.0518008535301]}},{"type":"Feature","properties":{"Name":"Harter","Max_Voltag":60,"Owner":"PG&E","COUNTY":"Sutter County","Status":"Operational"},"geometry":{"type":"Point","coordinates":[-121.648015261297,39.143281904473]}},{"type":"Feature","properties":{"Name":"Live Oak","Max_Voltag":60,"Owner":"PG&E","COUNTY":"Sutter County","Status":"Operational"},"geometry":{"type":"Point","coordinates":[-121.660299858453,39.2763900097973]}},{"type":"Feature","properties":{"Name":"Meridian","Max_Voltag":60,"Owner":"Other","COUNTY":"Sutter County","Status":"Operational"},"geometry":{"type":"Point","coordinates":[-121.910531074043,39.1449536415383]}},{"type":"Feature","properties":{"Name":"Pease","Max_Voltag":115,"Owner":"PG&E","COUNTY":"Sutter County","Status":"Operational"},"geometry":{"type":"Point","coordinates":[-121.661309544171,39.1702324847228]}},{"type":"Feature","properties":{"Name":"Rclm. Dist. 108","Max_Voltag":60,"Owner":"Other","COUNTY":"Yolo County","Status":"Operational"},"geometry":{"type":"Point","coordinates":[-121.79316247213,38.8624163579271]}},{"type":"Feature","properties":{"Name":"Rio Oso","Max_Voltag":230,"Owner":"PG&E","COUNTY":"Sutter County","Status":"Operational"},"geometry":{"type":"Point","coordinates":[-121.466842953948,38.9351789535254]}},{"type":"Feature","properties":{"Name":"Tudor","Max_Voltag":60,"Owner":"PG&E","COUNTY":"Sutter County","Status":"Operational"},"geometry":{"type":"Point","coordinates":[-121.635117413941,38.9816790489076]}},{"type":"Feature","properties":{"Name":"Olinda","Max_Voltag":500,"Owner":"Other","COUNTY":"Shasta County","Status":"Operational"},"geometry":{"type":"Point","coordinates":[-122.382218419411,40.3824583816985]}},{"type":"Feature","properties":{"Name":"Corning","Max_Voltag":60,"Owner":"PG&E","COUNTY":"Tehama County","Status":"Operational"},"geometry":{"type":"Point","coordinates":[-122.187589676092,39.9324315140999]}},{"type":"Feature","properties":{"Name":"Dairyville","Max_Voltag":60,"Owner":"PG&E","COUNTY":"Tehama County","Status":"Operational"},"geometry":{"type":"Point","coordinates":[-122.09835630798,40.1280235823169]}},{"type":"Feature","properties":{"Name":"Gerber","Max_Voltag":60,"Owner":"PG&E","COUNTY":"Tehama County","Status":"Operational"},"geometry":{"type":"Point","coordinates":[-122.156057228584,40.0641000781132]}},{"type":"Feature","properties":{"Name":"Los Molinos","Max_Voltag":60,"Owner":"PG&E","COUNTY":"Tehama County","Status":"Operational"},"geometry":{"type":"Point","coordinates":[-122.096117770971,40.0341998795553]}},{"type":"Feature","properties":{"Name":"Rawson Packaging","Max_Voltag":60,"Owner":"PG&E","COUNTY":"Tehama County","Status":"Operational"},"geometry":{"type":"Point","coordinates":[-122.21302309642,40.1499733453956]}},{"type":"Feature","properties":{"Name":"Red Bank","Max_Voltag":60,"Owner":"PG&E","COUNTY":"Tehama County","Status":"Operational"},"geometry":{"type":"Point","coordinates":[-122.199466920504,40.1457412185127]}},{"type":"Feature","properties":{"Name":"Red Bluff","Max_Voltag":60,"Owner":"PG&E","COUNTY":"Tehama County","Status":"Operational"},"geometry":{"type":"Point","coordinates":[-122.244617745972,40.1823866169477]}},{"type":"Feature","properties":{"Name":"Tyler","Max_Voltag":60,"Owner":"PG&E","COUNTY":"Tehama County","Status":"Operational"},"geometry":{"type":"Point","coordinates":[-122.208840880918,40.1384747496715]}},{"type":"Feature","properties":{"Name":"Vina","Max_Voltag":60,"Owner":"PG&E","COUNTY":"Tehama County","Status":"Operational"},"geometry":{"type":"Point","coordinates":[-122.041701501575,39.9416370536314]}},{"type":"Feature","properties":{"Name":"Big Creek","Max_Voltag":60,"Owner":"PG&E","COUNTY":"Trinity County","Status":"Operational"},"geometry":{"type":"Point","coordinates":[-123.497910002394,40.6468317888175]}},{"type":"Feature","properties":{"Name":"Big Bar","Max_Voltag":0,"Owner":"Other","COUNTY":"Trinity County","Status":"Operational"},"geometry":{"type":"Point","coordinates":[-123.209354124433,40.7415683869473]}},{"type":"Feature","properties":{"Name":"Douglas City","Max_Voltag":115,"Owner":"Other","COUNTY":"Trinity County","Status":"Operational"},"geometry":{"type":"Point","coordinates":[-122.946708087412,40.646389872271]}},{"type":"Feature","properties":{"Name":"Forest Glen","Max_Voltag":115,"Owner":"Other","COUNTY":"Trinity County","Status":"Operational"},"geometry":{"type":"Point","coordinates":[-123.338882736154,40.3783344882263]}},{"type":"Feature","properties":{"Name":"Grouse Creek","Max_Voltag":60,"Owner":"Other","COUNTY":"Trinity County","Status":"Operational"},"geometry":{"type":"Point","coordinates":[-123.530175734786,40.7126260371637]}},{"type":"Feature","properties":{"Name":"Hayfork","Max_Voltag":60,"Owner":"Other","COUNTY":"Trinity County","Status":"Operational"},"geometry":{"type":"Point","coordinates":[-123.162879697869,40.5523441360691]}},{"type":"Feature","properties":{"Name":"Hyampom","Max_Voltag":0,"Owner":"Other","COUNTY":"Trinity County","Status":"Operational"},"geometry":{"type":"Point","coordinates":[-123.489337603318,40.6374192496642]}},{"type":"Feature","properties":{"Name":"Lewiston","Max_Voltag":115,"Owner":"Other","COUNTY":"Trinity County","Status":"Operational"},"geometry":{"type":"Point","coordinates":[-122.807948552223,40.711765675635]}},{"type":"Feature","properties":{"Name":"Low Gap","Max_Voltag":115,"Owner":"PG&E","COUNTY":"Trinity County","Status":"Operational"},"geometry":{"type":"Point","coordinates":[-123.472691141977,40.433249127584]}},{"type":"Feature","properties":{"Name":"Trinity","Max_Voltag":115,"Owner":"PG&E","COUNTY":"Trinity County","Status":"Operational"},"geometry":{"type":"Point","coordinates":[-122.93443087351,40.7180300998134]}},{"type":"Feature","properties":{"Name":"Mill Street","Max_Voltag":0,"Owner":"Other","COUNTY":"Trinity County","Status":"Operational"},"geometry":{"type":"Point","coordinates":[-122.938667504459,40.7232283861879]}},{"type":"Feature","properties":{"Name":"Wildwood","Max_Voltag":115,"Owner":"PG&E","COUNTY":"Trinity County","Status":"Operational"},"geometry":{"type":"Point","coordinates":[-123.044104007235,40.3871697414601]}},{"type":"Feature","properties":{"Name":"Alpaugh","Max_Voltag":115,"Owner":"PG&E","COUNTY":"Tulare County","Status":"Operational"},"geometry":{"type":"Point","coordinates":[-119.456836115922,35.963363885947]}},{"type":"Feature","properties":{"Name":"Dinuba","Max_Voltag":60,"Owner":"Other","COUNTY":"Tulare County","Status":"Operational"},"geometry":{"type":"Point","coordinates":[-119.394308337989,36.5202305754676]}},{"type":"Feature","properties":{"Name":"Orosi","Max_Voltag":60,"Owner":"PG&E","COUNTY":"Tulare County","Status":"Operational"},"geometry":{"type":"Point","coordinates":[-119.251419443271,36.5448361242877]}},{"type":"Feature","properties":{"Name":"Stone Corral","Max_Voltag":60,"Owner":"PG&E","COUNTY":"Tulare County","Status":"Operational"},"geometry":{"type":"Point","coordinates":[-119.188010527638,36.4721137709013]}},{"type":"Feature","properties":{"Name":"Bliss","Max_Voltag":66,"Owner":"SCE","COUNTY":"Tulare County","Status":"Operational"},"geometry":{"type":"Point","coordinates":[-119.206594309196,36.166926478528]}},{"type":"Feature","properties":{"Name":"Boxwood","Max_Voltag":66,"Owner":"SCE","COUNTY":"Tulare County","Status":"Operational"},"geometry":{"type":"Point","coordinates":[-118.821513925747,36.1265305866989]}},{"type":"Feature","properties":{"Name":"Captive","Max_Voltag":66,"Owner":"SCE","COUNTY":"Kern County","Status":"Operational"},"geometry":{"type":"Point","coordinates":[-119.305070719947,35.7787529748524]}},{"type":"Feature","properties":{"Name":"Chatham","Max_Voltag":66,"Owner":"SCE","COUNTY":"Tulare County","Status":"Operational"},"geometry":{"type":"Point","coordinates":[-119.296455670658,36.4145027697975]}},{"type":"Feature","properties":{"Name":"Columbine","Max_Voltag":66,"Owner":"SCE","COUNTY":"Tulare County","Status":"Operational"},"geometry":{"type":"Point","coordinates":[-119.210002725793,35.8343054957848]}},{"type":"Feature","properties":{"Name":"Protein","Max_Voltag":66,"Owner":"SCE","COUNTY":"Tulare County","Status":"Operational"},"geometry":{"type":"Point","coordinates":[-119.334185079678,36.1854419823919]}},{"type":"Feature","properties":{"Name":"Earlimart","Max_Voltag":66,"Owner":"SCE","COUNTY":"Tulare County","Status":"Operational"},"geometry":{"type":"Point","coordinates":[-119.250792301523,35.8922570049952]}},{"type":"Feature","properties":{"Name":"Elcans","Max_Voltag":66,"Owner":"SCE","COUNTY":"Tulare County","Status":"Operational"},"geometry":{"type":"Point","coordinates":[-119.392071738645,36.3427182134867]}},{"type":"Feature","properties":{"Name":"Goshen","Max_Voltag":66,"Owner":"SCE","COUNTY":"Tulare County","Status":"Operational"},"geometry":{"type":"Point","coordinates":[-119.439158323956,36.3265500106111]}},{"type":"Feature","properties":{"Name":"Kawgen","Max_Voltag":0,"Owner":"SCE","COUNTY":"Tulare County","Status":"Operational"},"geometry":{"type":"Point","coordinates":[-119.007718393197,36.4154545185528]}},{"type":"Feature","properties":{"Name":"Laurel","Max_Voltag":66,"Owner":"SCE","COUNTY":"Tulare County","Status":"Operational"},"geometry":{"type":"Point","coordinates":[-119.475533341225,36.2399249981708]}},{"type":"Feature","properties":{"Name":"Lemon Cove","Max_Voltag":66,"Owner":"SCE","COUNTY":"Tulare County","Status":"Operational"},"geometry":{"type":"Point","coordinates":[-119.026349067711,36.3867026860303]}},{"type":"Feature","properties":{"Name":"Liberty","Max_Voltag":66,"Owner":"SCE","COUNTY":"Tulare County","Status":"Operational"},"geometry":{"type":"Point","coordinates":[-119.332166712558,36.2830749911955]}},{"type":"Feature","properties":{"Name":"Lindsay","Max_Voltag":66,"Owner":"SCE","COUNTY":"Tulare County","Status":"Operational"},"geometry":{"type":"Point","coordinates":[-119.092019951111,36.2043009209825]}},{"type":"Feature","properties":{"Name":"Lourich","Max_Voltag":66,"Owner":"SCE","COUNTY":"Tulare County","Status":"Operational"},"geometry":{"type":"Point","coordinates":[-119.329221673036,36.1314032149906]}},{"type":"Feature","properties":{"Name":"Mariposa","Max_Voltag":66,"Owner":"SCE","COUNTY":"Tulare County","Status":"Operational"},"geometry":{"type":"Point","coordinates":[-119.160644531995,35.8054706713167]}},{"type":"Feature","properties":{"Name":"Oak Grove","Max_Voltag":66,"Owner":"SCE","COUNTY":"Tulare County","Status":"Operational"},"geometry":{"type":"Point","coordinates":[-119.367286108741,36.3413694381664]}},{"type":"Feature","properties":{"Name":"Octol","Max_Voltag":66,"Owner":"SCE","COUNTY":"Tulare County","Status":"Operational"},"geometry":{"type":"Point","coordinates":[-119.394520310751,36.1237292211125]}},{"type":"Feature","properties":{"Name":"Pixley","Max_Voltag":66,"Owner":"SCE","COUNTY":"Tulare County","Status":"Operational"},"geometry":{"type":"Point","coordinates":[-119.303359846149,35.9647207431127]}},{"type":"Feature","properties":{"Name":"Poplar","Max_Voltag":66,"Owner":"SCE","COUNTY":"Tulare County","Status":"Operational"},"geometry":{"type":"Point","coordinates":[-119.144097224,35.9937638431267]}},{"type":"Feature","properties":{"Name":"Porterville","Max_Voltag":66,"Owner":"SCE","COUNTY":"Tulare County","Status":"Operational"},"geometry":{"type":"Point","coordinates":[-119.0347003357,36.0673839055651]}},{"type":"Feature","properties":{"Name":"Rector","Max_Voltag":0,"Owner":"SCE","COUNTY":"Tulare County","Status":"Operational"},"geometry":{"type":"Point","coordinates":[-119.244569443378,36.3043055607057]}},{"type":"Feature","properties":{"Name":"Springville","Max_Voltag":0,"Owner":"SCE","COUNTY":"Tulare County","Status":"Operational"},"geometry":{"type":"Point","coordinates":[-118.938058331471,36.1079575858924]}},{"type":"Feature","properties":{"Name":"Strathmore","Max_Voltag":66,"Owner":"SCE","COUNTY":"Tulare County","Status":"Operational"},"geometry":{"type":"Point","coordinates":[-119.05791948431,36.1458527847238]}},{"type":"Feature","properties":{"Name":"Terra Bella","Max_Voltag":66,"Owner":"SCE","COUNTY":"Tulare County","Status":"Operational"},"geometry":{"type":"Point","coordinates":[-119.018479376664,35.9639238165495]}},{"type":"Feature","properties":{"Name":"Three Rivers","Max_Voltag":66,"Owner":"SCE","COUNTY":"Tulare County","Status":"Operational"},"geometry":{"type":"Point","coordinates":[-118.887916634269,36.4534861223217]}},{"type":"Feature","properties":{"Name":"Tipton","Max_Voltag":66,"Owner":"SCE","COUNTY":"Tulare County","Status":"Operational"},"geometry":{"type":"Point","coordinates":[-119.30421195479,36.0518856622311]}},{"type":"Feature","properties":{"Name":"Tulare","Max_Voltag":66,"Owner":"SCE","COUNTY":"Tulare County","Status":"Operational"},"geometry":{"type":"Point","coordinates":[-119.330594452402,36.2132750058473]}},{"type":"Feature","properties":{"Name":"Venice Hill","Max_Voltag":66,"Owner":"SCE","COUNTY":"Tulare County","Status":"Operational"},"geometry":{"type":"Point","coordinates":[-119.189135638785,36.4142948343108]}},{"type":"Feature","properties":{"Name":"Venida","Max_Voltag":0,"Owner":"SCE","COUNTY":"Tulare County","Status":"Operational"},"geometry":{"type":"Point","coordinates":[-119.134597234444,36.3253694368907]}},{"type":"Feature","properties":{"Name":"Vestal","Max_Voltag":0,"Owner":"SCE","COUNTY":"Tulare County","Status":"Operational"},"geometry":{"type":"Point","coordinates":[-119.085047968985,35.8417435023714]}},{"type":"Feature","properties":{"Name":"Visalia","Max_Voltag":66,"Owner":"SCE","COUNTY":"Tulare County","Status":"Operational"},"geometry":{"type":"Point","coordinates":[-119.278961109857,36.3297944538324]}},{"type":"Feature","properties":{"Name":"Wheatland","Max_Voltag":66,"Owner":"SCE","COUNTY":"Tulare County","Status":"Operational"},"geometry":{"type":"Point","coordinates":[-119.144461082115,35.9108361080258]}},{"type":"Feature","properties":{"Name":"Woodville","Max_Voltag":66,"Owner":"SCE","COUNTY":"Tulare County","Status":"Operational"},"geometry":{"type":"Point","coordinates":[-119.179144266277,36.0805666560018]}},{"type":"Feature","properties":{"Name":"Sierra","Max_Voltag":230,"Owner":"Other","COUNTY":"Calaveras County","Status":"Operational"},"geometry":{"type":"Point","coordinates":[-120.381455113607,38.144560071485]}},{"type":"Feature","properties":{"Name":"Early Intake","Max_Voltag":0,"Owner":"Other","COUNTY":"Tuolumne County","Status":"Operational"},"geometry":{"type":"Point","coordinates":[-119.965776057134,37.8751527887745]}},{"type":"Feature","properties":{"Name":"Chinese Station","Max_Voltag":115,"Owner":"PG&E","COUNTY":"Tuolumne County","Status":"Operational"},"geometry":{"type":"Point","coordinates":[-120.478516826008,37.8747460880988]}},{"type":"Feature","properties":{"Name":"Curtis","Max_Voltag":115,"Owner":"PG&E","COUNTY":"Tuolumne County","Status":"Operational"},"geometry":{"type":"Point","coordinates":[-120.319906818235,37.9744325632992]}},{"type":"Feature","properties":{"Name":"Fibreboard Standard Spi","Max_Voltag":115,"Owner":"Other","COUNTY":"Tuolumne County","Status":"Operational"},"geometry":{"type":"Point","coordinates":[-120.31566849935,37.974346289789]}},{"type":"Feature","properties":{"Name":"Mi-Wuk","Max_Voltag":115,"Owner":"PG&E","COUNTY":"Tuolumne County","Status":"Operational"},"geometry":{"type":"Point","coordinates":[-120.217134955747,38.0528943845576]}},{"type":"Feature","properties":{"Name":"Peoria","Max_Voltag":115,"Owner":"PG&E","COUNTY":"Tuolumne County","Status":"Operational"},"geometry":{"type":"Point","coordinates":[-120.497811267481,37.9037384329563]}},{"type":"Feature","properties":{"Name":"Racetrack","Max_Voltag":115,"Owner":"PG&E","COUNTY":"Tuolumne County","Status":"Operational"},"geometry":{"type":"Point","coordinates":[-120.414178058834,37.9799107911581]}},{"type":"Feature","properties":{"Name":"Thousand Oaks","Max_Voltag":66,"Owner":"SCE","COUNTY":"Ventura County","Status":"Operational"},"geometry":{"type":"Point","coordinates":[-118.871757889855,34.1875564186603]}},{"type":"Feature","properties":{"Name":"Burro Flats","Max_Voltag":0,"Owner":"SCE","COUNTY":"Ventura County","Status":"Operational"},"geometry":{"type":"Point","coordinates":[-118.710022924382,34.2298134968154]}},{"type":"Feature","properties":{"Name":"Camarillo","Max_Voltag":66,"Owner":"SCE","COUNTY":"Ventura County","Status":"Operational"},"geometry":{"type":"Point","coordinates":[-119.008583336068,34.2207277847793]}},{"type":"Feature","properties":{"Name":"Camgen","Max_Voltag":66,"Owner":"SCE","COUNTY":"Ventura County","Status":"Operational"},"geometry":{"type":"Point","coordinates":[-119.047622257007,34.1619000181489]}},{"type":"Feature","properties":{"Name":"Casitas","Max_Voltag":66,"Owner":"SCE","COUNTY":"Ventura County","Status":"Operational"},"geometry":{"type":"Point","coordinates":[-119.30936956462,34.3623745257914]}},{"type":"Feature","properties":{"Name":"Channel Island","Max_Voltag":66,"Owner":"SCE","COUNTY":"Ventura County","Status":"Operational"},"geometry":{"type":"Point","coordinates":[-119.222196988364,34.1816739927491]}},{"type":"Feature","properties":{"Name":"Charmin","Max_Voltag":66,"Owner":"SCE","COUNTY":"Ventura County","Status":"Operational"},"geometry":{"type":"Point","coordinates":[-119.140138887532,34.2105333325]}},{"type":"Feature","properties":{"Name":"Chatsworth","Max_Voltag":66,"Owner":"SCE","COUNTY":"Ventura County","Status":"Operational"},"geometry":{"type":"Point","coordinates":[-118.702891648499,34.2367611063904]}},{"type":"Feature","properties":{"Name":"Colonia","Max_Voltag":66,"Owner":"SCE","COUNTY":"Ventura County","Status":"Operational"},"geometry":{"type":"Point","coordinates":[-119.09635556832,34.20462779106]}},{"type":"Feature","properties":{"Name":"Estero","Max_Voltag":66,"Owner":"SCE","COUNTY":"Ventura County","Status":"Operational"},"geometry":{"type":"Point","coordinates":[-119.095666637752,34.1459694618061]}},{"type":"Feature","properties":{"Name":"Etec-Gen","Max_Voltag":66,"Owner":"SCE","COUNTY":"Ventura County","Status":"Operational"},"geometry":{"type":"Point","coordinates":[-118.710355661261,34.2317972352235]}},{"type":"Feature","properties":{"Name":"Fillmore","Max_Voltag":66,"Owner":"SCE","COUNTY":"Ventura County","Status":"Operational"},"geometry":{"type":"Point","coordinates":[-118.920777813151,34.4088444825174]}},{"type":"Feature","properties":{"Name":"Getty","Max_Voltag":0,"Owner":"SCE","COUNTY":"Ventura County","Status":"Operational"},"geometry":{"type":"Point","coordinates":[-119.263129018932,34.3205489881588]}},{"type":"Feature","properties":{"Name":"Gonzales","Max_Voltag":66,"Owner":"SCE","COUNTY":"Ventura County","Status":"Operational"},"geometry":{"type":"Point","coordinates":[-119.175797225275,34.2261944485488]}},{"type":"Feature","properties":{"Name":"Levy","Max_Voltag":66,"Owner":"SCE","COUNTY":"Ventura County","Status":"Operational"},"geometry":{"type":"Point","coordinates":[-119.156744434206,34.1738527882882]}},{"type":"Feature","properties":{"Name":"Moorpark","Max_Voltag":0,"Owner":"SCE","COUNTY":"Ventura County","Status":"Operational"},"geometry":{"type":"Point","coordinates":[-118.903006618853,34.2809276139295]}},{"type":"Feature","properties":{"Name":"Newbury","Max_Voltag":66,"Owner":"SCE","COUNTY":"Ventura County","Status":"Operational"},"geometry":{"type":"Point","coordinates":[-118.931002779075,34.1960861061072]}},{"type":"Feature","properties":{"Name":"Oak Park","Max_Voltag":66,"Owner":"SCE","COUNTY":"Ventura County","Status":"Operational"},"geometry":{"type":"Point","coordinates":[-118.784701083981,34.1861855328454]}},{"type":"Feature","properties":{"Name":"Ojai","Max_Voltag":66,"Owner":"SCE","COUNTY":"Ventura County","Status":"Operational"},"geometry":{"type":"Point","coordinates":[-119.242406983792,34.4456229846032]}},{"type":"Feature","properties":{"Name":"Oxnard","Max_Voltag":66,"Owner":"SCE","COUNTY":"Ventura County","Status":"Operational"},"geometry":{"type":"Point","coordinates":[-119.174308335065,34.1971666646211]}},{"type":"Feature","properties":{"Name":"Potrero","Max_Voltag":66,"Owner":"SCE","COUNTY":"Ventura County","Status":"Operational"},"geometry":{"type":"Point","coordinates":[-118.83478500873,34.1617259923843]}},{"type":"Feature","properties":{"Name":"Procgen","Max_Voltag":66,"Owner":"SCE","COUNTY":"Ventura County","Status":"Operational"},"geometry":{"type":"Point","coordinates":[-119.140022226021,34.2114722278117]}},{"type":"Feature","properties":{"Name":"Rocketdyne","Max_Voltag":0,"Owner":"SCE","COUNTY":"Ventura County","Status":"Operational"},"geometry":{"type":"Point","coordinates":[-118.704428304827,34.2283303833164]}},{"type":"Feature","properties":{"Name":"Royal","Max_Voltag":66,"Owner":"SCE","COUNTY":"Ventura County","Status":"Operational"},"geometry":{"type":"Point","coordinates":[-118.779458339015,34.2784333394832]}},{"type":"Feature","properties":{"Name":"San Miguel","Max_Voltag":66,"Owner":"SCE","COUNTY":"Ventura County","Status":"Operational"},"geometry":{"type":"Point","coordinates":[-119.241891667026,34.2560777793348]}},{"type":"Feature","properties":{"Name":"Santa Clara","Max_Voltag":0,"Owner":"SCE","COUNTY":"Ventura County","Status":"Operational"},"geometry":{"type":"Point","coordinates":[-119.184938357638,34.3022660774889]}},{"type":"Feature","properties":{"Name":"Santa Susana","Max_Voltag":66,"Owner":"SCE","COUNTY":"Ventura County","Status":"Operational"},"geometry":{"type":"Point","coordinates":[-118.717086116051,34.2795638909866]}},{"type":"Feature","properties":{"Name":"Saticoy","Max_Voltag":66,"Owner":"SCE","COUNTY":"Ventura County","Status":"Operational"},"geometry":{"type":"Point","coordinates":[-119.16662343376,34.3006125837146]}},{"type":"Feature","properties":{"Name":"Three M","Max_Voltag":0,"Owner":"Other","COUNTY":"Ventura County","Status":"Operational"},"geometry":{"type":"Point","coordinates":[-119.034836973946,34.209735047636]}},{"type":"Feature","properties":{"Name":"Shore","Max_Voltag":66,"Owner":"SCE","COUNTY":"Ventura County","Status":"Operational"},"geometry":{"type":"Point","coordinates":[-119.258890461994,34.2392760655446]}},{"type":"Feature","properties":{"Name":"Somis","Max_Voltag":66,"Owner":"SCE","COUNTY":"Ventura County","Status":"Operational"},"geometry":{"type":"Point","coordinates":[-119.01075555585,34.2642722306782]}},{"type":"Feature","properties":{"Name":"Tayshell","Max_Voltag":66,"Owner":"SCE","COUNTY":"Ventura County","Status":"Operational"},"geometry":{"type":"Point","coordinates":[-119.310465428418,34.3170620919808]}},{"type":"Feature","properties":{"Name":"Thrust","Max_Voltag":0,"Owner":"SCE","COUNTY":"Ventura County","Status":"Operational"},"geometry":{"type":"Point","coordinates":[-118.705944113054,34.2279777881527]}},{"type":"Feature","properties":{"Name":"Torrey","Max_Voltag":66,"Owner":"SCE","COUNTY":"Ventura County","Status":"Operational"},"geometry":{"type":"Point","coordinates":[-118.796346278284,34.3878381238119]}},{"type":"Feature","properties":{"Name":"Unioil","Max_Voltag":0,"Owner":"SCE","COUNTY":"Ventura County","Status":"Operational"},"geometry":{"type":"Point","coordinates":[-119.246738793941,34.2077666099379]}},{"type":"Feature","properties":{"Name":"Wakefield","Max_Voltag":66,"Owner":"SCE","COUNTY":"Ventura County","Status":"Operational"},"geometry":{"type":"Point","coordinates":[-119.05590298389,34.356441985447]}},{"type":"Feature","properties":{"Name":"Ormond Beach","Max_Voltag":0,"Owner":"SCE","COUNTY":"Ventura County","Status":"Operational"},"geometry":{"type":"Point","coordinates":[-119.167076009492,34.1308010084201]}},{"type":"Feature","properties":{"Name":"Homestake","Max_Voltag":115,"Owner":"Other","COUNTY":"Napa County","Status":"Operational"},"geometry":{"type":"Point","coordinates":[-122.369569769206,38.8365955195877]}},{"type":"Feature","properties":{"Name":"Davis","Max_Voltag":115,"Owner":"Other","COUNTY":"Yolo County","Status":"Operational"},"geometry":{"type":"Point","coordinates":[-121.734228456593,38.5452081862262]}},{"type":"Feature","properties":{"Name":"Deepwater","Max_Voltag":115,"Owner":"PG&E","COUNTY":"Yolo County","Status":"Operational"},"geometry":{"type":"Point","coordinates":[-121.560012164713,38.5515681843024]}},{"type":"Feature","properties":{"Name":"Dunnigan","Max_Voltag":60,"Owner":"PG&E","COUNTY":"Yolo County","Status":"Operational"},"geometry":{"type":"Point","coordinates":[-121.989482237378,38.9250064840763]}},{"type":"Feature","properties":{"Name":"Knights Landing","Max_Voltag":0,"Owner":"PG&E","COUNTY":"Yolo County","Status":"Operational"},"geometry":{"type":"Point","coordinates":[-121.74509479807,38.8092837842391]}},{"type":"Feature","properties":{"Name":"Madison","Max_Voltag":0,"Owner":"PG&E","COUNTY":"Yolo County","Status":"Operational"},"geometry":{"type":"Point","coordinates":[-121.969346981781,38.6706860140448]}},{"type":"Feature","properties":{"Name":"Plainfield","Max_Voltag":60,"Owner":"PG&E","COUNTY":"Yolo County","Status":"Operational"},"geometry":{"type":"Point","coordinates":[-121.794461311165,38.6192640130214]}},{"type":"Feature","properties":{"Name":"Putah Creek","Max_Voltag":115,"Owner":"PG&E","COUNTY":"Yolo County","Status":"Operational"},"geometry":{"type":"Point","coordinates":[-121.995080945165,38.5228267539236]}},{"type":"Feature","properties":{"Name":"West Sacramento","Max_Voltag":115,"Owner":"PG&E","COUNTY":"Yolo County","Status":"Operational"},"geometry":{"type":"Point","coordinates":[-121.544901139788,38.5895149806536]}},{"type":"Feature","properties":{"Name":"Zamora","Max_Voltag":115,"Owner":"PG&E","COUNTY":"Yolo County","Status":"Operational"},"geometry":{"type":"Point","coordinates":[-121.85816692237,38.7756552199985]}},{"type":"Feature","properties":{"Name":"Bogue","Max_Voltag":115,"Owner":"PG&E","COUNTY":"Sutter County","Status":"Operational"},"geometry":{"type":"Point","coordinates":[-121.623979287175,39.0959034030134]}},{"type":"Feature","properties":{"Name":"Browns  Valley","Max_Voltag":60,"Owner":"PG&E","COUNTY":"Yuba County","Status":"Operational"},"geometry":{"type":"Point","coordinates":[-121.422773089227,39.2258694512792]}},{"type":"Feature","properties":{"Name":"Challenge","Max_Voltag":60,"Owner":"PG&E","COUNTY":"Yuba County","Status":"Operational"},"geometry":{"type":"Point","coordinates":[-121.220318679497,39.4852592582519]}},{"type":"Feature","properties":{"Name":"Colgate","Max_Voltag":230,"Owner":"PG&E","COUNTY":"Yuba County","Status":"Operational"},"geometry":{"type":"Point","coordinates":[-121.191504737059,39.3309677889238]}},{"type":"Feature","properties":{"Name":"Dobbins","Max_Voltag":60,"Owner":"PG&E","COUNTY":"Yuba County","Status":"Operational"},"geometry":{"type":"Point","coordinates":[-121.194927241036,39.3398765151886]}},{"type":"Feature","properties":{"Name":"East Marysville","Max_Voltag":60,"Owner":"PG&E","COUNTY":"Yuba County","Status":"Operational"},"geometry":{"type":"Point","coordinates":[-121.561055615408,39.1634379225665]}},{"type":"Feature","properties":{"Name":"Encinal","Max_Voltag":60,"Owner":"PG&E","COUNTY":"Sutter County","Status":"Operational"},"geometry":{"type":"Point","coordinates":[-121.637135755908,39.2475679392243]}},{"type":"Feature","properties":{"Name":"Feather River","Max_Voltag":60,"Owner":"Other","COUNTY":"Yuba County","Status":"Operational"},"geometry":{"type":"Point","coordinates":[-121.546349070414,39.0514648143544]}},{"type":"Feature","properties":{"Name":"Marysville","Max_Voltag":60,"Owner":"PG&E","COUNTY":"Yuba County","Status":"Operational"},"geometry":{"type":"Point","coordinates":[-121.583474268981,39.1400297630835]}},{"type":"Feature","properties":{"Name":"Olivehurst","Max_Voltag":115,"Owner":"PG&E","COUNTY":"Yuba County","Status":"Operational"},"geometry":{"type":"Point","coordinates":[-121.54297320517,39.0920697106645]}},{"type":"Feature","properties":{"Name":"Plumas","Max_Voltag":60,"Owner":"PG&E","COUNTY":"Yuba County","Status":"Operational"},"geometry":{"type":"Point","coordinates":[-121.543052022455,39.0262460623119]}},{"type":"Feature","properties":{"Name":"Wheatland","Max_Voltag":60,"Owner":"PG&E","COUNTY":"Yuba County","Status":"Operational"},"geometry":{"type":"Point","coordinates":[-121.418616320303,39.0131472315775]}},{"type":"Feature","properties":{"Name":"Yuba City Station A","Max_Voltag":60,"Owner":"PG&E","COUNTY":"Sutter County","Status":"Operational"},"geometry":{"type":"Point","coordinates":[-121.638348324337,39.1391308568651]}},{"type":"Feature","properties":{"Name":"Yuba Gold Fields","Max_Voltag":60,"Owner":"PG&E","COUNTY":"Yuba County","Status":"Operational"},"geometry":{"type":"Point","coordinates":[-121.415002212862,39.2032345273229]}},{"type":"Feature","properties":{"Name":"Smartsville Ss","Max_Voltag":60,"Owner":"PG&E","COUNTY":"Yuba County","Status":"Operational"},"geometry":{"type":"Point","coordinates":[-121.302698520033,39.2085338876866]}},{"type":"Feature","properties":{"Name":"Maxwell","Max_Voltag":500,"Owner":"WAPA","COUNTY":"Colusa County","Status":"Operational"},"geometry":{"type":"Point","coordinates":[-122.276502430089,39.2371879475997]}},{"type":"Feature","properties":{"Name":"Keswick","Max_Voltag":230,"Owner":"WAPA","COUNTY":"Shasta County","Status":"Operational"},"geometry":{"type":"Point","coordinates":[-122.444082679218,40.6103492940185]}},{"type":"Feature","properties":{"Name":"Shasta","Max_Voltag":230,"Owner":"WAPA","COUNTY":"Shasta County","Status":"Operational"},"geometry":{"type":"Point","coordinates":[-122.421246459955,40.7150131500719]}},{"type":"Feature","properties":{"Name":"Redding Power","Max_Voltag":115,"Owner":"Other","COUNTY":"Shasta County","Status":"Operational"},"geometry":{"type":"Point","coordinates":[-122.424738161158,40.5101055161444]}},{"type":"Feature","properties":{"Name":"French Meadows","Max_Voltag":60,"Owner":"PG&E","COUNTY":"Placer County","Status":"Operational"},"geometry":{"type":"Point","coordinates":[-120.406235588978,39.077951414151]}},{"type":"Feature","properties":{"Name":"Potter Valley","Max_Voltag":60,"Owner":"PG&E","COUNTY":"Mendocino County","Status":"Operational"},"geometry":{"type":"Point","coordinates":[-123.127840747617,39.3619652809098]}},{"type":"Feature","properties":{"Name":"Spring Gap","Max_Voltag":115,"Owner":"PG&E","COUNTY":"Tuolumne County","Status":"Operational"},"geometry":{"type":"Point","coordinates":[-120.111947366255,38.1865924013845]}},{"type":"Feature","properties":{"Name":"Potrero","Max_Voltag":0,"Owner":"Other","COUNTY":"San Francisco County","Status":"Operational"},"geometry":{"type":"Point","coordinates":[-122.386472623204,37.7561040648213]}},{"type":"Feature","properties":{"Name":"G-P Gypsum","Max_Voltag":115,"Owner":"Other","COUNTY":"Contra Costa County","Status":"Operational"},"geometry":{"type":"Point","coordinates":[-121.786320774468,38.0128445709797]}},{"type":"Feature","properties":{"Name":"GWF 2","Max_Voltag":115,"Owner":"Other","COUNTY":"Contra Costa County","Status":"Operational"},"geometry":{"type":"Point","coordinates":[-121.860701834253,38.0160322597242]}},{"type":"Feature","properties":{"Name":"Morro Bay","Max_Voltag":230,"Owner":"PG&E","COUNTY":"San Luis Obispo County","Status":"Operational"},"geometry":{"type":"Point","coordinates":[-120.856014326226,35.3743396104401]}},{"type":"Feature","properties":{"Name":"Cuyama","Max_Voltag":70,"Owner":"PG&E","COUNTY":"Santa Barbara County","Status":"Operational"},"geometry":{"type":"Point","coordinates":[-119.621341665395,34.9276055556921]}},{"type":"Feature","properties":{"Name":"Santa Ynez Switch","Max_Voltag":115,"Owner":"PG&E","COUNTY":"Santa Barbara County","Status":"Operational"},"geometry":{"type":"Point","coordinates":[-120.184807252176,34.6479567900553]}},{"type":"Feature","properties":{"Name":"Adelanto","Max_Voltag":500,"Owner":"LADWP","COUNTY":"San Bernardino County","Status":"Operational"},"geometry":{"type":"Point","coordinates":[-117.437799552798,34.5516473546961]}},{"type":"Feature","properties":{"Name":"Claremont","Max_Voltag":66,"Owner":"SCE","COUNTY":"Los Angeles County","Status":"Operational"},"geometry":{"type":"Point","coordinates":[-117.707399546349,34.0993012724421]}},{"type":"Feature","properties":{"Name":"Fremont","Max_Voltag":66,"Owner":"SCE","COUNTY":"Los Angeles County","Status":"Operational"},"geometry":{"type":"Point","coordinates":[-118.264506704836,33.8946580903575]}},{"type":"Feature","properties":{"Name":"Sonora Mining","Max_Voltag":0,"Owner":"PG&E","COUNTY":"Tuolumne County","Status":"Operational"},"geometry":{"type":"Point","coordinates":[-120.386407512293,37.9671804709135]}},{"type":"Feature","properties":{"Name":"Palomar Airport","Max_Voltag":230,"Owner":"SDG&E","COUNTY":"San Diego County","Status":"Operational"},"geometry":{"type":"Point","coordinates":[-117.287886119121,33.1228805598016]}},{"type":"Feature","properties":{"Name":"North City West","Max_Voltag":0,"Owner":"SDG&E","COUNTY":"San Diego County","Status":"Operational"},"geometry":{"type":"Point","coordinates":[-117.220666112573,32.9587509188612]}},{"type":"Feature","properties":{"Name":"Flannigan","Max_Voltag":230,"Owner":"Other","COUNTY":"Shasta County","Status":"Operational"},"geometry":{"type":"Point","coordinates":[-122.425062376619,40.6789886644134]}},{"type":"Feature","properties":{"Name":"Highlands","Max_Voltag":115,"Owner":"PG&E","COUNTY":"Lake County","Status":"Operational"},"geometry":{"type":"Point","coordinates":[-122.608908487073,38.9370612892701]}},{"type":"Feature","properties":{"Name":"South Turlock","Max_Voltag":69,"Owner":"Other","COUNTY":"Stanislaus County","Status":"Operational"},"geometry":{"type":"Point","coordinates":[-120.846433597888,37.4833348872517]}},{"type":"Feature","properties":{"Name":"Pechanga","Max_Voltag":115,"Owner":"SCE","COUNTY":"Riverside County","Status":"Operational"},"geometry":{"type":"Point","coordinates":[-117.063880550803,33.490958324844]}},{"type":"Feature","properties":{"Name":"Wintun","Max_Voltag":60,"Owner":"PG&E","COUNTY":"Shasta County","Status":"Operational"},"geometry":{"type":"Point","coordinates":[-122.369656074847,40.5927846819071]}},{"type":"Feature","properties":{"Name":"Margarita","Max_Voltag":138,"Owner":"SDG&E","COUNTY":"Orange County","Status":"Operational"},"geometry":{"type":"Point","coordinates":[-117.628210524398,33.5499816503674]}},{"type":"Feature","properties":{"Name":"Telegraph Canyon","Max_Voltag":0,"Owner":"SDG&E","COUNTY":"San Diego County","Status":"Operational"},"geometry":{"type":"Point","coordinates":[-117.016091994081,32.6379279943388]}},{"type":"Feature","properties":{"Name":"Pomerado","Max_Voltag":69,"Owner":"SDG&E","COUNTY":"San Diego County","Status":"Operational"},"geometry":{"type":"Point","coordinates":[-117.032730557435,32.9414222232167]}},{"type":"Feature","properties":{"Name":"Goal Line","Max_Voltag":0,"Owner":"SDG&E","COUNTY":"San Diego County","Status":"Operational"},"geometry":{"type":"Point","coordinates":[-117.098474998483,33.1184083319303]}},{"type":"Feature","properties":{"Name":"Eastgate","Max_Voltag":69,"Owner":"SDG&E","COUNTY":"San Diego County","Status":"Operational"},"geometry":{"type":"Point","coordinates":[-117.227056131921,32.9019505844382]}},{"type":"Feature","properties":{"Name":"Shadowridge","Max_Voltag":230,"Owner":"SDG&E","COUNTY":"San Diego County","Status":"Operational"},"geometry":{"type":"Point","coordinates":[-117.238769445473,33.1414861115351]}},{"type":"Feature","properties":{"Name":"Ntcq","Max_Voltag":69,"Owner":"SDG&E","COUNTY":"San Diego County","Status":"Operational"},"geometry":{"type":"Point","coordinates":[-117.192525480796,32.7461475376131]}},{"type":"Feature","properties":{"Name":"North Island QF","Max_Voltag":69,"Owner":"SDG&E","COUNTY":"San Diego County","Status":"Operational"},"geometry":{"type":"Point","coordinates":[-117.182455332326,32.7023164566103]}},{"type":"Feature","properties":{"Name":"Sithe","Max_Voltag":69,"Owner":"SDG&E","COUNTY":"San Diego County","Status":"Operational"},"geometry":{"type":"Point","coordinates":[-117.247351302012,32.6795452211236]}},{"type":"Feature","properties":{"Name":"Pit 7 Tap","Max_Voltag":230,"Owner":" ","COUNTY":"Shasta County","Status":"IN SERVICE"},"geometry":{"type":"Point","coordinates":[-121.933475294159,40.8248623149865]}},{"type":"Feature","properties":{"Name":"Unknown","Max_Voltag":70,"Owner":" ","COUNTY":"Kern County","Status":"IN SERVICE"},"geometry":{"type":"Point","coordinates":[-119.571827088382,35.2239193560531]}},{"type":"Feature","properties":{"Name":"East Dublin Tap","Max_Voltag":60,"Owner":" ","COUNTY":"Alameda County","Status":"IN SERVICE"},"geometry":{"type":"Point","coordinates":[-121.901554091729,37.7039281792119]}},{"type":"Feature","properties":{"Name":"Unknown","Max_Voltag":60,"Owner":" ","COUNTY":"San Joaquin County","Status":"IN SERVICE"},"geometry":{"type":"Point","coordinates":[-121.294606901093,38.0211489361991]}},{"type":"Feature","properties":{"Name":"Unknown","Max_Voltag":60,"Owner":" ","COUNTY":"Sutter County","Status":"IN SERVICE"},"geometry":{"type":"Point","coordinates":[-121.660195615253,39.2501803293425]}},{"type":"Feature","properties":{"Name":"Unknown","Max_Voltag":60,"Owner":" ","COUNTY":"Humboldt County","Status":"IN SERVICE"},"geometry":{"type":"Point","coordinates":[-124.171600640624,40.7719529272689]}},{"type":"Feature","properties":{"Name":"Unknown","Max_Voltag":60,"Owner":" ","COUNTY":"Kings County","Status":"IN SERVICE"},"geometry":{"type":"Point","coordinates":[-119.833243856394,36.2261663557686]}},{"type":"Feature","properties":{"Name":"Unknown","Max_Voltag":115,"Owner":" ","COUNTY":"San Bernardino County","Status":"IN SERVICE"},"geometry":{"type":"Point","coordinates":[-117.566025999921,35.0180380001754]}},{"type":"Feature","properties":{"Name":"Unknown","Max_Voltag":60,"Owner":" ","COUNTY":"Sonoma County","Status":"IN SERVICE"},"geometry":{"type":"Point","coordinates":[-122.662527611248,38.2606122030541]}},{"type":"Feature","properties":{"Name":"Unknown","Max_Voltag":60,"Owner":" ","COUNTY":"Amador County","Status":"IN SERVICE"},"geometry":{"type":"Point","coordinates":[-120.950843000205,38.3738729999727]}},{"type":"Feature","properties":{"Name":"Unknown","Max_Voltag":60,"Owner":" ","COUNTY":"Tulare County","Status":"IN SERVICE"},"geometry":{"type":"Point","coordinates":[-119.250862952224,36.5296032619724]}},{"type":"Feature","properties":{"Name":"Unknown","Max_Voltag":60,"Owner":" ","COUNTY":"Amador County","Status":"IN SERVICE"},"geometry":{"type":"Point","coordinates":[-120.629139999726,38.3929970001214]}},{"type":"Feature","properties":{"Name":"Unknown","Max_Voltag":0,"Owner":" ","COUNTY":"Tulare County","Status":"IN SERVICE"},"geometry":{"type":"Point","coordinates":[-119.474291999759,36.2977659997633]}},{"type":"Feature","properties":{"Name":"Unknown","Max_Voltag":0,"Owner":" ","COUNTY":"Modoc County","Status":"IN SERVICE"},"geometry":{"type":"Point","coordinates":[-120.944751196378,41.5343641576944]}},{"type":"Feature","properties":{"Name":"Unknown","Max_Voltag":60,"Owner":" ","COUNTY":"Fresno County","Status":"IN SERVICE"},"geometry":{"type":"Point","coordinates":[-120.36411000013,36.7565589996701]}},{"type":"Feature","properties":{"Name":"Unknown","Max_Voltag":69,"Owner":" ","COUNTY":"Merced County","Status":"IN SERVICE"},"geometry":{"type":"Point","coordinates":[-120.330484999931,37.5236540001403]}},{"type":"Feature","properties":{"Name":"Unknown","Max_Voltag":66,"Owner":" ","COUNTY":"Los Angeles County","Status":"IN SERVICE"},"geometry":{"type":"Point","coordinates":[-118.121005000092,33.9725120003451]}},{"type":"Feature","properties":{"Name":"North Tower Tap","Max_Voltag":115,"Owner":" ","COUNTY":"Contra Costa County","Status":"IN SERVICE"},"geometry":{"type":"Point","coordinates":[-122.202729142577,38.0285857101481]}},{"type":"Feature","properties":{"Name":"Unknown","Max_Voltag":60,"Owner":" ","COUNTY":"Shasta County","Status":"IN SERVICE"},"geometry":{"type":"Point","coordinates":[-122.234444519416,40.5637338012676]}},{"type":"Feature","properties":{"Name":"Sneath-Pacifica Tap","Max_Voltag":60,"Owner":" ","COUNTY":"San Mateo County","Status":"IN SERVICE"},"geometry":{"type":"Point","coordinates":[-122.445926935767,37.6218966471665]}},{"type":"Feature","properties":{"Name":"Unknown","Max_Voltag":60,"Owner":" ","COUNTY":"Lassen County","Status":"IN SERVICE"},"geometry":{"type":"Point","coordinates":[-120.530613085689,40.375914535748]}},{"type":"Feature","properties":{"Name":"Unknown","Max_Voltag":66,"Owner":" ","COUNTY":"Los Angeles County","Status":"IN SERVICE"},"geometry":{"type":"Point","coordinates":[-118.284489999622,33.8617229998828]}},{"type":"Feature","properties":{"Name":"Unknown","Max_Voltag":70,"Owner":" ","COUNTY":"Kern County","Status":"IN SERVICE"},"geometry":{"type":"Point","coordinates":[-118.957729605426,35.0267544529066]}},{"type":"Feature","properties":{"Name":"Unknown","Max_Voltag":0,"Owner":" ","COUNTY":"Plumas County","Status":"IN SERVICE"},"geometry":{"type":"Point","coordinates":[-121.225081999885,40.0146310000626]}},{"type":"Feature","properties":{"Name":"Emerald Lake Tap","Max_Voltag":60,"Owner":" ","COUNTY":"San Mateo County","Status":"IN SERVICE"},"geometry":{"type":"Point","coordinates":[-122.277560223286,37.4617134500536]}},{"type":"Feature","properties":{"Name":"Unknown","Max_Voltag":92,"Owner":" ","COUNTY":"Imperial County","Status":"IN SERVICE"},"geometry":{"type":"Point","coordinates":[-115.640287999573,33.1547200002191]}},{"type":"Feature","properties":{"Name":"Unknown","Max_Voltag":66,"Owner":" ","COUNTY":"Tulare County","Status":"IN SERVICE"},"geometry":{"type":"Point","coordinates":[-119.215344017742,36.2109273428241]}},{"type":"Feature","properties":{"Name":"Unknown","Max_Voltag":66,"Owner":" ","COUNTY":"Orange County","Status":"IN SERVICE"},"geometry":{"type":"Point","coordinates":[-117.928951159856,33.7487672098704]}},{"type":"Feature","properties":{"Name":"Unknown","Max_Voltag":66,"Owner":" ","COUNTY":"Los Angeles County","Status":"IN SERVICE"},"geometry":{"type":"Point","coordinates":[-118.387623010007,34.1984529999566]}},{"type":"Feature","properties":{"Name":"Woodland Biomass Tap","Max_Voltag":115,"Owner":" ","COUNTY":"Yolo County","Status":"IN SERVICE"},"geometry":{"type":"Point","coordinates":[-121.737599837448,38.6808888542139]}},{"type":"Feature","properties":{"Name":"Unknown","Max_Voltag":60,"Owner":" ","COUNTY":"Sacramento County","Status":"IN SERVICE"},"geometry":{"type":"Point","coordinates":[-121.168787064871,38.6555123892438]}},{"type":"Feature","properties":{"Name":"Unknown","Max_Voltag":115,"Owner":" ","COUNTY":"Nevada County","Status":"IN SERVICE"},"geometry":{"type":"Point","coordinates":[-121.006774106749,39.1411648710122]}},{"type":"Feature","properties":{"Name":"Unknown","Max_Voltag":66,"Owner":" ","COUNTY":"Los Angeles County","Status":"IN SERVICE"},"geometry":{"type":"Point","coordinates":[-118.087907999974,34.0226799998657]}},{"type":"Feature","properties":{"Name":"Unknown","Max_Voltag":66,"Owner":" ","COUNTY":"Riverside County","Status":"IN SERVICE"},"geometry":{"type":"Point","coordinates":[-117.558119617187,34.0187324818253]}},{"type":"Feature","properties":{"Name":"Unknown","Max_Voltag":69,"Owner":" ","COUNTY":"San Diego County","Status":"IN SERVICE"},"geometry":{"type":"Point","coordinates":[-117.101261795276,32.6849585946786]}},{"type":"Feature","properties":{"Name":"Unknown","Max_Voltag":60,"Owner":" ","COUNTY":"San Joaquin County","Status":"IN SERVICE"},"geometry":{"type":"Point","coordinates":[-121.294831585017,38.0369608009035]}},{"type":"Feature","properties":{"Name":"Unknown","Max_Voltag":60,"Owner":" ","COUNTY":"Yuba County","Status":"IN SERVICE"},"geometry":{"type":"Point","coordinates":[-121.33633548579,39.0977268437534]}},{"type":"Feature","properties":{"Name":"Stent Tap","Max_Voltag":115,"Owner":" ","COUNTY":"Riverside County","Status":"IN SERVICE"},"geometry":{"type":"Point","coordinates":[-117.159193618842,33.5180645406871]}},{"type":"Feature","properties":{"Name":"Unknown","Max_Voltag":115,"Owner":" ","COUNTY":"Tuolumne County","Status":"IN SERVICE"},"geometry":{"type":"Point","coordinates":[-120.476799999972,37.899564999843]}},{"type":"Feature","properties":{"Name":"Unknown","Max_Voltag":66,"Owner":" ","COUNTY":"Orange County","Status":"IN SERVICE"},"geometry":{"type":"Point","coordinates":[-117.956470000251,33.6432329998594]}},{"type":"Feature","properties":{"Name":"Processing Site Tap","Max_Voltag":115,"Owner":" ","COUNTY":"Lake County","Status":"IN SERVICE"},"geometry":{"type":"Point","coordinates":[-122.618870570012,38.9118762142484]}},{"type":"Feature","properties":{"Name":"Bernardo Tap","Max_Voltag":69,"Owner":" ","COUNTY":"San Diego County","Status":"IN SERVICE"},"geometry":{"type":"Point","coordinates":[-117.152457999637,33.0407150002212]}},{"type":"Feature","properties":{"Name":"Unknown","Max_Voltag":60,"Owner":" ","COUNTY":"San Joaquin County","Status":"IN SERVICE"},"geometry":{"type":"Point","coordinates":[-121.333363377334,37.9608959816566]}},{"type":"Feature","properties":{"Name":"Unknown","Max_Voltag":60,"Owner":" ","COUNTY":"Sacramento County","Status":"IN SERVICE"},"geometry":{"type":"Point","coordinates":[-121.297658843728,38.5109081520236]}},{"type":"Feature","properties":{"Name":"Unknown","Max_Voltag":60,"Owner":" ","COUNTY":"Monterey County","Status":"IN SERVICE"},"geometry":{"type":"Point","coordinates":[-121.755035160644,36.5693997673519]}},{"type":"Feature","properties":{"Name":"Unknown","Max_Voltag":60,"Owner":" ","COUNTY":"Fresno County","Status":"IN SERVICE"},"geometry":{"type":"Point","coordinates":[-120.106937934429,36.5314250928879]}},{"type":"Feature","properties":{"Name":"Unknown","Max_Voltag":60,"Owner":" ","COUNTY":"Sacramento County","Status":"IN SERVICE"},"geometry":{"type":"Point","coordinates":[-121.31038201727,38.2618718839275]}},{"type":"Feature","properties":{"Name":"Unknown","Max_Voltag":0,"Owner":" ","COUNTY":"Modoc County","Status":"IN SERVICE"},"geometry":{"type":"Point","coordinates":[-120.881071836641,41.4441930761956]}},{"type":"Feature","properties":{"Name":"Unknown","Max_Voltag":0,"Owner":" ","COUNTY":"Tulare County","Status":"IN SERVICE"},"geometry":{"type":"Point","coordinates":[-119.233392999872,36.225422000014]}},{"type":"Feature","properties":{"Name":"Unknown","Max_Voltag":70,"Owner":" ","COUNTY":"Kern County","Status":"IN SERVICE"},"geometry":{"type":"Point","coordinates":[-119.056507057799,35.0950075530719]}},{"type":"Feature","properties":{"Name":"Unknown","Max_Voltag":115,"Owner":" ","COUNTY":"San Bernardino County","Status":"IN SERVICE"},"geometry":{"type":"Point","coordinates":[-117.171677206308,34.6370138807924]}},{"type":"Feature","properties":{"Name":"SS3145_Eagle Rock Tap 1","Max_Voltag":66,"Owner":" ","COUNTY":"Los Angeles County","Status":"IN SERVICE"},"geometry":{"type":"Point","coordinates":[-118.232061271657,34.1182900361586]}},{"type":"Feature","properties":{"Name":"Unknown","Max_Voltag":60,"Owner":" ","COUNTY":"San Joaquin County","Status":"IN SERVICE"},"geometry":{"type":"Point","coordinates":[-121.28107382805,37.9778818372558]}},{"type":"Feature","properties":{"Name":"Unknown","Max_Voltag":66,"Owner":" ","COUNTY":"Los Angeles County","Status":"IN SERVICE"},"geometry":{"type":"Point","coordinates":[-118.171829999917,33.8081480003339]}},{"type":"Feature","properties":{"Name":"Unknown","Max_Voltag":33,"Owner":" ","COUNTY":"San Bernardino County","Status":"IN SERVICE"},"geometry":{"type":"Point","coordinates":[-117.32158298544,34.7399739752009]}},{"type":"Feature","properties":{"Name":"Ridgecrest","Max_Voltag":0,"Owner":"SCE","COUNTY":"Kern County","Status":"Operational"},"geometry":{"type":"Point","coordinates":[-117.672893561165,35.6263445169316]}},{"type":"Feature","properties":{"Name":"Unknown","Max_Voltag":0,"Owner":" ","COUNTY":"Sacramento County","Status":"IN SERVICE"},"geometry":{"type":"Point","coordinates":[-121.410631999735,38.5891839997856]}},{"type":"Feature","properties":{"Name":"Unknown","Max_Voltag":66,"Owner":" ","COUNTY":"Los Angeles County","Status":"IN SERVICE"},"geometry":{"type":"Point","coordinates":[-118.335367201446,33.880227907203]}},{"type":"Feature","properties":{"Name":"Unknown","Max_Voltag":66,"Owner":" ","COUNTY":"San Bernardino County","Status":"IN SERVICE"},"geometry":{"type":"Point","coordinates":[-117.453456999554,34.1212119999303]}},{"type":"Feature","properties":{"Name":"Sun City","Max_Voltag":115,"Owner":"SCE","COUNTY":"Riverside County","Status":"Operational"},"geometry":{"type":"Point","coordinates":[-117.146011113338,33.6872750040238]}},{"type":"Feature","properties":{"Name":"Glendale South Tap 5","Max_Voltag":66,"Owner":" ","COUNTY":"Los Angeles County","Status":"IN SERVICE"},"geometry":{"type":"Point","coordinates":[-118.245865705086,34.1147593507624]}},{"type":"Feature","properties":{"Name":"Westinghouse Tap","Max_Voltag":0,"Owner":" ","COUNTY":"Santa Clara County","Status":"IN SERVICE"},"geometry":{"type":"Point","coordinates":[-122.015644710627,37.3782888732984]}},{"type":"Feature","properties":{"Name":"Unknown","Max_Voltag":92,"Owner":" ","COUNTY":"Imperial County","Status":"IN SERVICE"},"geometry":{"type":"Point","coordinates":[-115.56701900021,33.1767280002558]}},{"type":"Feature","properties":{"Name":"Unknown","Max_Voltag":60,"Owner":" ","COUNTY":"Sacramento County","Status":"IN SERVICE"},"geometry":{"type":"Point","coordinates":[-121.152382494683,38.6875518381428]}},{"type":"Feature","properties":{"Name":"Unknown","Max_Voltag":60,"Owner":" ","COUNTY":"San Joaquin County","Status":"IN SERVICE"},"geometry":{"type":"Point","coordinates":[-121.243500857943,38.1465017129174]}},{"type":"Feature","properties":{"Name":"Unknown","Max_Voltag":60,"Owner":" ","COUNTY":"San Joaquin County","Status":"IN SERVICE"},"geometry":{"type":"Point","coordinates":[-121.18633261764,37.96913077418]}},{"type":"Feature","properties":{"Name":"Unknown","Max_Voltag":60,"Owner":" ","COUNTY":"Sacramento County","Status":"IN SERVICE"},"geometry":{"type":"Point","coordinates":[-121.30769099975,38.6878939999424]}},{"type":"Feature","properties":{"Name":"Unknown","Max_Voltag":0,"Owner":" ","COUNTY":"Fresno County","Status":"IN SERVICE"},"geometry":{"type":"Point","coordinates":[-120.368712252587,36.4178534338669]}},{"type":"Feature","properties":{"Name":"Unknown","Max_Voltag":60,"Owner":" ","COUNTY":"Shasta County","Status":"IN SERVICE"},"geometry":{"type":"Point","coordinates":[-122.35291400042,40.5785810002441]}},{"type":"Feature","properties":{"Name":"Unknown","Max_Voltag":60,"Owner":" ","COUNTY":"Fresno County","Status":"NOT AVAILABLE"},"geometry":{"type":"Point","coordinates":[-120.38790624175,36.6178588512891]}},{"type":"Feature","properties":{"Name":"Unknown","Max_Voltag":60,"Owner":" ","COUNTY":"Fresno County","Status":"NOT AVAILABLE"},"geometry":{"type":"Point","coordinates":[-120.449366286629,36.8362833759722]}},{"type":"Feature","properties":{"Name":"Unknown","Max_Voltag":0,"Owner":" ","COUNTY":"Madera County","Status":"NOT AVAILABLE"},"geometry":{"type":"Point","coordinates":[-120.110709173383,36.9238392710682]}},{"type":"Feature","properties":{"Name":"Unknown","Max_Voltag":60,"Owner":" ","COUNTY":"Monterey County","Status":"NOT AVAILABLE"},"geometry":{"type":"Point","coordinates":[-121.913036513998,36.5660873737188]}},{"type":"Feature","properties":{"Name":"Unknown","Max_Voltag":0,"Owner":" ","COUNTY":"Placer County","Status":"NOT AVAILABLE"},"geometry":{"type":"Point","coordinates":[-121.307556999856,38.8312379997521]}},{"type":"Feature","properties":{"Name":"Unknown","Max_Voltag":60,"Owner":" ","COUNTY":"Colusa County","Status":"NOT AVAILABLE"},"geometry":{"type":"Point","coordinates":[-121.955037912555,39.1510406628452]}},{"type":"Feature","properties":{"Name":"Unknown","Max_Voltag":69,"Owner":" ","COUNTY":"Lassen County","Status":"NOT AVAILABLE"},"geometry":{"type":"Point","coordinates":[-121.143431844685,41.1279189682759]}},{"type":"Feature","properties":{"Name":"Unknown","Max_Voltag":69,"Owner":" ","COUNTY":"San Diego County","Status":"NOT AVAILABLE"},"geometry":{"type":"Point","coordinates":[-116.473685973629,32.714142810121]}},{"type":"Feature","properties":{"Name":"Unknown","Max_Voltag":60,"Owner":" ","COUNTY":"Sacramento County","Status":"NOT AVAILABLE"},"geometry":{"type":"Point","coordinates":[-121.452761230354,38.5832657352749]}},{"type":"Feature","properties":{"Name":"Unknown","Max_Voltag":60,"Owner":" ","COUNTY":"Yolo County","Status":"NOT AVAILABLE"},"geometry":{"type":"Point","coordinates":[-121.793612080727,38.6594629837252]}},{"type":"Feature","properties":{"Name":"Unknown","Max_Voltag":60,"Owner":" ","COUNTY":"Sacramento County","Status":"NOT AVAILABLE"},"geometry":{"type":"Point","coordinates":[-121.168347741086,38.6565770537054]}},{"type":"Feature","properties":{"Name":"Unknown","Max_Voltag":60,"Owner":" ","COUNTY":"Contra Costa County","Status":"NOT AVAILABLE"},"geometry":{"type":"Point","coordinates":[-122.265556000211,38.0113639996857]}},{"type":"Feature","properties":{"Name":"Unknown","Max_Voltag":115,"Owner":" ","COUNTY":"Fresno County","Status":"IN SERVICE"},"geometry":{"type":"Point","coordinates":[-120.231443137438,36.3994077302025]}},{"type":"Feature","properties":{"Name":"San Rafael Junction","Max_Voltag":60,"Owner":" ","COUNTY":"Marin County","Status":"IN SERVICE"},"geometry":{"type":"Point","coordinates":[-122.505178634217,37.9568025631334]}},{"type":"Feature","properties":{"Name":"Las Lomas","Max_Voltag":0,"Owner":" ","COUNTY":"Orange County","Status":"IN SERVICE"},"geometry":{"type":"Point","coordinates":[-117.73856205864,33.7184271392222]}},{"type":"Feature","properties":{"Name":"Unknown","Max_Voltag":0,"Owner":" ","COUNTY":"Merced County","Status":"NOT AVAILABLE"},"geometry":{"type":"Point","coordinates":[-121.191239434911,37.0755735719854]}},{"type":"Feature","properties":{"Name":"Unknown","Max_Voltag":115,"Owner":" ","COUNTY":"Tulare County","Status":"IN SERVICE"},"geometry":{"type":"Point","coordinates":[-119.455260309217,35.8770462389812]}},{"type":"Feature","properties":{"Name":"Unknown","Max_Voltag":70,"Owner":" ","COUNTY":"Kern County","Status":"NOT AVAILABLE"},"geometry":{"type":"Point","coordinates":[-119.064272502052,35.0602258173308]}},{"type":"Feature","properties":{"Name":"Unknown","Max_Voltag":60,"Owner":" ","COUNTY":"Yuba County","Status":"IN SERVICE"},"geometry":{"type":"Point","coordinates":[-121.583408329045,39.1393878049398]}},{"type":"Feature","properties":{"Name":"Unknown","Max_Voltag":60,"Owner":" ","COUNTY":"Humboldt County","Status":"IN SERVICE"},"geometry":{"type":"Point","coordinates":[-124.078464999901,40.8492639999144]}},{"type":"Feature","properties":{"Name":"Unknown","Max_Voltag":66,"Owner":" ","COUNTY":"Los Angeles County","Status":"IN SERVICE"},"geometry":{"type":"Point","coordinates":[-118.047268999851,33.8804790001591]}},{"type":"Feature","properties":{"Name":"Unknown","Max_Voltag":0,"Owner":" ","COUNTY":"Los Angeles County","Status":"IN SERVICE"},"geometry":{"type":"Point","coordinates":[-118.325584000029,34.1845129998794]}},{"type":"Feature","properties":{"Name":"Unknown","Max_Voltag":0,"Owner":" ","COUNTY":"Sacramento County","Status":"IN SERVICE"},"geometry":{"type":"Point","coordinates":[-121.281921000449,38.5860040002741]}},{"type":"Feature","properties":{"Name":"Unknown","Max_Voltag":66,"Owner":" ","COUNTY":"San Bernardino County","Status":"IN SERVICE"},"geometry":{"type":"Point","coordinates":[-117.327046290165,34.08454156601]}},{"type":"Feature","properties":{"Name":"Barret","Max_Voltag":0,"Owner":" ","COUNTY":"Imperial County","Status":"IN SERVICE"},"geometry":{"type":"Point","coordinates":[-114.490141050574,32.8663095691254]}},{"type":"Feature","properties":{"Name":"Unknown","Max_Voltag":60,"Owner":" ","COUNTY":"Sacramento County","Status":"NOT AVAILABLE"},"geometry":{"type":"Point","coordinates":[-121.371948075928,38.5106365240234]}},{"type":"Feature","properties":{"Name":"Unknown","Max_Voltag":66,"Owner":" ","COUNTY":"Los Angeles County","Status":"NOT AVAILABLE"},"geometry":{"type":"Point","coordinates":[-118.511821167054,34.3380271850134]}},{"type":"Feature","properties":{"Name":"Unknown","Max_Voltag":66,"Owner":" ","COUNTY":"Los Angeles County","Status":"NOT AVAILABLE"},"geometry":{"type":"Point","coordinates":[-118.081939710007,34.0991650400799]}},{"type":"Feature","properties":{"Name":"Unknown","Max_Voltag":0,"Owner":" ","COUNTY":"Los Angeles County","Status":"IN SERVICE"},"geometry":{"type":"Point","coordinates":[-118.34341999969,34.1847949998791]}},{"type":"Feature","properties":{"Name":"Unknown","Max_Voltag":115,"Owner":" ","COUNTY":"Riverside County","Status":"NOT AVAILABLE"},"geometry":{"type":"Point","coordinates":[-116.580370000077,33.921774999822]}},{"type":"Feature","properties":{"Name":"Unknown","Max_Voltag":0,"Owner":" ","COUNTY":"Inyo County","Status":"NOT AVAILABLE"},"geometry":{"type":"Point","coordinates":[-118.481912713681,37.3366362142056]}},{"type":"Feature","properties":{"Name":"Unknown","Max_Voltag":0,"Owner":" ","COUNTY":"Madera County","Status":"IN SERVICE"},"geometry":{"type":"Point","coordinates":[-120.253811812341,36.7928920968633]}},{"type":"Feature","properties":{"Name":"Unknown","Max_Voltag":0,"Owner":" ","COUNTY":"San Joaquin County","Status":"NOT AVAILABLE"},"geometry":{"type":"Point","coordinates":[-121.001183395764,37.7798990311526]}},{"type":"Feature","properties":{"Name":"Unknown","Max_Voltag":0,"Owner":" ","COUNTY":"Los Angeles County","Status":"IN SERVICE"},"geometry":{"type":"Point","coordinates":[-118.423719695065,34.2753266727443]}},{"type":"Feature","properties":{"Name":"Unknown","Max_Voltag":0,"Owner":" ","COUNTY":"Los Angeles County","Status":"NOT AVAILABLE"},"geometry":{"type":"Point","coordinates":[-118.362579797177,34.2066778487464]}},{"type":"Feature","properties":{"Name":"Unknown","Max_Voltag":66,"Owner":" ","COUNTY":"Los Angeles County","Status":"IN SERVICE"},"geometry":{"type":"Point","coordinates":[-118.143224000398,33.8321369997266]}},{"type":"Feature","properties":{"Name":"Unknown","Max_Voltag":60,"Owner":" ","COUNTY":"Kings County","Status":"IN SERVICE"},"geometry":{"type":"Point","coordinates":[-119.904785954218,36.2421186011547]}},{"type":"Feature","properties":{"Name":"Unknown","Max_Voltag":66,"Owner":" ","COUNTY":"Los Angeles County","Status":"IN SERVICE"},"geometry":{"type":"Point","coordinates":[-118.413605000037,33.9547529997424]}},{"type":"Feature","properties":{"Name":"Unknown","Max_Voltag":0,"Owner":" ","COUNTY":"Los Angeles County","Status":"IN SERVICE"},"geometry":{"type":"Point","coordinates":[-118.556174205905,34.2713024560516]}},{"type":"Feature","properties":{"Name":"Unknown","Max_Voltag":70,"Owner":" ","COUNTY":"Kern County","Status":"IN SERVICE"},"geometry":{"type":"Point","coordinates":[-119.895040355381,35.7300376728414]}},{"type":"Feature","properties":{"Name":"Unknown","Max_Voltag":230,"Owner":" ","COUNTY":"Sacramento County","Status":"IN SERVICE"},"geometry":{"type":"Point","coordinates":[-121.220474320705,38.6376930869485]}},{"type":"Feature","properties":{"Name":"Unknown","Max_Voltag":115,"Owner":" ","COUNTY":"Santa Clara County","Status":"IN SERVICE"},"geometry":{"type":"Point","coordinates":[-121.537203109606,37.0000460971445]}},{"type":"Feature","properties":{"Name":"Unknown","Max_Voltag":115,"Owner":" ","COUNTY":"Kern County","Status":"NOT AVAILABLE"},"geometry":{"type":"Point","coordinates":[-118.925536583571,35.3585985090019]}},{"type":"Feature","properties":{"Name":"Unknown","Max_Voltag":66,"Owner":" ","COUNTY":"Orange County","Status":"IN SERVICE"},"geometry":{"type":"Point","coordinates":[-117.968102000099,33.8696649996562]}},{"type":"Feature","properties":{"Name":"Unknown","Max_Voltag":0,"Owner":" ","COUNTY":"Kings County","Status":"NOT AVAILABLE"},"geometry":{"type":"Point","coordinates":[-119.583119374135,36.2546421840376]}},{"type":"Feature","properties":{"Name":"Unknown","Max_Voltag":0,"Owner":" ","COUNTY":"Riverside County","Status":"IN SERVICE"},"geometry":{"type":"Point","coordinates":[-114.982695721902,33.6592639707159]}},{"type":"Feature","properties":{"Name":"Unknown","Max_Voltag":0,"Owner":" ","COUNTY":"Solano County","Status":"IN SERVICE"},"geometry":{"type":"Point","coordinates":[-121.954075018283,38.2649472909494]}},{"type":"Feature","properties":{"Name":"Unknown","Max_Voltag":66,"Owner":" ","COUNTY":"Los Angeles County","Status":"IN SERVICE"},"geometry":{"type":"Point","coordinates":[-118.134057199574,34.0563092467513]}},{"type":"Feature","properties":{"Name":"Unknown","Max_Voltag":115,"Owner":" ","COUNTY":"San Bernardino County","Status":"NOT AVAILABLE"},"geometry":{"type":"Point","coordinates":[-116.17370388458,34.1459414751836]}},{"type":"Feature","properties":{"Name":"Unknown","Max_Voltag":66,"Owner":" ","COUNTY":"San Bernardino County","Status":"NOT AVAILABLE"},"geometry":{"type":"Point","coordinates":[-117.54276075516,34.0773982309446]}},{"type":"Feature","properties":{"Name":"Unknown","Max_Voltag":0,"Owner":" ","COUNTY":"Kern County","Status":"NOT AVAILABLE"},"geometry":{"type":"Point","coordinates":[-118.219959363084,35.0300801807732]}},{"type":"Feature","properties":{"Name":"Unknown","Max_Voltag":60,"Owner":" ","COUNTY":"San Joaquin County","Status":"IN SERVICE"},"geometry":{"type":"Point","coordinates":[-121.256466441864,37.9118837298754]}},{"type":"Feature","properties":{"Name":"Unknown","Max_Voltag":66,"Owner":" ","COUNTY":"Riverside County","Status":"IN SERVICE"},"geometry":{"type":"Point","coordinates":[-117.440818490431,34.0118730000732]}},{"type":"Feature","properties":{"Name":"Unknown","Max_Voltag":0,"Owner":" ","COUNTY":"Kern County","Status":"IN SERVICE"},"geometry":{"type":"Point","coordinates":[-118.431069205866,34.8473686348485]}},{"type":"Feature","properties":{"Name":"Unknown","Max_Voltag":66,"Owner":" ","COUNTY":"Orange County","Status":"IN SERVICE"},"geometry":{"type":"Point","coordinates":[-117.740699959184,33.5755805413522]}},{"type":"Feature","properties":{"Name":"Unknown","Max_Voltag":69,"Owner":" ","COUNTY":"San Diego County","Status":"IN SERVICE"},"geometry":{"type":"Point","coordinates":[-117.192565000381,32.7453849999195]}},{"type":"Feature","properties":{"Name":"Unknown","Max_Voltag":0,"Owner":" ","COUNTY":"Los Angeles County","Status":"IN SERVICE"},"geometry":{"type":"Point","coordinates":[-118.326001999606,34.1845240002186]}},{"type":"Feature","properties":{"Name":"Unknown","Max_Voltag":0,"Owner":" ","COUNTY":"Los Angeles County","Status":"NOT AVAILABLE"},"geometry":{"type":"Point","coordinates":[-118.525614940176,34.1654270070088]}},{"type":"Feature","properties":{"Name":"Unknown","Max_Voltag":60,"Owner":" ","COUNTY":"Nevada County","Status":"IN SERVICE"},"geometry":{"type":"Point","coordinates":[-120.844083116421,39.2982214953284]}},{"type":"Feature","properties":{"Name":"Unknown","Max_Voltag":66,"Owner":" ","COUNTY":"Los Angeles County","Status":"IN SERVICE"},"geometry":{"type":"Point","coordinates":[-117.830483569662,34.0057273303672]}},{"type":"Feature","properties":{"Name":"Unknown","Max_Voltag":66,"Owner":" ","COUNTY":"Ventura County","Status":"NOT AVAILABLE"},"geometry":{"type":"Point","coordinates":[-118.977645000154,34.3215360002641]}},{"type":"Feature","properties":{"Name":"Unknown","Max_Voltag":0,"Owner":" ","COUNTY":"Kern County","Status":"IN SERVICE"},"geometry":{"type":"Point","coordinates":[-118.432916532858,34.8233774428476]}},{"type":"Feature","properties":{"Name":"Unknown","Max_Voltag":69,"Owner":" ","COUNTY":"Orange County","Status":"IN SERVICE"},"geometry":{"type":"Point","coordinates":[-117.874947692385,33.8544686506677]}},{"type":"Feature","properties":{"Name":"Unknown","Max_Voltag":69,"Owner":" ","COUNTY":"Orange County","Status":"IN SERVICE"},"geometry":{"type":"Point","coordinates":[-117.938853080824,33.8178208691529]}},{"type":"Feature","properties":{"Name":"Unknown","Max_Voltag":66,"Owner":" ","COUNTY":"Los Angeles County","Status":"IN SERVICE"},"geometry":{"type":"Point","coordinates":[-118.413692000076,33.9742690002196]}},{"type":"Feature","properties":{"Name":"Unknown","Max_Voltag":0,"Owner":" ","COUNTY":"Kern County","Status":"IN SERVICE"},"geometry":{"type":"Point","coordinates":[-118.408678494391,34.8198598050221]}},{"type":"Feature","properties":{"Name":"Unknown","Max_Voltag":115,"Owner":" ","COUNTY":"Alameda County","Status":"NOT AVAILABLE"},"geometry":{"type":"Point","coordinates":[-121.562990017896,37.6907930750933]}},{"type":"Feature","properties":{"Name":"Unknown","Max_Voltag":0,"Owner":" ","COUNTY":"Orange County","Status":"IN SERVICE"},"geometry":{"type":"Point","coordinates":[-117.825974383567,33.9110357201467]}},{"type":"Feature","properties":{"Name":"Unknown","Max_Voltag":66,"Owner":" ","COUNTY":"San Bernardino County","Status":"NOT AVAILABLE"},"geometry":{"type":"Point","coordinates":[-117.243753000428,34.0430989999243]}},{"type":"Feature","properties":{"Name":"Unknown","Max_Voltag":0,"Owner":" ","COUNTY":"Imperial County","Status":"IN SERVICE"},"geometry":{"type":"Point","coordinates":[-115.568150766976,32.9122665940801]}},{"type":"Feature","properties":{"Name":"Unknown","Max_Voltag":115,"Owner":" ","COUNTY":"San Bernardino County","Status":"NOT AVAILABLE"},"geometry":{"type":"Point","coordinates":[-116.422756942606,34.0907496643573]}},{"type":"Feature","properties":{"Name":"Unknown","Max_Voltag":230,"Owner":" ","COUNTY":"Kern County","Status":"IN SERVICE"},"geometry":{"type":"Point","coordinates":[-118.995054147341,35.0246582658224]}},{"type":"Feature","properties":{"Name":"Unknown","Max_Voltag":92,"Owner":" ","COUNTY":"Imperial County","Status":"IN SERVICE"},"geometry":{"type":"Point","coordinates":[-115.605755541936,33.1766587740783]}},{"type":"Feature","properties":{"Name":"Unknown","Max_Voltag":66,"Owner":" ","COUNTY":"Los Angeles County","Status":"IN SERVICE"},"geometry":{"type":"Point","coordinates":[-118.309413560449,33.8587063000157]}},{"type":"Feature","properties":{"Name":"Unknown","Max_Voltag":0,"Owner":" ","COUNTY":"Riverside County","Status":"NOT AVAILABLE"},"geometry":{"type":"Point","coordinates":[-116.735288000304,33.9179310001366]}},{"type":"Feature","properties":{"Name":"Unknown","Max_Voltag":69,"Owner":" ","COUNTY":"Orange County","Status":"IN SERVICE"},"geometry":{"type":"Point","coordinates":[-117.905991000033,33.817957999824]}},{"type":"Feature","properties":{"Name":"Unknown","Max_Voltag":60,"Owner":" ","COUNTY":"Sacramento County","Status":"IN SERVICE"},"geometry":{"type":"Point","coordinates":[-121.150295071372,38.6719326408378]}},{"type":"Feature","properties":{"Name":"Unknown","Max_Voltag":60,"Owner":" ","COUNTY":"Sacramento County","Status":"NOT AVAILABLE"},"geometry":{"type":"Point","coordinates":[-121.336774000193,38.6795780002776]}},{"type":"Feature","properties":{"Name":"Unknown","Max_Voltag":66,"Owner":" ","COUNTY":"Orange County","Status":"NOT AVAILABLE"},"geometry":{"type":"Point","coordinates":[-117.762252999743,33.6164260003365]}},{"type":"Feature","properties":{"Name":"Unknown","Max_Voltag":230,"Owner":" ","COUNTY":"Stanislaus County","Status":"NOT AVAILABLE"},"geometry":{"type":"Point","coordinates":[-120.984848188991,37.5743277212187]}},{"type":"Feature","properties":{"Name":"Unknown","Max_Voltag":0,"Owner":" ","COUNTY":"Imperial County","Status":"NOT AVAILABLE"},"geometry":{"type":"Point","coordinates":[-114.595487139713,32.7528943899453]}},{"type":"Feature","properties":{"Name":"Unknown","Max_Voltag":60,"Owner":" ","COUNTY":"Sacramento County","Status":"IN SERVICE"},"geometry":{"type":"Point","coordinates":[-121.275219999621,38.5818750002773]}},{"type":"Feature","properties":{"Name":"Solar","Max_Voltag":230,"Owner":" ","COUNTY":"San Luis Obispo County","Status":"IN SERVICE"},"geometry":{"type":"Point","coordinates":[-120.059899910246,35.3822548591753]}},{"type":"Feature","properties":{"Name":"Unknown","Max_Voltag":66,"Owner":" ","COUNTY":"Orange County","Status":"NOT AVAILABLE"},"geometry":{"type":"Point","coordinates":[-117.915992999612,33.9390569996829]}},{"type":"Feature","properties":{"Name":"Unknown","Max_Voltag":0,"Owner":" ","COUNTY":"Kern County","Status":"NOT AVAILABLE"},"geometry":{"type":"Point","coordinates":[-117.891154501158,34.9839046216335]}},{"type":"Feature","properties":{"Name":"Unknown","Max_Voltag":0,"Owner":" ","COUNTY":"Tulare County","Status":"IN SERVICE"},"geometry":{"type":"Point","coordinates":[-119.070932863097,35.8479213907291]}},{"type":"Feature","properties":{"Name":"Unknown","Max_Voltag":60,"Owner":" ","COUNTY":"San Joaquin County","Status":"NOT AVAILABLE"},"geometry":{"type":"Point","coordinates":[-121.178449666562,38.1548539138204]}},{"type":"Feature","properties":{"Name":"Unknown","Max_Voltag":0,"Owner":" ","COUNTY":"Tulare County","Status":"IN SERVICE"},"geometry":{"type":"Point","coordinates":[-119.445189581333,35.8980016758304]}},{"type":"Feature","properties":{"Name":"Unknown","Max_Voltag":115,"Owner":" ","COUNTY":"Contra Costa County","Status":"IN SERVICE"},"geometry":{"type":"Point","coordinates":[-121.861614581871,38.0166156327877]}},{"type":"Feature","properties":{"Name":"Unknown","Max_Voltag":92,"Owner":" ","COUNTY":"Imperial County","Status":"IN SERVICE"},"geometry":{"type":"Point","coordinates":[-115.545024931763,33.1912917782655]}},{"type":"Feature","properties":{"Name":"Unknown","Max_Voltag":60,"Owner":" ","COUNTY":"Sacramento County","Status":"IN SERVICE"},"geometry":{"type":"Point","coordinates":[-121.222264386385,38.6313828811922]}},{"type":"Feature","properties":{"Name":"Unknown","Max_Voltag":0,"Owner":" ","COUNTY":"Ventura County","Status":"NOT AVAILABLE"},"geometry":{"type":"Point","coordinates":[-119.224599381674,34.1885571080708]}},{"type":"Feature","properties":{"Name":"Unknown","Max_Voltag":60,"Owner":" ","COUNTY":"Plumas County","Status":"NOT AVAILABLE"},"geometry":{"type":"Point","coordinates":[-120.901702185232,39.9340265307603]}},{"type":"Feature","properties":{"Name":"Unknown","Max_Voltag":0,"Owner":" ","COUNTY":"Los Angeles County","Status":"NOT AVAILABLE"},"geometry":{"type":"Point","coordinates":[-118.518987268824,34.1934398676762]}},{"type":"Feature","properties":{"Name":"Unknown","Max_Voltag":0,"Owner":" ","COUNTY":"Kern County","Status":"IN SERVICE"},"geometry":{"type":"Point","coordinates":[-118.369698060964,34.848988494134]}},{"type":"Feature","properties":{"Name":"Unknown","Max_Voltag":66,"Owner":" ","COUNTY":"Orange County","Status":"NOT AVAILABLE"},"geometry":{"type":"Point","coordinates":[-117.844639999851,33.7152679996818]}},{"type":"Feature","properties":{"Name":"Unknown","Max_Voltag":60,"Owner":" ","COUNTY":"Contra Costa County","Status":"NOT AVAILABLE"},"geometry":{"type":"Point","coordinates":[-121.584803277036,37.8162496932694]}},{"type":"Feature","properties":{"Name":"Highway Junction 1","Max_Voltag":0,"Owner":" ","COUNTY":"Napa County","Status":"IN SERVICE"},"geometry":{"type":"Point","coordinates":[-122.253652000377,38.1667479997503]}},{"type":"Feature","properties":{"Name":"Unknown","Max_Voltag":66,"Owner":" ","COUNTY":"Los Angeles County","Status":"IN SERVICE"},"geometry":{"type":"Point","coordinates":[-118.151533830001,33.9000689499631]}},{"type":"Feature","properties":{"Name":"Unknown","Max_Voltag":0,"Owner":" ","COUNTY":"Fresno County","Status":"IN SERVICE"},"geometry":{"type":"Point","coordinates":[-120.13810593363,36.1301654958608]}},{"type":"Feature","properties":{"Name":"Unknown","Max_Voltag":0,"Owner":" ","COUNTY":"Imperial County","Status":"IN SERVICE"},"geometry":{"type":"Point","coordinates":[-116.010480939788,33.1191833371593]}},{"type":"Feature","properties":{"Name":"Unknown","Max_Voltag":69,"Owner":" ","COUNTY":"Orange County","Status":"IN SERVICE"},"geometry":{"type":"Point","coordinates":[-117.876540770998,33.8538874437356]}},{"type":"Feature","properties":{"Name":"Unknown","Max_Voltag":60,"Owner":" ","COUNTY":"Alameda County","Status":"IN SERVICE"},"geometry":{"type":"Point","coordinates":[-122.08815786212,37.6720593667603]}},{"type":"Feature","properties":{"Name":"Unknown","Max_Voltag":0,"Owner":" ","COUNTY":"San Bernardino County","Status":"IN SERVICE"},"geometry":{"type":"Point","coordinates":[-117.609718123065,34.2641350298138]}},{"type":"Feature","properties":{"Name":"Unknown","Max_Voltag":66,"Owner":" ","COUNTY":"Los Angeles County","Status":"IN SERVICE"},"geometry":{"type":"Point","coordinates":[-117.985422780012,33.9172350001706]}},{"type":"Feature","properties":{"Name":"Unknown","Max_Voltag":0,"Owner":" ","COUNTY":"Los Angeles County","Status":"IN SERVICE"},"geometry":{"type":"Point","coordinates":[-118.07608081957,34.0345308850959]}},{"type":"Feature","properties":{"Name":"Potrero","Max_Voltag":0,"Owner":" ","COUNTY":"San Francisco County","Status":"IN SERVICE"},"geometry":{"type":"Point","coordinates":[-122.386517290135,37.757453387828]}},{"type":"Feature","properties":{"Name":"Sycamore Cogen","Max_Voltag":0,"Owner":" ","COUNTY":"Kern County","Status":"IN SERVICE"},"geometry":{"type":"Point","coordinates":[-119.002767248559,35.4540720120371]}},{"type":"Feature","properties":{"Name":"Unknown","Max_Voltag":0,"Owner":" ","COUNTY":"Orange County","Status":"IN SERVICE"},"geometry":{"type":"Point","coordinates":[-117.911531019985,33.8594349997518]}},{"type":"Feature","properties":{"Name":"Unknown","Max_Voltag":0,"Owner":" ","COUNTY":"Orange County","Status":"IN SERVICE"},"geometry":{"type":"Point","coordinates":[-117.889905000293,33.8890239998685]}},{"type":"Feature","properties":{"Name":"Unknown","Max_Voltag":66,"Owner":" ","COUNTY":"Orange County","Status":"IN SERVICE"},"geometry":{"type":"Point","coordinates":[-117.844285999848,33.80884300017]}},{"type":"Feature","properties":{"Name":"Unknown","Max_Voltag":66,"Owner":" ","COUNTY":"Orange County","Status":"IN SERVICE"},"geometry":{"type":"Point","coordinates":[-117.822284000175,33.81390100037]}},{"type":"Feature","properties":{"Name":"Stafford Junction","Max_Voltag":60,"Owner":" ","COUNTY":"Marin County","Status":"IN SERVICE"},"geometry":{"type":"Point","coordinates":[-122.630051000241,38.1214419997979]}},{"type":"Feature","properties":{"Name":"Unknown","Max_Voltag":0,"Owner":" ","COUNTY":"Madera County","Status":"NOT AVAILABLE"},"geometry":{"type":"Point","coordinates":[-120.106988014608,36.9238432029091]}},{"type":"Feature","properties":{"Name":"Unknown","Max_Voltag":66,"Owner":" ","COUNTY":"San Bernardino County","Status":"NOT AVAILABLE"},"geometry":{"type":"Point","coordinates":[-117.319285669865,34.0558620700938]}},{"type":"Feature","properties":{"Name":"Unknown","Max_Voltag":0,"Owner":" ","COUNTY":"Orange County","Status":"IN SERVICE"},"geometry":{"type":"Point","coordinates":[-117.906950999933,33.8594760003406]}},{"type":"Feature","properties":{"Name":"Unknown","Max_Voltag":60,"Owner":" ","COUNTY":"Monterey County","Status":"NOT AVAILABLE"},"geometry":{"type":"Point","coordinates":[-121.866683112961,36.5941728998529]}},{"type":"Feature","properties":{"Name":"Unknown","Max_Voltag":60,"Owner":" ","COUNTY":"Fresno County","Status":"IN SERVICE"},"geometry":{"type":"Point","coordinates":[-120.430122298135,36.7203048087921]}},{"type":"Feature","properties":{"Name":"Unknown","Max_Voltag":115,"Owner":" ","COUNTY":"Kern County","Status":"IN SERVICE"},"geometry":{"type":"Point","coordinates":[-119.571391000329,35.1840409997323]}},{"type":"Feature","properties":{"Name":"Capco Madera","Max_Voltag":60,"Owner":" ","COUNTY":"Fresno County","Status":"IN SERVICE"},"geometry":{"type":"Point","coordinates":[-120.449600808003,36.8360757261367]}},{"type":"Feature","properties":{"Name":"Unknown","Max_Voltag":60,"Owner":" ","COUNTY":"Tehama County","Status":"IN SERVICE"},"geometry":{"type":"Point","coordinates":[-122.233408000122,40.0697950001168]}},{"type":"Feature","properties":{"Name":"Unknown","Max_Voltag":0,"Owner":" ","COUNTY":"Los Angeles County","Status":"IN SERVICE"},"geometry":{"type":"Point","coordinates":[-118.46733692207,34.0718296661535]}},{"type":"Feature","properties":{"Name":"Unknown","Max_Voltag":92,"Owner":" ","COUNTY":"Imperial County","Status":"NOT AVAILABLE"},"geometry":{"type":"Point","coordinates":[-115.509469436748,32.7814261698241]}},{"type":"Feature","properties":{"Name":"Unknown","Max_Voltag":66,"Owner":" ","COUNTY":"Orange County","Status":"IN SERVICE"},"geometry":{"type":"Point","coordinates":[-117.944279000361,33.6524210001317]}},{"type":"Feature","properties":{"Name":"Bucks Creek","Max_Voltag":230,"Owner":" ","COUNTY":"Plumas County","Status":"IN SERVICE"},"geometry":{"type":"Point","coordinates":[-121.283901163118,39.986407290769]}},{"type":"Feature","properties":{"Name":"Unknown","Max_Voltag":66,"Owner":" ","COUNTY":"Los Angeles County","Status":"IN SERVICE"},"geometry":{"type":"Point","coordinates":[-117.763050054233,34.0358999600876]}},{"type":"Feature","properties":{"Name":"Unknown","Max_Voltag":66,"Owner":" ","COUNTY":"Kern County","Status":"IN SERVICE"},"geometry":{"type":"Point","coordinates":[-118.310360868052,35.0529430672004]}},{"type":"Feature","properties":{"Name":"Geysers Tap 6","Max_Voltag":230,"Owner":" ","COUNTY":"Sonoma County","Status":"IN SERVICE"},"geometry":{"type":"Point","coordinates":[-122.765661639424,38.7786536660168]}},{"type":"Feature","properties":{"Name":"Unknown","Max_Voltag":66,"Owner":" ","COUNTY":"Santa Barbara County","Status":"IN SERVICE"},"geometry":{"type":"Point","coordinates":[-119.87188914905,34.4302590677741]}},{"type":"Feature","properties":{"Name":"Unknown","Max_Voltag":66,"Owner":" ","COUNTY":"Los Angeles County","Status":"IN SERVICE"},"geometry":{"type":"Point","coordinates":[-118.012085560077,33.9269051200864]}},{"type":"Feature","properties":{"Name":"IBM Cottle Tap","Max_Voltag":115,"Owner":" ","COUNTY":"Santa Clara County","Status":"IN SERVICE"},"geometry":{"type":"Point","coordinates":[-121.795598678028,37.2444872988875]}},{"type":"Feature","properties":{"Name":"Unknown","Max_Voltag":115,"Owner":" ","COUNTY":"Fresno County","Status":"IN SERVICE"},"geometry":{"type":"Point","coordinates":[-119.700344990306,36.7487923561791]}},{"type":"Feature","properties":{"Name":"Unknown","Max_Voltag":66,"Owner":" ","COUNTY":"Kern County","Status":"IN SERVICE"},"geometry":{"type":"Point","coordinates":[-118.695420573181,35.7212962581659]}},{"type":"Feature","properties":{"Name":"Unknown","Max_Voltag":60,"Owner":" ","COUNTY":"Humboldt County","Status":"IN SERVICE"},"geometry":{"type":"Point","coordinates":[-124.098954000378,40.495376000077]}},{"type":"Feature","properties":{"Name":"Castro Valley Tap","Max_Voltag":230,"Owner":" ","COUNTY":"Alameda County","Status":"IN SERVICE"},"geometry":{"type":"Point","coordinates":[-122.042745512818,37.6933017069456]}},{"type":"Feature","properties":{"Name":"Atwater Tap","Max_Voltag":115,"Owner":" ","COUNTY":"Merced County","Status":"IN SERVICE"},"geometry":{"type":"Point","coordinates":[-120.632620356106,37.3312281069175]}},{"type":"Feature","properties":{"Name":"SS3144 Tap","Max_Voltag":66,"Owner":" ","COUNTY":"Los Angeles County","Status":"IN SERVICE"},"geometry":{"type":"Point","coordinates":[-118.226423507816,34.1210132977747]}},{"type":"Feature","properties":{"Name":"Unknown","Max_Voltag":60,"Owner":" ","COUNTY":"Sonoma County","Status":"IN SERVICE"},"geometry":{"type":"Point","coordinates":[-122.851353177645,38.4813640112934]}},{"type":"Feature","properties":{"Name":"Unknown","Max_Voltag":66,"Owner":" ","COUNTY":"Los Angeles County","Status":"IN SERVICE"},"geometry":{"type":"Point","coordinates":[-118.225017489886,33.948674680313]}},{"type":"Feature","properties":{"Name":"IBM Bailey Tap","Max_Voltag":0,"Owner":" ","COUNTY":"Santa Clara County","Status":"IN SERVICE"},"geometry":{"type":"Point","coordinates":[-121.763293820412,37.2146459642894]}},{"type":"Feature","properties":{"Name":"Unknown","Max_Voltag":60,"Owner":" ","COUNTY":"Amador County","Status":"IN SERVICE"},"geometry":{"type":"Point","coordinates":[-120.673783000377,38.3314420002417]}},{"type":"Feature","properties":{"Name":"Unknown","Max_Voltag":60,"Owner":" ","COUNTY":"Sacramento County","Status":"IN SERVICE"},"geometry":{"type":"Point","coordinates":[-121.43331176212,38.6025676062641]}},{"type":"Feature","properties":{"Name":"Unknown","Max_Voltag":0,"Owner":" ","COUNTY":"Sacramento County","Status":"IN SERVICE"},"geometry":{"type":"Point","coordinates":[-121.406119000291,38.5887180001676]}},{"type":"Feature","properties":{"Name":"Geysers Tap  9","Max_Voltag":230,"Owner":" ","COUNTY":"Sonoma County","Status":"IN SERVICE"},"geometry":{"type":"Point","coordinates":[-122.75240343379,38.7778403011369]}},{"type":"Feature","properties":{"Name":"Unknown","Max_Voltag":60,"Owner":" ","COUNTY":"Sacramento County","Status":"IN SERVICE"},"geometry":{"type":"Point","coordinates":[-121.242269546166,38.5060691897855]}},{"type":"Feature","properties":{"Name":"Unknown","Max_Voltag":66,"Owner":" ","COUNTY":"Tulare County","Status":"IN SERVICE"},"geometry":{"type":"Point","coordinates":[-119.367236080664,36.2982214072017]}},{"type":"Feature","properties":{"Name":"Deepwater Tap","Max_Voltag":115,"Owner":" ","COUNTY":"Yolo County","Status":"IN SERVICE"},"geometry":{"type":"Point","coordinates":[-121.564434175598,38.583164963075]}},{"type":"Feature","properties":{"Name":"Unknown","Max_Voltag":66,"Owner":" ","COUNTY":"Los Angeles County","Status":"IN SERVICE"},"geometry":{"type":"Point","coordinates":[-118.067543868914,33.9547219582167]}},{"type":"Feature","properties":{"Name":"Unknown","Max_Voltag":115,"Owner":" ","COUNTY":"Kern County","Status":"IN SERVICE"},"geometry":{"type":"Point","coordinates":[-119.642782097641,35.4412240146819]}},{"type":"Feature","properties":{"Name":"Unknown","Max_Voltag":115,"Owner":" ","COUNTY":"Santa Clara County","Status":"IN SERVICE"},"geometry":{"type":"Point","coordinates":[-121.537320849994,36.9985943630641]}},{"type":"Feature","properties":{"Name":"Unknown","Max_Voltag":70,"Owner":" ","COUNTY":"Kern County","Status":"IN SERVICE"},"geometry":{"type":"Point","coordinates":[-119.064755458807,35.0599834476562]}},{"type":"Feature","properties":{"Name":"Unknown","Max_Voltag":69,"Owner":" ","COUNTY":"Orange County","Status":"IN SERVICE"},"geometry":{"type":"Point","coordinates":[-117.775458999784,33.8643279997337]}},{"type":"Feature","properties":{"Name":"Unknown","Max_Voltag":60,"Owner":" ","COUNTY":"Kings County","Status":"IN SERVICE"},"geometry":{"type":"Point","coordinates":[-119.637040673606,36.4048458040882]}},{"type":"Feature","properties":{"Name":"Imhoff Tap 2","Max_Voltag":115,"Owner":" ","COUNTY":"Contra Costa County","Status":"IN SERVICE"},"geometry":{"type":"Point","coordinates":[-122.067301698627,38.0177794619561]}},{"type":"Feature","properties":{"Name":"Vineyard Tap","Max_Voltag":0,"Owner":" ","COUNTY":"Alameda County","Status":"IN SERVICE"},"geometry":{"type":"Point","coordinates":[-121.85411033716,37.6690748291285]}},{"type":"Feature","properties":{"Name":"Unknown","Max_Voltag":60,"Owner":" ","COUNTY":"Sacramento County","Status":"IN SERVICE"},"geometry":{"type":"Point","coordinates":[-121.391630289568,38.5473765216645]}},{"type":"Feature","properties":{"Name":"Unknown","Max_Voltag":0,"Owner":" ","COUNTY":"Sacramento County","Status":"IN SERVICE"},"geometry":{"type":"Point","coordinates":[-121.139170999647,38.6836819998094]}},{"type":"Feature","properties":{"Name":"Millbrae Tap","Max_Voltag":60,"Owner":" ","COUNTY":"San Mateo County","Status":"IN SERVICE"},"geometry":{"type":"Point","coordinates":[-122.416706509256,37.5927162470167]}},{"type":"Feature","properties":{"Name":"Unknown","Max_Voltag":60,"Owner":" ","COUNTY":"Monterey County","Status":"IN SERVICE"},"geometry":{"type":"Point","coordinates":[-121.391650000402,36.4666609996546]}},{"type":"Feature","properties":{"Name":"Unknown","Max_Voltag":60,"Owner":" ","COUNTY":"Monterey County","Status":"IN SERVICE"},"geometry":{"type":"Point","coordinates":[-121.539892163408,36.6300442701285]}},{"type":"Feature","properties":{"Name":"Unknown","Max_Voltag":60,"Owner":" ","COUNTY":"Sacramento County","Status":"IN SERVICE"},"geometry":{"type":"Point","coordinates":[-121.322994249773,38.558721610221]}},{"type":"Feature","properties":{"Name":"Kasson Tap 1","Max_Voltag":115,"Owner":" ","COUNTY":"San Joaquin County","Status":"IN SERVICE"},"geometry":{"type":"Point","coordinates":[-121.351649605428,37.7527703323362]}},{"type":"Feature","properties":{"Name":"Unknown","Max_Voltag":60,"Owner":" ","COUNTY":"Solano County","Status":"IN SERVICE"},"geometry":{"type":"Point","coordinates":[-122.15723900007,38.2218080002612]}},{"type":"Feature","properties":{"Name":"Unknown","Max_Voltag":60,"Owner":" ","COUNTY":"Sacramento County","Status":"IN SERVICE"},"geometry":{"type":"Point","coordinates":[-121.262390000221,38.6791680000113]}},{"type":"Feature","properties":{"Name":"Unknown","Max_Voltag":115,"Owner":" ","COUNTY":"Merced County","Status":"IN SERVICE"},"geometry":{"type":"Point","coordinates":[-120.434107999981,37.1855459999381]}},{"type":"Feature","properties":{"Name":"Unknown","Max_Voltag":115,"Owner":" ","COUNTY":"Santa Clara County","Status":"IN SERVICE"},"geometry":{"type":"Point","coordinates":[-121.962905341644,37.4317786270502]}},{"type":"Feature","properties":{"Name":"Unknown","Max_Voltag":60,"Owner":" ","COUNTY":"Sacramento County","Status":"IN SERVICE"},"geometry":{"type":"Point","coordinates":[-121.308813000032,38.7089919996717]}},{"type":"Feature","properties":{"Name":"Unknown","Max_Voltag":60,"Owner":" ","COUNTY":"Butte County","Status":"IN SERVICE"},"geometry":{"type":"Point","coordinates":[-121.635987010984,39.6545807727588]}},{"type":"Feature","properties":{"Name":"Unknown","Max_Voltag":60,"Owner":" ","COUNTY":"San Joaquin County","Status":"IN SERVICE"},"geometry":{"type":"Point","coordinates":[-121.285708323738,37.9896287622969]}},{"type":"Feature","properties":{"Name":"Unknown","Max_Voltag":66,"Owner":" ","COUNTY":"Ventura County","Status":"IN SERVICE"},"geometry":{"type":"Point","coordinates":[-119.118190987101,34.1544939908408]}},{"type":"Feature","properties":{"Name":"Geysers Tap 3","Max_Voltag":230,"Owner":" ","COUNTY":"Sonoma County","Status":"IN SERVICE"},"geometry":{"type":"Point","coordinates":[-122.724322436673,38.7561676198963]}},{"type":"Feature","properties":{"Name":"Unknown","Max_Voltag":60,"Owner":" ","COUNTY":"Monterey County","Status":"IN SERVICE"},"geometry":{"type":"Point","coordinates":[-121.568188634022,36.6129643613471]}},{"type":"Feature","properties":{"Name":"United Cogen Tap","Max_Voltag":115,"Owner":" ","COUNTY":"San Mateo County","Status":"IN SERVICE"},"geometry":{"type":"Point","coordinates":[-122.406318040968,37.6382953908008]}},{"type":"Feature","properties":{"Name":"Walnut-Engle Tap","Max_Voltag":0,"Owner":" ","COUNTY":"Sacramento County","Status":"IN SERVICE"},"geometry":{"type":"Point","coordinates":[-121.336849487423,38.6316568172414]}},{"type":"Feature","properties":{"Name":"Unknown","Max_Voltag":66,"Owner":" ","COUNTY":"Los Angeles County","Status":"IN SERVICE"},"geometry":{"type":"Point","coordinates":[-118.283143590301,33.7980541697511]}},{"type":"Feature","properties":{"Name":"Granite Hills Tap","Max_Voltag":69,"Owner":" ","COUNTY":"San Diego County","Status":"IN SERVICE"},"geometry":{"type":"Point","coordinates":[-116.893174999919,32.7906950000934]}},{"type":"Feature","properties":{"Name":"Unknown","Max_Voltag":34,"Owner":" ","COUNTY":"San Bernardino County","Status":"IN SERVICE"},"geometry":{"type":"Point","coordinates":[-116.814925922979,34.2651001498901]}},{"type":"Feature","properties":{"Name":"Unknown","Max_Voltag":115,"Owner":" ","COUNTY":"Santa Clara County","Status":"IN SERVICE"},"geometry":{"type":"Point","coordinates":[-121.954965160695,37.4374820317523]}},{"type":"Feature","properties":{"Name":"Unknown","Max_Voltag":66,"Owner":" ","COUNTY":"Ventura County","Status":"IN SERVICE"},"geometry":{"type":"Point","coordinates":[-119.138682725643,34.3171785952196]}},{"type":"Feature","properties":{"Name":"San Andreas Tap","Max_Voltag":60,"Owner":" ","COUNTY":"San Mateo County","Status":"IN SERVICE"},"geometry":{"type":"Point","coordinates":[-122.424036920976,37.5990923260954]}},{"type":"Feature","properties":{"Name":"Unknown","Max_Voltag":66,"Owner":" ","COUNTY":"Los Angeles County","Status":"IN SERVICE"},"geometry":{"type":"Point","coordinates":[-118.153213310375,33.9938607199019]}},{"type":"Feature","properties":{"Name":"Unknown","Max_Voltag":60,"Owner":" ","COUNTY":"Placer County","Status":"IN SERVICE"},"geometry":{"type":"Point","coordinates":[-120.030349616973,39.2433691098287]}},{"type":"Feature","properties":{"Name":"Unknown","Max_Voltag":115,"Owner":" ","COUNTY":"Butte County","Status":"IN SERVICE"},"geometry":{"type":"Point","coordinates":[-121.688540904811,39.4867217778106]}},{"type":"Feature","properties":{"Name":"Albatross Tap","Max_Voltag":0,"Owner":" ","COUNTY":"Sacramento County","Status":"IN SERVICE"},"geometry":{"type":"Point","coordinates":[-121.415083999977,38.6107249999798]}},{"type":"Feature","properties":{"Name":"Unknown","Max_Voltag":138,"Owner":" ","COUNTY":"Orange County","Status":"IN SERVICE"},"geometry":{"type":"Point","coordinates":[-117.668647668585,33.5141336000189]}},{"type":"Feature","properties":{"Name":"Unknown","Max_Voltag":60,"Owner":" ","COUNTY":"Sacramento County","Status":"IN SERVICE"},"geometry":{"type":"Point","coordinates":[-121.446447052172,38.4629419938976]}},{"type":"Feature","properties":{"Name":"Unknown","Max_Voltag":60,"Owner":" ","COUNTY":"Kern County","Status":"IN SERVICE"},"geometry":{"type":"Point","coordinates":[-119.915360567806,35.7892328708081]}},{"type":"Feature","properties":{"Name":"Unknown","Max_Voltag":70,"Owner":" ","COUNTY":"Mariposa County","Status":"IN SERVICE"},"geometry":{"type":"Point","coordinates":[-120.002421489761,37.585471877646]}},{"type":"Feature","properties":{"Name":"Unknown","Max_Voltag":66,"Owner":" ","COUNTY":"Orange County","Status":"IN SERVICE"},"geometry":{"type":"Point","coordinates":[-117.82749067958,33.7325839247661]}},{"type":"Feature","properties":{"Name":"Unknown","Max_Voltag":60,"Owner":" ","COUNTY":"Sacramento County","Status":"IN SERVICE"},"geometry":{"type":"Point","coordinates":[-121.457996961274,38.4436199343099]}},{"type":"Feature","properties":{"Name":"Lockheed 1 Tap","Max_Voltag":115,"Owner":" ","COUNTY":"Santa Clara County","Status":"IN SERVICE"},"geometry":{"type":"Point","coordinates":[-122.005173080801,37.4172593202724]}},{"type":"Feature","properties":{"Name":"Unknown","Max_Voltag":60,"Owner":" ","COUNTY":"Solano County","Status":"IN SERVICE"},"geometry":{"type":"Point","coordinates":[-121.86443118207,38.2318458893465]}},{"type":"Feature","properties":{"Name":"Unknown","Max_Voltag":115,"Owner":" ","COUNTY":"San Bernardino County","Status":"IN SERVICE"},"geometry":{"type":"Point","coordinates":[-117.555537000271,35.0094779999063]}},{"type":"Feature","properties":{"Name":"Unknown","Max_Voltag":66,"Owner":" ","COUNTY":"San Bernardino County","Status":"IN SERVICE"},"geometry":{"type":"Point","coordinates":[-117.111920009679,34.0298038803394]}},{"type":"Feature","properties":{"Name":"Unknown","Max_Voltag":66,"Owner":" ","COUNTY":"San Bernardino County","Status":"IN SERVICE"},"geometry":{"type":"Point","coordinates":[-117.688889570375,33.9897675802326]}},{"type":"Feature","properties":{"Name":"Bollman Tap 2","Max_Voltag":115,"Owner":" ","COUNTY":"Contra Costa County","Status":"IN SERVICE"},"geometry":{"type":"Point","coordinates":[-122.033754419768,38.0306935017903]}},{"type":"Feature","properties":{"Name":"Unknown","Max_Voltag":230,"Owner":" ","COUNTY":"Sonoma County","Status":"IN SERVICE"},"geometry":{"type":"Point","coordinates":[-122.754491247868,38.7543263899537]}},{"type":"Feature","properties":{"Name":"Unknown","Max_Voltag":115,"Owner":" ","COUNTY":"Santa Clara County","Status":"IN SERVICE"},"geometry":{"type":"Point","coordinates":[-121.215658977083,37.0683880956438]}},{"type":"Feature","properties":{"Name":"Unknown","Max_Voltag":92,"Owner":" ","COUNTY":"Imperial County","Status":"IN SERVICE"},"geometry":{"type":"Point","coordinates":[-115.640290000121,33.1568330000727]}},{"type":"Feature","properties":{"Name":"Unknown","Max_Voltag":60,"Owner":" ","COUNTY":"Sacramento County","Status":"IN SERVICE"},"geometry":{"type":"Point","coordinates":[-121.444826999845,38.3237750000235]}},{"type":"Feature","properties":{"Name":"Unknown","Max_Voltag":60,"Owner":" ","COUNTY":"Fresno County","Status":"IN SERVICE"},"geometry":{"type":"Point","coordinates":[-120.387348132837,36.7201898940869]}},{"type":"Feature","properties":{"Name":"Unknown","Max_Voltag":60,"Owner":" ","COUNTY":"Sacramento County","Status":"IN SERVICE"},"geometry":{"type":"Point","coordinates":[-121.390873382584,38.5104817910763]}},{"type":"Feature","properties":{"Name":"Unknown","Max_Voltag":60,"Owner":" ","COUNTY":"San Joaquin County","Status":"IN SERVICE"},"geometry":{"type":"Point","coordinates":[-121.370713010092,38.112473810171]}},{"type":"Feature","properties":{"Name":"Unknown","Max_Voltag":60,"Owner":" ","COUNTY":"Stanislaus County","Status":"IN SERVICE"},"geometry":{"type":"Point","coordinates":[-121.012759000277,37.6892419999362]}},{"type":"Feature","properties":{"Name":"Unknown","Max_Voltag":60,"Owner":" ","COUNTY":"Sacramento County","Status":"IN SERVICE"},"geometry":{"type":"Point","coordinates":[-121.336835179057,38.6479524959148]}},{"type":"Feature","properties":{"Name":"Port Costa Brick Tap","Max_Voltag":60,"Owner":" ","COUNTY":"Contra Costa County","Status":"IN SERVICE"},"geometry":{"type":"Point","coordinates":[-122.166173999619,38.0214510001088]}},{"type":"Feature","properties":{"Name":"Unknown","Max_Voltag":66,"Owner":" ","COUNTY":"Riverside County","Status":"IN SERVICE"},"geometry":{"type":"Point","coordinates":[-117.558089256825,34.0187856807941]}},{"type":"Feature","properties":{"Name":"Unknown","Max_Voltag":60,"Owner":" ","COUNTY":"Sacramento County","Status":"IN SERVICE"},"geometry":{"type":"Point","coordinates":[-121.464701867977,38.5064367822107]}},{"type":"Feature","properties":{"Name":"Unknown","Max_Voltag":60,"Owner":" ","COUNTY":"Humboldt County","Status":"IN SERVICE"},"geometry":{"type":"Point","coordinates":[-124.112981819666,41.0803513177024]}},{"type":"Feature","properties":{"Name":"Unknown","Max_Voltag":60,"Owner":" ","COUNTY":"Sacramento County","Status":"IN SERVICE"},"geometry":{"type":"Point","coordinates":[-121.453002310328,38.4825676371074]}},{"type":"Feature","properties":{"Name":"Unknown","Max_Voltag":60,"Owner":" ","COUNTY":"Stanislaus County","Status":"IN SERVICE"},"geometry":{"type":"Point","coordinates":[-121.01860513284,37.6530907347803]}},{"type":"Feature","properties":{"Name":"Unknown","Max_Voltag":60,"Owner":" ","COUNTY":"Contra Costa County","Status":"IN SERVICE"},"geometry":{"type":"Point","coordinates":[-122.073611496623,37.9264111161616]}},{"type":"Feature","properties":{"Name":"Warne Tap","Max_Voltag":0,"Owner":" ","COUNTY":"Los Angeles County","Status":"IN SERVICE"},"geometry":{"type":"Point","coordinates":[-118.741147880805,34.7047355623396]}},{"type":"Feature","properties":{"Name":"Unknown","Max_Voltag":66,"Owner":" ","COUNTY":"San Bernardino County","Status":"IN SERVICE"},"geometry":{"type":"Point","coordinates":[-117.261317999927,34.0485150000125]}},{"type":"Feature","properties":{"Name":"Unknown","Max_Voltag":115,"Owner":" ","COUNTY":"Riverside County","Status":"IN SERVICE"},"geometry":{"type":"Point","coordinates":[-116.373851509594,33.757786591215]}},{"type":"Feature","properties":{"Name":"Unknown","Max_Voltag":60,"Owner":" ","COUNTY":"Sacramento County","Status":"IN SERVICE"},"geometry":{"type":"Point","coordinates":[-121.317983999582,38.6809489998451]}},{"type":"Feature","properties":{"Name":"Unknown","Max_Voltag":60,"Owner":" ","COUNTY":"Tehama County","Status":"IN SERVICE"},"geometry":{"type":"Point","coordinates":[-122.246996531557,40.1864091738418]}},{"type":"Feature","properties":{"Name":"Unknown","Max_Voltag":115,"Owner":" ","COUNTY":"Kern County","Status":"IN SERVICE"},"geometry":{"type":"Point","coordinates":[-119.687006000077,35.4237709996798]}},{"type":"Feature","properties":{"Name":"Unknown","Max_Voltag":60,"Owner":" ","COUNTY":"Monterey County","Status":"IN SERVICE"},"geometry":{"type":"Point","coordinates":[-121.892503929958,36.5995907408234]}},{"type":"Feature","properties":{"Name":"Unknown","Max_Voltag":115,"Owner":" ","COUNTY":"Fresno County","Status":"IN SERVICE"},"geometry":{"type":"Point","coordinates":[-119.580922250359,36.5387229790269]}},{"type":"Feature","properties":{"Name":"Unknown","Max_Voltag":60,"Owner":" ","COUNTY":"Placer County","Status":"IN SERVICE"},"geometry":{"type":"Point","coordinates":[-121.304078472446,38.7950424418682]}},{"type":"Feature","properties":{"Name":"Domtar #2 Tap","Max_Voltag":115,"Owner":" ","COUNTY":"Alameda County","Status":"IN SERVICE"},"geometry":{"type":"Point","coordinates":[-122.17874891341,37.7100079793324]}},{"type":"Feature","properties":{"Name":"Unknown","Max_Voltag":60,"Owner":" ","COUNTY":"San Joaquin County","Status":"IN SERVICE"},"geometry":{"type":"Point","coordinates":[-121.28757500044,38.077617000004]}},{"type":"Feature","properties":{"Name":"Watershed Tap","Max_Voltag":60,"Owner":" ","COUNTY":"San Mateo County","Status":"IN SERVICE"},"geometry":{"type":"Point","coordinates":[-122.314300642873,37.4853725010934]}},{"type":"Feature","properties":{"Name":"Unknown","Max_Voltag":115,"Owner":" ","COUNTY":"San Bernardino County","Status":"IN SERVICE"},"geometry":{"type":"Point","coordinates":[-116.171471473183,34.1496761650488]}},{"type":"Feature","properties":{"Name":"Unknown","Max_Voltag":66,"Owner":" ","COUNTY":"Orange County","Status":"IN SERVICE"},"geometry":{"type":"Point","coordinates":[-117.885171869587,33.7160523902807]}},{"type":"Feature","properties":{"Name":"Unknown","Max_Voltag":60,"Owner":" ","COUNTY":"Sacramento County","Status":"IN SERVICE"},"geometry":{"type":"Point","coordinates":[-121.422312000162,38.5320270000126]}},{"type":"Feature","properties":{"Name":"Unknown","Max_Voltag":60,"Owner":" ","COUNTY":"Colusa County","Status":"IN SERVICE"},"geometry":{"type":"Point","coordinates":[-122.132804989632,39.1448691351257]}},{"type":"Feature","properties":{"Name":"Wright Tap","Max_Voltag":0,"Owner":" ","COUNTY":"Sacramento County","Status":"IN SERVICE"},"geometry":{"type":"Point","coordinates":[-121.405985000397,38.6253890003411]}},{"type":"Feature","properties":{"Name":"Unknown","Max_Voltag":115,"Owner":" ","COUNTY":"Yolo County","Status":"IN SERVICE"},"geometry":{"type":"Point","coordinates":[-121.656694000242,38.4638459996586]}},{"type":"Feature","properties":{"Name":"Unknown","Max_Voltag":60,"Owner":" ","COUNTY":"San Joaquin County","Status":"IN SERVICE"},"geometry":{"type":"Point","coordinates":[-121.287047772912,37.9934429830969]}},{"type":"Feature","properties":{"Name":"Unknown","Max_Voltag":66,"Owner":" ","COUNTY":"Los Angeles County","Status":"IN SERVICE"},"geometry":{"type":"Point","coordinates":[-118.147877356215,34.6459016299859]}},{"type":"Feature","properties":{"Name":"Unknown","Max_Voltag":60,"Owner":" ","COUNTY":"Sacramento County","Status":"IN SERVICE"},"geometry":{"type":"Point","coordinates":[-121.345789029752,38.5952130929338]}},{"type":"Feature","properties":{"Name":"Unknown","Max_Voltag":60,"Owner":" ","COUNTY":"Contra Costa County","Status":"IN SERVICE"},"geometry":{"type":"Point","coordinates":[-121.875457620399,38.0140662079037]}},{"type":"Feature","properties":{"Name":"Unknown","Max_Voltag":66,"Owner":" ","COUNTY":"Ventura County","Status":"IN SERVICE"},"geometry":{"type":"Point","coordinates":[-118.933141211422,34.2728038109996]}},{"type":"Feature","properties":{"Name":"Stockton A Tap","Max_Voltag":115,"Owner":" ","COUNTY":"San Joaquin County","Status":"IN SERVICE"},"geometry":{"type":"Point","coordinates":[-121.309335406302,37.9088880812962]}},{"type":"Feature","properties":{"Name":"Hilltop Tap","Max_Voltag":0,"Owner":" ","COUNTY":"Modoc County","Status":"IN SERVICE"},"geometry":{"type":"Point","coordinates":[-120.632012722173,41.5388124093214]}},{"type":"Feature","properties":{"Name":"Unknown","Max_Voltag":69,"Owner":" ","COUNTY":"San Diego County","Status":"IN SERVICE"},"geometry":{"type":"Point","coordinates":[-116.697353842773,32.7696583997957]}},{"type":"Feature","properties":{"Name":"Unknown","Max_Voltag":115,"Owner":" ","COUNTY":"Butte County","Status":"IN SERVICE"},"geometry":{"type":"Point","coordinates":[-121.539757116078,39.4918772772177]}},{"type":"Feature","properties":{"Name":"Unknown","Max_Voltag":66,"Owner":" ","COUNTY":"Orange County","Status":"IN SERVICE"},"geometry":{"type":"Point","coordinates":[-117.967904720181,33.8590392699166]}},{"type":"Feature","properties":{"Name":"Unknown","Max_Voltag":60,"Owner":" ","COUNTY":"Sacramento County","Status":"IN SERVICE"},"geometry":{"type":"Point","coordinates":[-121.178714021885,38.603171845797]}},{"type":"Feature","properties":{"Name":"Deepwater Tap","Max_Voltag":115,"Owner":" ","COUNTY":"Yolo County","Status":"IN SERVICE"},"geometry":{"type":"Point","coordinates":[-121.5648228883,38.5833799498235]}},{"type":"Feature","properties":{"Name":"Rossmoor Tap 1","Max_Voltag":230,"Owner":" ","COUNTY":"Contra Costa County","Status":"IN SERVICE"},"geometry":{"type":"Point","coordinates":[-122.076035009326,37.8557906506922]}},{"type":"Feature","properties":{"Name":"Unknown","Max_Voltag":60,"Owner":" ","COUNTY":"Sacramento County","Status":"IN SERVICE"},"geometry":{"type":"Point","coordinates":[-121.223253614769,38.5017509449569]}},{"type":"Feature","properties":{"Name":"Unknown","Max_Voltag":115,"Owner":" ","COUNTY":"Madera County","Status":"IN SERVICE"},"geometry":{"type":"Point","coordinates":[-120.233418000047,37.1059379997543]}},{"type":"Feature","properties":{"Name":"Unknown","Max_Voltag":60,"Owner":" ","COUNTY":"Yolo County","Status":"IN SERVICE"},"geometry":{"type":"Point","coordinates":[-121.692576113711,38.7490667578472]}},{"type":"Feature","properties":{"Name":"Unknown","Max_Voltag":60,"Owner":" ","COUNTY":"San Joaquin County","Status":"IN SERVICE"},"geometry":{"type":"Point","coordinates":[-121.278966992147,38.0370518741963]}},{"type":"Feature","properties":{"Name":"Unknown","Max_Voltag":66,"Owner":" ","COUNTY":"Orange County","Status":"IN SERVICE"},"geometry":{"type":"Point","coordinates":[-117.864060100361,33.9233975099556]}},{"type":"Feature","properties":{"Name":"Unknown","Max_Voltag":92,"Owner":" ","COUNTY":"Riverside County","Status":"IN SERVICE"},"geometry":{"type":"Point","coordinates":[-116.234012456351,33.6999432328339]}},{"type":"Feature","properties":{"Name":"Unknown","Max_Voltag":66,"Owner":" ","COUNTY":"Los Angeles County","Status":"IN SERVICE"},"geometry":{"type":"Point","coordinates":[-118.107789000005,33.7885410002101]}},{"type":"Feature","properties":{"Name":"Unknown","Max_Voltag":115,"Owner":" ","COUNTY":"Kern County","Status":"IN SERVICE"},"geometry":{"type":"Point","coordinates":[-119.454767143109,35.7177783922031]}},{"type":"Feature","properties":{"Name":"Unknown","Max_Voltag":70,"Owner":" ","COUNTY":"Kern County","Status":"IN SERVICE"},"geometry":{"type":"Point","coordinates":[-119.064835151949,35.0650717200619]}},{"type":"Feature","properties":{"Name":"Unknown","Max_Voltag":60,"Owner":" ","COUNTY":"Sacramento County","Status":"IN SERVICE"},"geometry":{"type":"Point","coordinates":[-121.316324225551,38.4962930369983]}},{"type":"Feature","properties":{"Name":"Unknown","Max_Voltag":60,"Owner":" ","COUNTY":"Sacramento County","Status":"IN SERVICE"},"geometry":{"type":"Point","coordinates":[-121.311551876197,38.2650566933064]}},{"type":"Feature","properties":{"Name":"Unknown","Max_Voltag":115,"Owner":" ","COUNTY":"San Bernardino County","Status":"IN SERVICE"},"geometry":{"type":"Point","coordinates":[-117.293958472625,34.4128065621492]}},{"type":"Feature","properties":{"Name":"Unknown","Max_Voltag":66,"Owner":" ","COUNTY":"San Bernardino County","Status":"IN SERVICE"},"geometry":{"type":"Point","coordinates":[-117.769076354706,34.0029292416328]}},{"type":"Feature","properties":{"Name":"Unknown","Max_Voltag":60,"Owner":" ","COUNTY":"Sacramento County","Status":"IN SERVICE"},"geometry":{"type":"Point","coordinates":[-121.321169601649,38.2910790028407]}},{"type":"Feature","properties":{"Name":"Unknown","Max_Voltag":66,"Owner":" ","COUNTY":"Los Angeles County","Status":"IN SERVICE"},"geometry":{"type":"Point","coordinates":[-118.045155079833,34.0821480002248]}},{"type":"Feature","properties":{"Name":"Unknown","Max_Voltag":60,"Owner":" ","COUNTY":"Sacramento County","Status":"IN SERVICE"},"geometry":{"type":"Point","coordinates":[-121.417676231562,38.3721924500077]}},{"type":"Feature","properties":{"Name":"Unknown","Max_Voltag":66,"Owner":" ","COUNTY":"Orange County","Status":"IN SERVICE"},"geometry":{"type":"Point","coordinates":[-117.976426860314,33.8589839897387]}},{"type":"Feature","properties":{"Name":"Unknown","Max_Voltag":60,"Owner":" ","COUNTY":"Stanislaus County","Status":"IN SERVICE"},"geometry":{"type":"Point","coordinates":[-121.012912421748,37.703745040786]}},{"type":"Feature","properties":{"Name":"Unknown","Max_Voltag":70,"Owner":" ","COUNTY":"Kern County","Status":"IN SERVICE"},"geometry":{"type":"Point","coordinates":[-119.345429212139,35.1081356577169]}},{"type":"Feature","properties":{"Name":"Unknown","Max_Voltag":66,"Owner":" ","COUNTY":"Los Angeles County","Status":"IN SERVICE"},"geometry":{"type":"Point","coordinates":[-118.075024199574,34.0908260000633]}},{"type":"Feature","properties":{"Name":"Unknown","Max_Voltag":66,"Owner":" ","COUNTY":"San Bernardino County","Status":"IN SERVICE"},"geometry":{"type":"Point","coordinates":[-117.667469490361,34.0265772798297]}},{"type":"Feature","properties":{"Name":"Unknown","Max_Voltag":70,"Owner":" ","COUNTY":"Kern County","Status":"IN SERVICE"},"geometry":{"type":"Point","coordinates":[-118.878726580553,35.3618688337598]}},{"type":"Feature","properties":{"Name":"Bunker Tap","Max_Voltag":115,"Owner":" ","COUNTY":"Riverside County","Status":"IN SERVICE"},"geometry":{"type":"Point","coordinates":[-117.221481135166,33.8303113247156]}},{"type":"Feature","properties":{"Name":"Ralston Tap","Max_Voltag":60,"Owner":" ","COUNTY":"San Mateo County","Status":"IN SERVICE"},"geometry":{"type":"Point","coordinates":[-122.33979008843,37.5115777318852]}},{"type":"Feature","properties":{"Name":"Unknown","Max_Voltag":66,"Owner":" ","COUNTY":"Kern County","Status":"IN SERVICE"},"geometry":{"type":"Point","coordinates":[-119.098540084241,35.7617463527662]}},{"type":"Feature","properties":{"Name":"Unknown","Max_Voltag":70,"Owner":" ","COUNTY":"Kern County","Status":"IN SERVICE"},"geometry":{"type":"Point","coordinates":[-119.296514118644,35.0939616320199]}},{"type":"Feature","properties":{"Name":"Las Positas Tap","Max_Voltag":60,"Owner":" ","COUNTY":"Alameda County","Status":"IN SERVICE"},"geometry":{"type":"Point","coordinates":[-121.732779998656,37.7047819819853]}},{"type":"Feature","properties":{"Name":"Unknown","Max_Voltag":66,"Owner":" ","COUNTY":"Kern County","Status":"IN SERVICE"},"geometry":{"type":"Point","coordinates":[-118.319654495723,35.0715444692694]}},{"type":"Feature","properties":{"Name":"Unknown","Max_Voltag":60,"Owner":" ","COUNTY":"Sacramento County","Status":"IN SERVICE"},"geometry":{"type":"Point","coordinates":[-121.418015483922,38.4381929298788]}},{"type":"Feature","properties":{"Name":"Unknown","Max_Voltag":60,"Owner":" ","COUNTY":"Sacramento County","Status":"IN SERVICE"},"geometry":{"type":"Point","coordinates":[-121.417661404868,38.3795999888704]}},{"type":"Feature","properties":{"Name":"MWD Eastside Res Tap","Max_Voltag":115,"Owner":" ","COUNTY":"Riverside County","Status":"IN SERVICE"},"geometry":{"type":"Point","coordinates":[-117.075887861387,33.7141451556333]}},{"type":"Feature","properties":{"Name":"Unknown","Max_Voltag":115,"Owner":" ","COUNTY":"Sacramento County","Status":"IN SERVICE"},"geometry":{"type":"Point","coordinates":[-121.146791000367,38.6909079999092]}},{"type":"Feature","properties":{"Name":"SS3143 Tap","Max_Voltag":66,"Owner":" ","COUNTY":"Los Angeles County","Status":"IN SERVICE"},"geometry":{"type":"Point","coordinates":[-118.26764784389,34.1123679692991]}},{"type":"Feature","properties":{"Name":"Unknown","Max_Voltag":60,"Owner":" ","COUNTY":"Sonoma County","Status":"IN SERVICE"},"geometry":{"type":"Point","coordinates":[-122.88172112288,38.4904026958195]}},{"type":"Feature","properties":{"Name":"Unknown","Max_Voltag":0,"Owner":" ","COUNTY":"Kern County","Status":"IN SERVICE"},"geometry":{"type":"Point","coordinates":[-119.277006402749,35.6018164977306]}},{"type":"Feature","properties":{"Name":"Unknown","Max_Voltag":60,"Owner":" ","COUNTY":"Tehama County","Status":"IN SERVICE"},"geometry":{"type":"Point","coordinates":[-122.148816583714,40.2479337521358]}},{"type":"Feature","properties":{"Name":"Union Chemical Tap","Max_Voltag":60,"Owner":" ","COUNTY":"Contra Costa County","Status":"IN SERVICE"},"geometry":{"type":"Point","coordinates":[-122.234650999879,38.0044599996564]}},{"type":"Feature","properties":{"Name":"Unknown","Max_Voltag":60,"Owner":" ","COUNTY":"San Joaquin County","Status":"IN SERVICE"},"geometry":{"type":"Point","coordinates":[-121.180787045202,38.1016390137172]}},{"type":"Feature","properties":{"Name":"Unknown","Max_Voltag":60,"Owner":" ","COUNTY":"Alameda County","Status":"IN SERVICE"},"geometry":{"type":"Point","coordinates":[-121.677593950317,37.7520820313382]}},{"type":"Feature","properties":{"Name":"Unknown","Max_Voltag":66,"Owner":" ","COUNTY":"Los Angeles County","Status":"NOT AVAILABLE"},"geometry":{"type":"Point","coordinates":[-117.821361089917,34.005862000185]}},{"type":"Feature","properties":{"Name":"Unknown","Max_Voltag":66,"Owner":" ","COUNTY":"Kern County","Status":"NOT AVAILABLE"},"geometry":{"type":"Point","coordinates":[-118.477440547158,35.6345471229231]}},{"type":"Feature","properties":{"Name":"Unknown","Max_Voltag":60,"Owner":" ","COUNTY":"Humboldt County","Status":"NOT AVAILABLE"},"geometry":{"type":"Point","coordinates":[-123.638929999774,40.0594150000152]}},{"type":"Feature","properties":{"Name":"Unknown","Max_Voltag":60,"Owner":" ","COUNTY":"Butte County","Status":"NOT AVAILABLE"},"geometry":{"type":"Point","coordinates":[-121.684928724256,39.3647040092024]}},{"type":"Feature","properties":{"Name":"Unknown","Max_Voltag":66,"Owner":" ","COUNTY":"Tulare County","Status":"NOT AVAILABLE"},"geometry":{"type":"Point","coordinates":[-119.251913539135,36.292831789357]}},{"type":"Feature","properties":{"Name":"Unknown","Max_Voltag":60,"Owner":" ","COUNTY":"San Joaquin County","Status":"NOT AVAILABLE"},"geometry":{"type":"Point","coordinates":[-121.330802000184,37.9483999998021]}},{"type":"Feature","properties":{"Name":"Unknown","Max_Voltag":60,"Owner":" ","COUNTY":"San Joaquin County","Status":"NOT AVAILABLE"},"geometry":{"type":"Point","coordinates":[-121.260884041123,37.9479246711044]}},{"type":"Feature","properties":{"Name":"Unknown","Max_Voltag":66,"Owner":" ","COUNTY":"San Bernardino County","Status":"NOT AVAILABLE"},"geometry":{"type":"Point","coordinates":[-117.741018323918,33.9832031530348]}},{"type":"Feature","properties":{"Name":"Mecca","Max_Voltag":92,"Owner":" ","COUNTY":"Riverside County","Status":"IN SERVICE"},"geometry":{"type":"Point","coordinates":[-116.06028801275,33.5558004783275]}},{"type":"Feature","properties":{"Name":"Unknown","Max_Voltag":230,"Owner":" ","COUNTY":"Kings County","Status":"IN SERVICE"},"geometry":{"type":"Point","coordinates":[-119.916916543303,36.2335307740897]}},{"type":"Feature","properties":{"Name":"Unknown","Max_Voltag":60,"Owner":" ","COUNTY":"Placer County","Status":"IN SERVICE"},"geometry":{"type":"Point","coordinates":[-121.291562904058,38.7367366937412]}},{"type":"Feature","properties":{"Name":"Kasson-Banta Carbona Junction","Max_Voltag":115,"Owner":" ","COUNTY":"San Joaquin County","Status":"IN SERVICE"},"geometry":{"type":"Point","coordinates":[-121.388712999903,37.7107550000998]}},{"type":"Feature","properties":{"Name":"Unknown","Max_Voltag":0,"Owner":" ","COUNTY":"San Bernardino County","Status":"IN SERVICE"},"geometry":{"type":"Point","coordinates":[-117.207869844015,34.0701960056312]}},{"type":"Feature","properties":{"Name":"Unknown","Max_Voltag":60,"Owner":" ","COUNTY":"Monterey County","Status":"NOT AVAILABLE"},"geometry":{"type":"Point","coordinates":[-121.319187999879,36.4159310001306]}},{"type":"Feature","properties":{"Name":"Unknown","Max_Voltag":66,"Owner":" ","COUNTY":"Orange County","Status":"NOT AVAILABLE"},"geometry":{"type":"Point","coordinates":[-117.954604880329,33.6432789799432]}},{"type":"Feature","properties":{"Name":"Unknown","Max_Voltag":0,"Owner":" ","COUNTY":"Kern County","Status":"IN SERVICE"},"geometry":{"type":"Point","coordinates":[-118.510263641065,34.8289604191344]}},{"type":"Feature","properties":{"Name":"Unknown","Max_Voltag":0,"Owner":" ","COUNTY":"Kern County","Status":"IN SERVICE"},"geometry":{"type":"Point","coordinates":[-119.131128852606,35.4396941972516]}},{"type":"Feature","properties":{"Name":"Unknown","Max_Voltag":0,"Owner":" ","COUNTY":"Kern County","Status":"IN SERVICE"},"geometry":{"type":"Point","coordinates":[-118.858707825669,35.2953862173553]}},{"type":"Feature","properties":{"Name":"Unknown","Max_Voltag":0,"Owner":" ","COUNTY":"Solano County","Status":"NOT AVAILABLE"},"geometry":{"type":"Point","coordinates":[-121.832350337336,38.1277722951042]}},{"type":"Feature","properties":{"Name":"Unknown","Max_Voltag":0,"Owner":" ","COUNTY":"Los Angeles County","Status":"IN SERVICE"},"geometry":{"type":"Point","coordinates":[-118.14438500014,34.6972019997634]}},{"type":"Feature","properties":{"Name":"Unknown","Max_Voltag":0,"Owner":" ","COUNTY":"Imperial County","Status":"NOT AVAILABLE"},"geometry":{"type":"Point","coordinates":[-115.524284918639,32.7291075721421]}},{"type":"Feature","properties":{"Name":"Unknown","Max_Voltag":0,"Owner":" ","COUNTY":"Kings County","Status":"IN SERVICE"},"geometry":{"type":"Point","coordinates":[-119.648894172851,36.3237804462568]}},{"type":"Feature","properties":{"Name":"Unknown","Max_Voltag":60,"Owner":" ","COUNTY":"Alameda County","Status":"NOT AVAILABLE"},"geometry":{"type":"Point","coordinates":[-122.162818519843,37.7174309449214]}},{"type":"Feature","properties":{"Name":"Unknown","Max_Voltag":66,"Owner":" ","COUNTY":"Orange County","Status":"IN SERVICE"},"geometry":{"type":"Point","coordinates":[-117.731522934633,33.6298925957148]}},{"type":"Feature","properties":{"Name":"Unknown","Max_Voltag":0,"Owner":" ","COUNTY":"Fresno County","Status":"IN SERVICE"},"geometry":{"type":"Point","coordinates":[-120.646817515011,36.8480364436718]}},{"type":"Feature","properties":{"Name":"Unknown","Max_Voltag":66,"Owner":" ","COUNTY":"San Bernardino County","Status":"IN SERVICE"},"geometry":{"type":"Point","coordinates":[-117.611102008303,34.0850073986653]}},{"type":"Feature","properties":{"Name":"Unknown","Max_Voltag":60,"Owner":" ","COUNTY":"Fresno County","Status":"IN SERVICE"},"geometry":{"type":"Point","coordinates":[-120.136162183272,36.1371777292467]}},{"type":"Feature","properties":{"Name":"Unknown","Max_Voltag":66,"Owner":" ","COUNTY":"San Bernardino County","Status":"IN SERVICE"},"geometry":{"type":"Point","coordinates":[-117.691253999984,33.9972009999113]}},{"type":"Feature","properties":{"Name":"Basilone","Max_Voltag":69,"Owner":" ","COUNTY":"San Diego County","Status":"IN SERVICE"},"geometry":{"type":"Point","coordinates":[-117.582485999756,33.387443000083]}},{"type":"Feature","properties":{"Name":"Unknown","Max_Voltag":115,"Owner":" ","COUNTY":"Kern County","Status":"NOT AVAILABLE"},"geometry":{"type":"Point","coordinates":[-119.726019000128,35.4237119998428]}},{"type":"Feature","properties":{"Name":"Unknown","Max_Voltag":70,"Owner":" ","COUNTY":"Kern County","Status":"IN SERVICE"},"geometry":{"type":"Point","coordinates":[-119.858057940436,35.623112531122]}},{"type":"Feature","properties":{"Name":"Unknown","Max_Voltag":66,"Owner":" ","COUNTY":"Los Angeles County","Status":"IN SERVICE"},"geometry":{"type":"Point","coordinates":[-118.409889889619,34.0044824802722]}},{"type":"Feature","properties":{"Name":"Unknown","Max_Voltag":60,"Owner":" ","COUNTY":"Alameda County","Status":"NOT AVAILABLE"},"geometry":{"type":"Point","coordinates":[-122.161720778566,37.7156411530848]}},{"type":"Feature","properties":{"Name":"Unknown","Max_Voltag":0,"Owner":" ","COUNTY":"Orange County","Status":"IN SERVICE"},"geometry":{"type":"Point","coordinates":[-117.748178000038,33.8739789998491]}},{"type":"Feature","properties":{"Name":"Westwind","Max_Voltag":0,"Owner":" ","COUNTY":"Kern County","Status":"IN SERVICE"},"geometry":{"type":"Point","coordinates":[-118.291592771961,35.0012337181733]}},{"type":"Feature","properties":{"Name":"Unknown","Max_Voltag":0,"Owner":" ","COUNTY":"Kern County","Status":"IN SERVICE"},"geometry":{"type":"Point","coordinates":[-118.923672432931,35.3620476077231]}},{"type":"Feature","properties":{"Name":"Unknown","Max_Voltag":230,"Owner":" ","COUNTY":"Merced County","Status":"NOT AVAILABLE"},"geometry":{"type":"Point","coordinates":[-120.964500132385,37.0132612348457]}},{"type":"Feature","properties":{"Name":"Unknown","Max_Voltag":115,"Owner":" ","COUNTY":"Riverside County","Status":"NOT AVAILABLE"},"geometry":{"type":"Point","coordinates":[-116.580360999856,33.9210399998739]}},{"type":"Feature","properties":{"Name":"Unknown","Max_Voltag":60,"Owner":" ","COUNTY":"Sacramento County","Status":"NOT AVAILABLE"},"geometry":{"type":"Point","coordinates":[-121.389000315267,38.4744499467805]}},{"type":"Feature","properties":{"Name":"Unknown","Max_Voltag":0,"Owner":" ","COUNTY":"Lassen County","Status":"NOT AVAILABLE"},"geometry":{"type":"Point","coordinates":[-120.138319090372,40.1902812901069]}},{"type":"Feature","properties":{"Name":"Unknown","Max_Voltag":69,"Owner":" ","COUNTY":"Orange County","Status":"IN SERVICE"},"geometry":{"type":"Point","coordinates":[-117.929159000368,33.8178980001447]}},{"type":"Feature","properties":{"Name":"Unknown","Max_Voltag":115,"Owner":" ","COUNTY":"Kern County","Status":"IN SERVICE"},"geometry":{"type":"Point","coordinates":[-119.438722097563,35.6017393326743]}},{"type":"Feature","properties":{"Name":"Unknown","Max_Voltag":0,"Owner":" ","COUNTY":"San Bernardino County","Status":"NOT AVAILABLE"},"geometry":{"type":"Point","coordinates":[-117.358274649864,34.0443497602848]}},{"type":"Feature","properties":{"Name":"Unknown","Max_Voltag":34,"Owner":" ","COUNTY":"San Bernardino County","Status":"NOT AVAILABLE"},"geometry":{"type":"Point","coordinates":[-116.849682039562,34.2686451908902]}},{"type":"Feature","properties":{"Name":"Unknown","Max_Voltag":69,"Owner":" ","COUNTY":"San Diego County","Status":"IN SERVICE"},"geometry":{"type":"Point","coordinates":[-117.113313295786,32.9103570938544]}},{"type":"Feature","properties":{"Name":"Unknown","Max_Voltag":0,"Owner":" ","COUNTY":"Kern County","Status":"IN SERVICE"},"geometry":{"type":"Point","coordinates":[-119.632954425127,35.4128361419798]}},{"type":"Feature","properties":{"Name":"Unknown","Max_Voltag":66,"Owner":" ","COUNTY":"Los Angeles County","Status":"IN SERVICE"},"geometry":{"type":"Point","coordinates":[-118.302879138716,34.6979159762798]}},{"type":"Feature","properties":{"Name":"Unknown","Max_Voltag":0,"Owner":" ","COUNTY":"Riverside County","Status":"NOT AVAILABLE"},"geometry":{"type":"Point","coordinates":[-116.663251262237,33.946207877259]}},{"type":"Feature","properties":{"Name":"Unknown","Max_Voltag":60,"Owner":" ","COUNTY":"Merced County","Status":"IN SERVICE"},"geometry":{"type":"Point","coordinates":[-120.444416521803,37.4778660060571]}},{"type":"Feature","properties":{"Name":"Station G","Max_Voltag":0,"Owner":" ","COUNTY":"San Francisco County","Status":"NOT AVAILABLE"},"geometry":{"type":"Point","coordinates":[-122.440620308008,37.7815860669147]}},{"type":"Feature","properties":{"Name":"Unknown","Max_Voltag":66,"Owner":" ","COUNTY":"Los Angeles County","Status":"NOT AVAILABLE"},"geometry":{"type":"Point","coordinates":[-118.317622190344,33.9163235099943]}},{"type":"Feature","properties":{"Name":"Unknown","Max_Voltag":0,"Owner":" ","COUNTY":"Los Angeles County","Status":"NOT AVAILABLE"},"geometry":{"type":"Point","coordinates":[-118.48416490598,34.1936012016441]}},{"type":"Feature","properties":{"Name":"Unknown","Max_Voltag":66,"Owner":" ","COUNTY":"San Bernardino County","Status":"IN SERVICE"},"geometry":{"type":"Point","coordinates":[-117.580236980305,34.0189538497457]}},{"type":"Feature","properties":{"Name":"Unknown","Max_Voltag":60,"Owner":" ","COUNTY":"Sacramento County","Status":"IN SERVICE"},"geometry":{"type":"Point","coordinates":[-121.28292158803,38.2912062102475]}},{"type":"Feature","properties":{"Name":"Unknown","Max_Voltag":0,"Owner":" ","COUNTY":"Riverside County","Status":"NOT AVAILABLE"},"geometry":{"type":"Point","coordinates":[-117.104318314827,33.4538622342295]}},{"type":"Feature","properties":{"Name":"Unknown","Max_Voltag":115,"Owner":" ","COUNTY":"Kern County","Status":"NOT AVAILABLE"},"geometry":{"type":"Point","coordinates":[-117.697745295397,34.930113083709]}},{"type":"Feature","properties":{"Name":"Unknown","Max_Voltag":60,"Owner":" ","COUNTY":"Sacramento County","Status":"IN SERVICE"},"geometry":{"type":"Point","coordinates":[-121.454625999933,38.3792629997561]}},{"type":"Feature","properties":{"Name":"Alamorio","Max_Voltag":0,"Owner":" ","COUNTY":"Imperial County","Status":"IN SERVICE"},"geometry":{"type":"Point","coordinates":[-115.423258575275,32.9531805973608]}},{"type":"Feature","properties":{"Name":"Unknown","Max_Voltag":60,"Owner":" ","COUNTY":"Sacramento County","Status":"IN SERVICE"},"geometry":{"type":"Point","coordinates":[-121.282861000257,38.5804189999778]}},{"type":"Feature","properties":{"Name":"Unknown","Max_Voltag":60,"Owner":" ","COUNTY":"Sacramento County","Status":"NOT AVAILABLE"},"geometry":{"type":"Point","coordinates":[-121.388240000075,38.4725810002018]}},{"type":"Feature","properties":{"Name":"Unknown","Max_Voltag":66,"Owner":" ","COUNTY":"San Bernardino County","Status":"NOT AVAILABLE"},"geometry":{"type":"Point","coordinates":[-117.697504581935,33.9828427690266]}},{"type":"Feature","properties":{"Name":"Unknown","Max_Voltag":66,"Owner":" ","COUNTY":"Los Angeles County","Status":"IN SERVICE"},"geometry":{"type":"Point","coordinates":[-118.110912439553,33.9099839997833]}},{"type":"Feature","properties":{"Name":"Unknown","Max_Voltag":0,"Owner":" ","COUNTY":"Imperial County","Status":"NOT AVAILABLE"},"geometry":{"type":"Point","coordinates":[-114.714172505644,32.7381799223436]}},{"type":"Feature","properties":{"Name":"Rock Creek","Max_Voltag":0,"Owner":" ","COUNTY":"Plumas County","Status":"IN SERVICE"},"geometry":{"type":"Point","coordinates":[-121.345609323576,39.9053790830004]}},{"type":"Feature","properties":{"Name":"Unknown","Max_Voltag":0,"Owner":" ","COUNTY":"Los Angeles County","Status":"NOT AVAILABLE"},"geometry":{"type":"Point","coordinates":[-118.445425419577,34.1798023657404]}},{"type":"Feature","properties":{"Name":"Unknown","Max_Voltag":69,"Owner":" ","COUNTY":"Orange County","Status":"IN SERVICE"},"geometry":{"type":"Point","coordinates":[-117.880918909961,33.8528234187623]}},{"type":"Feature","properties":{"Name":"Unknown","Max_Voltag":115,"Owner":" ","COUNTY":"Kern County","Status":"IN SERVICE"},"geometry":{"type":"Point","coordinates":[-119.455652228904,35.7170813576736]}},{"type":"Feature","properties":{"Name":"Unknown","Max_Voltag":0,"Owner":" ","COUNTY":"Lassen County","Status":"IN SERVICE"},"geometry":{"type":"Point","coordinates":[-120.513174551016,40.4044884482441]}},{"type":"Feature","properties":{"Name":"Unknown","Max_Voltag":66,"Owner":" ","COUNTY":"Kern County","Status":"NOT AVAILABLE"},"geometry":{"type":"Point","coordinates":[-118.30502649313,35.0790212677692]}},{"type":"Feature","properties":{"Name":"Unknown","Max_Voltag":230,"Owner":" ","COUNTY":"Los Angeles County","Status":"NOT AVAILABLE"},"geometry":{"type":"Point","coordinates":[-118.33705828985,34.1237061106631]}},{"type":"Feature","properties":{"Name":"Unknown","Max_Voltag":66,"Owner":" ","COUNTY":"Orange County","Status":"IN SERVICE"},"geometry":{"type":"Point","coordinates":[-117.83812923525,33.8887211140867]}},{"type":"Feature","properties":{"Name":"Unknown","Max_Voltag":0,"Owner":" ","COUNTY":"Kern County","Status":"NOT AVAILABLE"},"geometry":{"type":"Point","coordinates":[-118.240983675029,35.0085040967091]}},{"type":"Feature","properties":{"Name":"Unknown","Max_Voltag":60,"Owner":" ","COUNTY":"San Mateo County","Status":"IN SERVICE"},"geometry":{"type":"Point","coordinates":[-122.21234263427,37.4370936068081]}},{"type":"Feature","properties":{"Name":"Unknown","Max_Voltag":60,"Owner":" ","COUNTY":"Sacramento County","Status":"IN SERVICE"},"geometry":{"type":"Point","coordinates":[-121.452000778618,38.5830111522329]}},{"type":"Feature","properties":{"Name":"Unknown","Max_Voltag":115,"Owner":" ","COUNTY":"San Luis Obispo County","Status":"IN SERVICE"},"geometry":{"type":"Point","coordinates":[-120.501156114797,35.0994702609567]}},{"type":"Feature","properties":{"Name":"Unknown","Max_Voltag":115,"Owner":" ","COUNTY":"Monterey County","Status":"IN SERVICE"},"geometry":{"type":"Point","coordinates":[-121.792306003966,36.6439841852924]}},{"type":"Feature","properties":{"Name":"Unknown","Max_Voltag":0,"Owner":" ","COUNTY":"Imperial County","Status":"NOT AVAILABLE"},"geometry":{"type":"Point","coordinates":[-114.615979081275,32.7528665756868]}},{"type":"Feature","properties":{"Name":"Unknown","Max_Voltag":230,"Owner":" ","COUNTY":"Solano County","Status":"IN SERVICE"},"geometry":{"type":"Point","coordinates":[-121.77745231403,38.1203778759551]}},{"type":"Feature","properties":{"Name":"Unknown","Max_Voltag":66,"Owner":" ","COUNTY":"Orange County","Status":"IN SERVICE"},"geometry":{"type":"Point","coordinates":[-117.727238000373,33.6293969999671]}},{"type":"Feature","properties":{"Name":"Unknown","Max_Voltag":66,"Owner":" ","COUNTY":"Los Angeles County","Status":"IN SERVICE"},"geometry":{"type":"Point","coordinates":[-118.213260960184,33.9372717982916]}},{"type":"Feature","properties":{"Name":"Unknown","Max_Voltag":220,"Owner":" ","COUNTY":"Kern County","Status":"IN SERVICE"},"geometry":{"type":"Point","coordinates":[-118.292399162642,35.0385861039383]}},{"type":"Feature","properties":{"Name":"Unknown","Max_Voltag":66,"Owner":" ","COUNTY":"Kern County","Status":"IN SERVICE"},"geometry":{"type":"Point","coordinates":[-118.251929082624,34.9012869407256]}},{"type":"Feature","properties":{"Name":"Unknown","Max_Voltag":66,"Owner":" ","COUNTY":"Los Angeles County","Status":"IN SERVICE"},"geometry":{"type":"Point","coordinates":[-118.28461046999,33.8077553202174]}},{"type":"Feature","properties":{"Name":"Unknown","Max_Voltag":66,"Owner":" ","COUNTY":"San Bernardino County","Status":"IN SERVICE"},"geometry":{"type":"Point","coordinates":[-117.68938299969,33.9974229996668]}},{"type":"Feature","properties":{"Name":"Unknown","Max_Voltag":69,"Owner":" ","COUNTY":"Orange County","Status":"IN SERVICE"},"geometry":{"type":"Point","coordinates":[-117.887149172919,33.8471556832088]}},{"type":"Feature","properties":{"Name":"Cache Junction","Max_Voltag":115,"Owner":" ","COUNTY":"Lake County","Status":"IN SERVICE"},"geometry":{"type":"Point","coordinates":[-122.611870999726,39.0119149997967]}},{"type":"Feature","properties":{"Name":"Unknown","Max_Voltag":0,"Owner":" ","COUNTY":"Lassen County","Status":"NOT AVAILABLE"},"geometry":{"type":"Point","coordinates":[-121.251769552791,40.9725950748172]}},{"type":"Feature","properties":{"Name":"Unknown","Max_Voltag":66,"Owner":" ","COUNTY":"Orange County","Status":"NOT AVAILABLE"},"geometry":{"type":"Point","coordinates":[-117.87531057403,33.8024518143085]}},{"type":"Feature","properties":{"Name":"Unknown","Max_Voltag":60,"Owner":" ","COUNTY":"Contra Costa County","Status":"IN SERVICE"},"geometry":{"type":"Point","coordinates":[-122.306541049348,37.9098502310991]}},{"type":"Feature","properties":{"Name":"Unknown","Max_Voltag":66,"Owner":" ","COUNTY":"Orange County","Status":"IN SERVICE"},"geometry":{"type":"Point","coordinates":[-117.827491000278,33.8995020002809]}},{"type":"Feature","properties":{"Name":"Unknown","Max_Voltag":60,"Owner":" ","COUNTY":"Contra Costa County","Status":"NOT AVAILABLE"},"geometry":{"type":"Point","coordinates":[-121.641061927299,37.9255203612091]}},{"type":"Feature","properties":{"Name":"Unknown","Max_Voltag":66,"Owner":" ","COUNTY":"Orange County","Status":"IN SERVICE"},"geometry":{"type":"Point","coordinates":[-117.854378890069,33.694054000362]}},{"type":"Feature","properties":{"Name":"Unknown","Max_Voltag":60,"Owner":" ","COUNTY":"Kings County","Status":"NOT AVAILABLE"},"geometry":{"type":"Point","coordinates":[-120.092667614033,36.0363097098744]}},{"type":"Feature","properties":{"Name":"Unknown","Max_Voltag":115,"Owner":" ","COUNTY":"San Bernardino County","Status":"IN SERVICE"},"geometry":{"type":"Point","coordinates":[-116.107072732684,34.1498237937243]}},{"type":"Feature","properties":{"Name":"Ritter Ranch","Max_Voltag":0,"Owner":" ","COUNTY":"Los Angeles County","Status":"IN SERVICE"},"geometry":{"type":"Point","coordinates":[-118.203056710309,34.5793176303396]}},{"type":"Feature","properties":{"Name":"Unknown","Max_Voltag":115,"Owner":" ","COUNTY":"Amador County","Status":"IN SERVICE"},"geometry":{"type":"Point","coordinates":[-120.220074085253,38.5169519392692]}},{"type":"Feature","properties":{"Name":"Calpeak","Max_Voltag":69,"Owner":" ","COUNTY":"San Diego County","Status":"IN SERVICE"},"geometry":{"type":"Point","coordinates":[-116.944283608658,32.5670312390538]}},{"type":"Feature","properties":{"Name":"Unknown","Max_Voltag":66,"Owner":" ","COUNTY":"Riverside County","Status":"NOT AVAILABLE"},"geometry":{"type":"Point","coordinates":[-117.468907290314,33.9076139997263]}},{"type":"Feature","properties":{"Name":"Unknown","Max_Voltag":69,"Owner":" ","COUNTY":"Orange County","Status":"IN SERVICE"},"geometry":{"type":"Point","coordinates":[-117.92345099995,33.8507279997874]}},{"type":"Feature","properties":{"Name":"Unknown","Max_Voltag":66,"Owner":" ","COUNTY":"Los Angeles County","Status":"IN SERVICE"},"geometry":{"type":"Point","coordinates":[-118.431994540678,34.0503972193688]}},{"type":"Feature","properties":{"Name":"Unknown","Max_Voltag":0,"Owner":" ","COUNTY":"Los Angeles County","Status":"IN SERVICE"},"geometry":{"type":"Point","coordinates":[-118.235259059371,33.8418541042655]}},{"type":"Feature","properties":{"Name":"Big Oaks","Max_Voltag":0,"Owner":" ","COUNTY":"Riverside County","Status":"NOT AVAILABLE"},"geometry":{"type":"Point","coordinates":[-116.857177294832,34.0304523139812]}},{"type":"Feature","properties":{"Name":"Unknown","Max_Voltag":66,"Owner":" ","COUNTY":"Kern County","Status":"NOT AVAILABLE"},"geometry":{"type":"Point","coordinates":[-118.320669192244,35.0552996508068]}},{"type":"Feature","properties":{"Name":"Unknown","Max_Voltag":0,"Owner":" ","COUNTY":"Kern County","Status":"IN SERVICE"},"geometry":{"type":"Point","coordinates":[-119.728292999929,35.4844359998787]}},{"type":"Feature","properties":{"Name":"Unknown","Max_Voltag":66,"Owner":" ","COUNTY":"San Bernardino County","Status":"IN SERVICE"},"geometry":{"type":"Point","coordinates":[-117.714450999733,33.9970009998898]}},{"type":"Feature","properties":{"Name":"Delevan","Max_Voltag":0,"Owner":" ","COUNTY":"Colusa County","Status":"IN SERVICE"},"geometry":{"type":"Point","coordinates":[-122.269317744871,39.3684080510087]}},{"type":"Feature","properties":{"Name":"Wolfskill","Max_Voltag":0,"Owner":" ","COUNTY":"Solano County","Status":"IN SERVICE"},"geometry":{"type":"Point","coordinates":[-122.075166999606,38.2280739998677]}},{"type":"Feature","properties":{"Name":"Unknown","Max_Voltag":0,"Owner":" ","COUNTY":"San Bernardino County","Status":"IN SERVICE"},"geometry":{"type":"Point","coordinates":[-117.689441000314,34.067318999947]}},{"type":"Feature","properties":{"Name":"Unknown","Max_Voltag":34,"Owner":" ","COUNTY":"San Bernardino County","Status":"NOT AVAILABLE"},"geometry":{"type":"Point","coordinates":[-116.866264130325,34.2653295482481]}},{"type":"Feature","properties":{"Name":"Unknown","Max_Voltag":66,"Owner":" ","COUNTY":"Los Angeles County","Status":"IN SERVICE"},"geometry":{"type":"Point","coordinates":[-117.838170850604,34.007720486799]}},{"type":"Feature","properties":{"Name":"Unknown","Max_Voltag":0,"Owner":" ","COUNTY":"Fresno County","Status":"NOT AVAILABLE"},"geometry":{"type":"Point","coordinates":[-119.896119012848,36.4452154158988]}},{"type":"Feature","properties":{"Name":"Unknown","Max_Voltag":69,"Owner":" ","COUNTY":"San Diego County","Status":"IN SERVICE"},"geometry":{"type":"Point","coordinates":[-116.971793872837,32.7968640929008]}},{"type":"Feature","properties":{"Name":"Unknown","Max_Voltag":60,"Owner":" ","COUNTY":"Sacramento County","Status":"IN SERVICE"},"geometry":{"type":"Point","coordinates":[-121.432705248386,38.5708254739422]}},{"type":"Feature","properties":{"Name":"Unknown","Max_Voltag":115,"Owner":" ","COUNTY":"Kern County","Status":"NOT AVAILABLE"},"geometry":{"type":"Point","coordinates":[-119.028866162408,35.4992937243266]}},{"type":"Feature","properties":{"Name":"Unknown","Max_Voltag":69,"Owner":" ","COUNTY":"Orange County","Status":"IN SERVICE"},"geometry":{"type":"Point","coordinates":[-117.793024000181,33.8597010000733]}},{"type":"Feature","properties":{"Name":"Unknown","Max_Voltag":115,"Owner":" ","COUNTY":"El Dorado County","Status":"IN SERVICE"},"geometry":{"type":"Point","coordinates":[-120.824744202951,38.6946442246659]}},{"type":"Feature","properties":{"Name":"Unknown","Max_Voltag":66,"Owner":" ","COUNTY":"Los Angeles County","Status":"IN SERVICE"},"geometry":{"type":"Point","coordinates":[-117.934054000302,34.1153290002699]}},{"type":"Feature","properties":{"Name":"Unknown","Max_Voltag":0,"Owner":" ","COUNTY":"San Bernardino County","Status":"IN SERVICE"},"geometry":{"type":"Point","coordinates":[-115.436026325019,35.5733348268713]}},{"type":"Feature","properties":{"Name":"Unknown","Max_Voltag":0,"Owner":" ","COUNTY":"Riverside County","Status":"NOT AVAILABLE"},"geometry":{"type":"Point","coordinates":[-116.456445000046,33.8611000003497]}},{"type":"Feature","properties":{"Name":"Unknown","Max_Voltag":60,"Owner":" ","COUNTY":"Sacramento County","Status":"NOT AVAILABLE"},"geometry":{"type":"Point","coordinates":[-121.262341388788,38.671315340756]}},{"type":"Feature","properties":{"Name":"Unknown","Max_Voltag":66,"Owner":" ","COUNTY":"Kern County","Status":"NOT AVAILABLE"},"geometry":{"type":"Point","coordinates":[-119.098514192998,35.7329242822575]}},{"type":"Feature","properties":{"Name":"Unknown","Max_Voltag":0,"Owner":" ","COUNTY":"El Dorado County","Status":"NOT AVAILABLE"},"geometry":{"type":"Point","coordinates":[-119.941881328717,38.9524037808124]}},{"type":"Feature","properties":{"Name":"De Sabla","Max_Voltag":60,"Owner":" ","COUNTY":"Butte County","Status":"IN SERVICE"},"geometry":{"type":"Point","coordinates":[-121.632129031605,39.8707482173199]}},{"type":"Feature","properties":{"Name":"Unknown","Max_Voltag":115,"Owner":" ","COUNTY":"Santa Clara County","Status":"IN SERVICE"},"geometry":{"type":"Point","coordinates":[-121.954024000264,37.4234529996793]}},{"type":"Feature","properties":{"Name":"Unknown","Max_Voltag":66,"Owner":" ","COUNTY":"Los Angeles County","Status":"IN SERVICE"},"geometry":{"type":"Point","coordinates":[-117.812683260068,34.0772440002573]}},{"type":"Feature","properties":{"Name":"Unknown","Max_Voltag":66,"Owner":" ","COUNTY":"Los Angeles County","Status":"IN SERVICE"},"geometry":{"type":"Point","coordinates":[-118.432023000204,34.0503839999445]}},{"type":"Feature","properties":{"Name":"Unknown","Max_Voltag":0,"Owner":" ","COUNTY":"Kern County","Status":"NOT AVAILABLE"},"geometry":{"type":"Point","coordinates":[-118.362191580346,35.039029236995]}},{"type":"Feature","properties":{"Name":"Unknown","Max_Voltag":66,"Owner":" ","COUNTY":"Ventura County","Status":"IN SERVICE"},"geometry":{"type":"Point","coordinates":[-119.121601277584,34.1822574757354]}},{"type":"Feature","properties":{"Name":"Unknown","Max_Voltag":0,"Owner":" ","COUNTY":"Sacramento County","Status":"IN SERVICE"},"geometry":{"type":"Point","coordinates":[-121.336685019369,38.6136967301653]}},{"type":"Feature","properties":{"Name":"Meadow Lane Tap","Max_Voltag":0,"Owner":" ","COUNTY":"Contra Costa County","Status":"IN SERVICE"},"geometry":{"type":"Point","coordinates":[-122.051361992225,37.9119733950276]}},{"type":"Feature","properties":{"Name":"Unknown","Max_Voltag":66,"Owner":" ","COUNTY":"Tulare County","Status":"IN SERVICE"},"geometry":{"type":"Point","coordinates":[-119.250180140081,35.8049413868124]}},{"type":"Feature","properties":{"Name":"Unknown","Max_Voltag":66,"Owner":" ","COUNTY":"Los Angeles County","Status":"IN SERVICE"},"geometry":{"type":"Point","coordinates":[-118.140195304367,34.5651457427887]}},{"type":"Feature","properties":{"Name":"Unknown","Max_Voltag":34,"Owner":" ","COUNTY":"San Bernardino County","Status":"IN SERVICE"},"geometry":{"type":"Point","coordinates":[-116.82634219331,34.261239272008]}},{"type":"Feature","properties":{"Name":"Calmat Tap","Max_Voltag":60,"Owner":" ","COUNTY":"Alameda County","Status":"IN SERVICE"},"geometry":{"type":"Point","coordinates":[-121.829814855023,37.6640865312738]}},{"type":"Feature","properties":{"Name":"Kirker Tap 2","Max_Voltag":115,"Owner":" ","COUNTY":"Contra Costa County","Status":"IN SERVICE"},"geometry":{"type":"Point","coordinates":[-121.906505215707,38.0212193649787]}},{"type":"Feature","properties":{"Name":"Unknown","Max_Voltag":0,"Owner":" ","COUNTY":"Tehama County","Status":"IN SERVICE"},"geometry":{"type":"Point","coordinates":[-121.878727736866,40.395251083765]}},{"type":"Feature","properties":{"Name":"Unknown","Max_Voltag":0,"Owner":" ","COUNTY":"San Bernardino County","Status":"IN SERVICE"},"geometry":{"type":"Point","coordinates":[-116.822853606565,34.2941575378952]}},{"type":"Feature","properties":{"Name":"Edes Tap 1","Max_Voltag":115,"Owner":" ","COUNTY":"Alameda County","Status":"IN SERVICE"},"geometry":{"type":"Point","coordinates":[-122.194194734153,37.7415041238389]}},{"type":"Feature","properties":{"Name":"Unknown","Max_Voltag":60,"Owner":" ","COUNTY":"San Joaquin County","Status":"IN SERVICE"},"geometry":{"type":"Point","coordinates":[-121.319944877219,37.9435310860851]}},{"type":"Feature","properties":{"Name":"Unknown","Max_Voltag":60,"Owner":" ","COUNTY":"Sacramento County","Status":"IN SERVICE"},"geometry":{"type":"Point","coordinates":[-121.373129315611,38.3871056312528]}},{"type":"Feature","properties":{"Name":"Aidlin Tap","Max_Voltag":115,"Owner":" ","COUNTY":"Sonoma County","Status":"IN SERVICE"},"geometry":{"type":"Point","coordinates":[-122.880918000269,38.8099900002285]}},{"type":"Feature","properties":{"Name":"Unknown","Max_Voltag":115,"Owner":" ","COUNTY":"Contra Costa County","Status":"IN SERVICE"},"geometry":{"type":"Point","coordinates":[-122.350366256104,37.9955419269081]}},{"type":"Feature","properties":{"Name":"Banta Carbona Tap","Max_Voltag":60,"Owner":" ","COUNTY":"San Joaquin County","Status":"IN SERVICE"},"geometry":{"type":"Point","coordinates":[-121.311626917862,37.7128641912979]}},{"type":"Feature","properties":{"Name":"Unknown","Max_Voltag":115,"Owner":" ","COUNTY":"Shasta County","Status":"IN SERVICE"},"geometry":{"type":"Point","coordinates":[-122.395057000416,40.5871009997423]}},{"type":"Feature","properties":{"Name":"Unknown","Max_Voltag":66,"Owner":" ","COUNTY":"Ventura County","Status":"IN SERVICE"},"geometry":{"type":"Point","coordinates":[-119.076618571821,34.263573167949]}},{"type":"Feature","properties":{"Name":"Unknown","Max_Voltag":66,"Owner":" ","COUNTY":"Los Angeles County","Status":"IN SERVICE"},"geometry":{"type":"Point","coordinates":[-118.099681390156,33.8821300098792]}},{"type":"Feature","properties":{"Name":"Unknown","Max_Voltag":66,"Owner":" ","COUNTY":"Los Angeles County","Status":"IN SERVICE"},"geometry":{"type":"Point","coordinates":[-117.972999139819,34.0679444303635]}},{"type":"Feature","properties":{"Name":"Unknown","Max_Voltag":66,"Owner":" ","COUNTY":"San Bernardino County","Status":"IN SERVICE"},"geometry":{"type":"Point","coordinates":[-117.542053000395,34.0479400003036]}},{"type":"Feature","properties":{"Name":"Unknown","Max_Voltag":60,"Owner":" ","COUNTY":"Colusa County","Status":"IN SERVICE"},"geometry":{"type":"Point","coordinates":[-122.132875485822,39.1121383712626]}},{"type":"Feature","properties":{"Name":"Unknown","Max_Voltag":60,"Owner":" ","COUNTY":"San Joaquin County","Status":"IN SERVICE"},"geometry":{"type":"Point","coordinates":[-121.178205207125,38.1016497062843]}},{"type":"Feature","properties":{"Name":"Glendale South Tap 2","Max_Voltag":66,"Owner":" ","COUNTY":"Los Angeles County","Status":"IN SERVICE"},"geometry":{"type":"Point","coordinates":[-118.253675474012,34.1044498731383]}},{"type":"Feature","properties":{"Name":"Ripley","Max_Voltag":0,"Owner":"SCE","COUNTY":"Riverside County","Status":"Low kV"},"geometry":{"type":"Point","coordinates":[-114.655939577575,33.5249666371522]}},{"type":"Feature","properties":{"Name":"Rubidoux","Max_Voltag":0,"Owner":"SCE","COUNTY":"Riverside County","Status":"Low kV"},"geometry":{"type":"Point","coordinates":[-117.415578385755,33.9992473583708]}},{"type":"Feature","properties":{"Name":"Running Springs","Max_Voltag":33,"Owner":"SCE","COUNTY":"San Bernardino County","Status":"Low kV"},"geometry":{"type":"Point","coordinates":[-117.103999862957,34.2080498619846]}},{"type":"Feature","properties":{"Name":"Thunderbird","Max_Voltag":0,"Owner":"SCE","COUNTY":"Riverside County","Status":"Low kV"},"geometry":{"type":"Point","coordinates":[-116.42737510243,33.7502588205508]}},{"type":"Feature","properties":{"Name":"Verdant","Max_Voltag":0,"Owner":"SCE","COUNTY":"Imperial County","Status":"Low kV"},"geometry":{"type":"Point","coordinates":[-114.725199942001,33.418585214345]}},{"type":"Feature","properties":{"Name":"Trona","Max_Voltag":0,"Owner":"SCE","COUNTY":"San Bernardino County","Status":"Low kV"},"geometry":{"type":"Point","coordinates":[-117.370385582913,35.7735652234829]}},{"type":"Feature","properties":{"Name":"Red Mt.","Max_Voltag":0,"Owner":"SDG&E","COUNTY":"San Diego County","Status":"Operational"},"geometry":{"type":"Point","coordinates":[-117.189293213047,33.3946697390184]}},{"type":"Feature","properties":{"Name":"Wrightwood","Max_Voltag":0,"Owner":"SCE","COUNTY":"San Bernardino County","Status":"Low kV"},"geometry":{"type":"Point","coordinates":[-117.624150680998,34.3585293848816]}},{"type":"Feature","properties":{"Name":"Arco","Max_Voltag":66,"Owner":"SCE","COUNTY":"Los Angeles County","Status":"Operational"},"geometry":{"type":"Point","coordinates":[-118.215340015687,33.7773598234882]}},{"type":"Feature","properties":{"Name":"San Onofre","Max_Voltag":230,"Owner":"SCE","COUNTY":"San Diego County","Status":"Operational"},"geometry":{"type":"Point","coordinates":[-117.55423813788,33.3696857770087]}},{"type":"Feature","properties":{"Name":"Exgen","Max_Voltag":66,"Owner":"SCE","COUNTY":"Santa Barbara County","Status":"Operational"},"geometry":{"type":"Point","coordinates":[-120.041892797694,34.4774783033971]}},{"type":"Feature","properties":{"Name":"Olivanhain","Max_Voltag":69,"Owner":"SDG&E","COUNTY":"San Diego County","Status":"Operational"},"geometry":{"type":"Point","coordinates":[-117.14139443304,33.0684972371932]}},{"type":"Feature","properties":{"Name":"Forge","Max_Voltag":0,"Owner":"SCE","COUNTY":"San Bernardino County","Status":"Operational"},"geometry":{"type":"Point","coordinates":[-117.546108863361,34.0974351085641]}},{"type":"Feature","properties":{"Name":"Calpeak Power Enterprise 7","Max_Voltag":230,"Owner":"SDG&E","COUNTY":"San Diego County","Status":"Operational"},"geometry":{"type":"Point","coordinates":[-117.117269444856,33.1209416668099]}},{"type":"Feature","properties":{"Name":"Reclaim","Max_Voltag":0,"Owner":"SCE","COUNTY":"Los Angeles County","Status":"Operational"},"geometry":{"type":"Point","coordinates":[-118.709431113374,34.0826913847156]}},{"type":"Feature","properties":{"Name":"Miramar Gt","Max_Voltag":0,"Owner":"SDG&E","COUNTY":"San Diego County","Status":"Operational"},"geometry":{"type":"Point","coordinates":[-117.165895838684,32.8760797894611]}},{"type":"Feature","properties":{"Name":"Tenaja","Max_Voltag":115,"Owner":"SCE","COUNTY":"Riverside County","Status":"Operational"},"geometry":{"type":"Point","coordinates":[-117.255448397081,33.5841917996656]}},{"type":"Feature","properties":{"Name":"UC San Diego","Max_Voltag":69,"Owner":"SDG&E","COUNTY":"San Diego County","Status":"Operational"},"geometry":{"type":"Point","coordinates":[-117.222466001331,32.8836109962185]}},{"type":"Feature","properties":{"Name":"University","Max_Voltag":66,"Owner":"SCE","COUNTY":"Orange County","Status":"Operational"},"geometry":{"type":"Point","coordinates":[-117.849934376386,33.6403738404162]}},{"type":"Feature","properties":{"Name":"Main Street","Max_Voltag":230,"Owner":"SDG&E","COUNTY":"San Diego County","Status":"Operational"},"geometry":{"type":"Point","coordinates":[-117.143478988928,32.6964969934981]}},{"type":"Feature","properties":{"Name":"Dairymans","Max_Voltag":66,"Owner":"SCE","COUNTY":"Tulare County","Status":"Operational"},"geometry":{"type":"Point","coordinates":[-119.341081522471,36.2050020304218]}},{"type":"Feature","properties":{"Name":"Stanhill","Max_Voltag":0,"Owner":"SCE","COUNTY":"Los Angeles County","Status":"Operational"},"geometry":{"type":"Point","coordinates":[-118.373702895129,34.0004696259514]}},{"type":"Feature","properties":{"Name":"Ames Distribution","Max_Voltag":115,"Owner":"PG&E","COUNTY":"Santa Clara County","Status":"Operational"},"geometry":{"type":"Point","coordinates":[-122.067615866431,37.4185302278798]}},{"type":"Feature","properties":{"Name":"Applied Materials","Max_Voltag":0,"Owner":"Other","COUNTY":"Santa Clara County","Status":"Operational"},"geometry":{"type":"Point","coordinates":[-122.006357901169,37.377171181213]}},{"type":"Feature","properties":{"Name":"Barrett","Max_Voltag":60,"Owner":"PG&E","COUNTY":"Contra Costa County","Status":"Operational"},"geometry":{"type":"Point","coordinates":[-122.347234490072,37.9395636321416]}},{"type":"Feature","properties":{"Name":"Bay Point","Max_Voltag":0,"Owner":"PG&E","COUNTY":"Contra Costa County","Status":"Operational"},"geometry":{"type":"Point","coordinates":[-122.0293338399,38.0416645397686]}},{"type":"Feature","properties":{"Name":"Boswell Dairy Ave.","Max_Voltag":60,"Owner":"PG&E","COUNTY":"Kings County","Status":"Operational"},"geometry":{"type":"Point","coordinates":[-119.571675494983,36.0687423452275]}},{"type":"Feature","properties":{"Name":"Camanche","Max_Voltag":0,"Owner":"Other","COUNTY":"San Joaquin County","Status":"Operational"},"geometry":{"type":"Point","coordinates":[-121.024458296517,38.2136361396284]}},{"type":"Feature","properties":{"Name":"Chevron Kettleman","Max_Voltag":0,"Owner":"PG&E","COUNTY":"Kings County","Status":"Operational"},"geometry":{"type":"Point","coordinates":[-119.96139709711,35.9969567375228]}},{"type":"Feature","properties":{"Name":"Coleman Hatchery","Max_Voltag":0,"Owner":"PG&E","COUNTY":"Shasta County","Status":"Operational"},"geometry":{"type":"Point","coordinates":[-122.141059214417,40.4009541211965]}},{"type":"Feature","properties":{"Name":"Unknown","Max_Voltag":115,"Owner":"Other","COUNTY":"Alameda County","Status":"Operational"},"geometry":{"type":"Point","coordinates":[-122.017142104289,37.5956153303359]}},{"type":"Feature","properties":{"Name":"Dana","Max_Voltag":60,"Owner":"Other","COUNTY":"San Joaquin County","Status":"Operational"},"geometry":{"type":"Point","coordinates":[-121.255888298724,37.9111680404924]}},{"type":"Feature","properties":{"Name":"Dinosaur Point","Max_Voltag":115,"Owner":"PG&E","COUNTY":"Merced County","Status":"Operational"},"geometry":{"type":"Point","coordinates":[-121.208284268538,37.0635983140473]}},{"type":"Feature","properties":{"Name":"Glenn-Colusa Irrigation","Max_Voltag":60,"Owner":"Other","COUNTY":"Glenn County","Status":"Operational"},"geometry":{"type":"Point","coordinates":[-122.003216312059,39.553348579339]}},{"type":"Feature","properties":{"Name":"H J Heinz Co.","Max_Voltag":0,"Owner":"Other","COUNTY":"San Joaquin County","Status":"Operational"},"geometry":{"type":"Point","coordinates":[-121.415571808533,37.740238073713]}},{"type":"Feature","properties":{"Name":"Svp","Max_Voltag":0,"Owner":"SVP","COUNTY":"Santa Clara County","Status":"Operational"},"geometry":{"type":"Point","coordinates":[-121.933679942957,37.4257361353174]}},{"type":"Feature","properties":{"Name":"Louisiana Pacific Corp.","Max_Voltag":0,"Owner":"Other","COUNTY":"Butte County","Status":"Operational"},"geometry":{"type":"Point","coordinates":[-121.560886714168,39.4733684456088]}},{"type":"Feature","properties":{"Name":"Pacific Ethanol","Max_Voltag":60,"Owner":"Other","COUNTY":"San Joaquin County","Status":"Operational"},"geometry":{"type":"Point","coordinates":[-121.337704404197,37.9421122089067]}},{"type":"Feature","properties":{"Name":"Saxon Creek","Max_Voltag":70,"Owner":"Other","COUNTY":"Mariposa County","Status":"Operational"},"geometry":{"type":"Point","coordinates":[-119.985868640059,37.5936553435917]}},{"type":"Feature","properties":{"Name":"Video Products Distribution","Max_Voltag":0,"Owner":"Other","COUNTY":"El Dorado County","Status":"Operational"},"geometry":{"type":"Point","coordinates":[-121.070558911633,38.6467799735997]}},{"type":"Feature","properties":{"Name":"Woodchuck","Max_Voltag":0,"Owner":"PG&E","COUNTY":"Fresno County","Status":"Operational"},"geometry":{"type":"Point","coordinates":[-118.981578039165,37.008567752839]}},{"type":"Feature","properties":{"Name":"South Bay 2","Max_Voltag":0,"Owner":"PG&E","COUNTY":"Alameda County","Status":"Operational"},"geometry":{"type":"Point","coordinates":[-121.625323868425,37.7769749694163]}},{"type":"Feature","properties":{"Name":"Yuba Co Water Agency","Max_Voltag":115,"Owner":"Other","COUNTY":"Butte County","Status":"Operational"},"geometry":{"type":"Point","coordinates":[-121.128180423861,39.5722352142095]}},{"type":"Feature","properties":{"Name":"Clark Helicopter","Max_Voltag":0,"Owner":"SDG&E","COUNTY":"San Diego County","Status":"Operational"},"geometry":{"type":"Point","coordinates":[-116.966391316684,32.8293907006814]}},{"type":"Feature","properties":{"Name":"South Dunsmuir","Max_Voltag":69,"Owner":"PCORP","COUNTY":"Siskiyou County","Status":"Operational"},"geometry":{"type":"Point","coordinates":[-122.276409819173,41.2012439025583]}},{"type":"Feature","properties":{"Name":"Claus","Max_Voltag":0,"Owner":"Other","COUNTY":"Stanislaus County","Status":"Operational"},"geometry":{"type":"Point","coordinates":[-120.921045999012,37.7130937981563]}},{"type":"Feature","properties":{"Name":"Unknown","Max_Voltag":0,"Owner":"Other","COUNTY":"Los Angeles County","Status":"Operational"},"geometry":{"type":"Point","coordinates":[-118.345132635983,34.1850722668077]}},{"type":"Feature","properties":{"Name":"Unknown","Max_Voltag":0,"Owner":"Other","COUNTY":"Los Angeles County","Status":"Operational"},"geometry":{"type":"Point","coordinates":[-118.34553042616,34.1881353942841]}},{"type":"Feature","properties":{"Name":"White Mt.","Max_Voltag":0,"Owner":"SCE","COUNTY":"Inyo County","Status":"Operational"},"geometry":{"type":"Point","coordinates":[-118.186136727235,37.411647188673]}},{"type":"Feature","properties":{"Name":"Bishop Creek 5","Max_Voltag":0,"Owner":"SCE","COUNTY":"Inyo County","Status":"Operational"},"geometry":{"type":"Point","coordinates":[-118.479580044009,37.3346608144342]}},{"type":"Feature","properties":{"Name":"Pebbly Beach","Max_Voltag":0,"Owner":"SCE","COUNTY":"Los Angeles County","Status":"Operational"},"geometry":{"type":"Point","coordinates":[-118.310144925634,33.3330374141721]}},{"type":"Feature","properties":{"Name":"Little Harbor","Max_Voltag":0,"Owner":"Other","COUNTY":"Los Angeles County","Status":"Operational"},"geometry":{"type":"Point","coordinates":[-118.492411002809,33.4366309357542]}},{"type":"Feature","properties":{"Name":"Kaweah 2","Max_Voltag":0,"Owner":"SCE","COUNTY":"Tulare County","Status":"Operational"},"geometry":{"type":"Point","coordinates":[-118.879872459852,36.4616515971149]}},{"type":"Feature","properties":{"Name":"Kaweah 1","Max_Voltag":66,"Owner":"SCE","COUNTY":"Tulare County","Status":"Operational"},"geometry":{"type":"Point","coordinates":[-118.861981220089,36.4650954700179]}},{"type":"Feature","properties":{"Name":"Kaweah 3","Max_Voltag":66,"Owner":"SCE","COUNTY":"Tulare County","Status":"Operational"},"geometry":{"type":"Point","coordinates":[-118.835641118467,36.486069437399]}},{"type":"Feature","properties":{"Name":"Whirlwind","Max_Voltag":500,"Owner":"SCE","COUNTY":"Kern County","Status":"Operational"},"geometry":{"type":"Point","coordinates":[-118.435217147945,34.8592779421222]}},{"type":"Feature","properties":{"Name":"El Casco","Max_Voltag":0,"Owner":"SCE","COUNTY":"Riverside County","Status":"Operational"},"geometry":{"type":"Point","coordinates":[-117.077219853646,33.9665591813525]}},{"type":"Feature","properties":{"Name":"Falcon Ridge","Max_Voltag":500,"Owner":"SCE","COUNTY":"San Bernardino County","Status":"Proposed"},"geometry":{"type":"Point","coordinates":[-117.434959843438,34.1537820149822]}},{"type":"Feature","properties":{"Name":"Kimball","Max_Voltag":66,"Owner":"SCE","COUNTY":"San Bernardino County","Status":"Operational"},"geometry":{"type":"Point","coordinates":[-117.618598001089,33.9701866209359]}},{"type":"Feature","properties":{"Name":"Triton","Max_Voltag":0,"Owner":"SCE","COUNTY":"Riverside County","Status":"Proposed"},"geometry":{"type":"Point","coordinates":[-117.115293138655,33.5427567527415]}},{"type":"Feature","properties":{"Name":"Ritter Ranch","Max_Voltag":0,"Owner":"SCE","COUNTY":"Los Angeles County","Status":"Operational"},"geometry":{"type":"Point","coordinates":[-118.180249800378,34.5576453750796]}},{"type":"Feature","properties":{"Name":"Km Green","Max_Voltag":0,"Owner":"Other","COUNTY":"Amador County","Status":"Proposed"},"geometry":{"type":"Point","coordinates":[-120.229152268173,38.5259300499919]}},{"type":"Feature","properties":{"Name":"Km Blue","Max_Voltag":0,"Owner":"Other","COUNTY":"Alpine County","Status":"Proposed"},"geometry":{"type":"Point","coordinates":[-120.065861311931,38.6874657384092]}},{"type":"Feature","properties":{"Name":"Aurora","Max_Voltag":0,"Owner":"PG&E","COUNTY":"San Joaquin County","Status":"Operational"},"geometry":{"type":"Point","coordinates":[-121.281514433731,37.9611650071218]}},{"type":"Feature","properties":{"Name":"Port Of Stockton","Max_Voltag":60,"Owner":"Other","COUNTY":"San Joaquin County","Status":"Operational"},"geometry":{"type":"Point","coordinates":[-121.346329837113,37.9499658667915]}},{"type":"Feature","properties":{"Name":"Gill","Max_Voltag":0,"Owner":"PG&E","COUNTY":"Contra Costa County","Status":"Operational"},"geometry":{"type":"Point","coordinates":[-122.040268897106,37.9867682070976]}},{"type":"Feature","properties":{"Name":"Moscone","Max_Voltag":0,"Owner":"Other","COUNTY":"San Francisco County","Status":"Operational"},"geometry":{"type":"Point","coordinates":[-122.400222954697,37.7831094942261]}},{"type":"Feature","properties":{"Name":"Bank Of America","Max_Voltag":0,"Owner":"Other","COUNTY":"San Francisco County","Status":"Operational"},"geometry":{"type":"Point","coordinates":[-122.403625132494,37.7921255431943]}},{"type":"Feature","properties":{"Name":"Bart","Max_Voltag":0,"Owner":"Other","COUNTY":"San Francisco County","Status":"Operational"},"geometry":{"type":"Point","coordinates":[-122.420326985752,37.7462031231296]}},{"type":"Feature","properties":{"Name":"Niland Ss","Max_Voltag":161,"Owner":"IID","COUNTY":"Imperial County","Status":"Operational"},"geometry":{"type":"Point","coordinates":[-115.500189632352,33.2430570657768]}},{"type":"Feature","properties":{"Name":"Sycamore Grimmway Farm","Max_Voltag":66,"Owner":"SCE","COUNTY":"Kern County","Status":"Operational"},"geometry":{"type":"Point","coordinates":[-118.815553673905,35.1948710869239]}},{"type":"Feature","properties":{"Name":"Mcgrath Beach","Max_Voltag":0,"Owner":"SCE","COUNTY":"Ventura County","Status":"Operational"},"geometry":{"type":"Point","coordinates":[-119.250061819382,34.2043066568387]}},{"type":"Feature","properties":{"Name":"Coso Little Lake","Max_Voltag":0,"Owner":"SCE","COUNTY":"Inyo County","Status":"Operational"},"geometry":{"type":"Point","coordinates":[-117.957614151191,36.0934422986084]}},{"type":"Feature","properties":{"Name":"Crows Landing","Max_Voltag":69,"Owner":"Other","COUNTY":"Stanislaus County","Status":"Operational"},"geometry":{"type":"Point","coordinates":[-120.992872154908,37.6091294104178]}},{"type":"Feature","properties":{"Name":"Roger","Max_Voltag":115,"Owner":"Other","COUNTY":"Stanislaus County","Status":"Operational"},"geometry":{"type":"Point","coordinates":[-121.178313544847,37.4749003637503]}},{"type":"Feature","properties":{"Name":"Dryden","Max_Voltag":115,"Owner":"SCE","COUNTY":"Riverside County","Status":"Operational"},"geometry":{"type":"Point","coordinates":[-117.375222877767,33.7019163328838]}},{"type":"Feature","properties":{"Name":"Rancho Mission Viejo","Max_Voltag":138,"Owner":"SDG&E","COUNTY":"Orange County","Status":"Operational"},"geometry":{"type":"Point","coordinates":[-117.59883516545,33.5262203585019]}},{"type":"Feature","properties":{"Name":"Friars","Max_Voltag":0,"Owner":"SDG&E","COUNTY":"San Diego County","Status":"Operational"},"geometry":{"type":"Point","coordinates":[-117.156848506605,32.779030234226]}},{"type":"Feature","properties":{"Name":"Hobart","Max_Voltag":0,"Owner":"Other","COUNTY":"Nevada County","Status":"Operational"},"geometry":{"type":"Point","coordinates":[-120.149939164186,39.4000793740075]}},{"type":"Feature","properties":{"Name":"Cemetery","Max_Voltag":60,"Owner":"Other","COUNTY":"Sierra County","Status":"Operational"},"geometry":{"type":"Point","coordinates":[-120.247968432217,39.6707854365144]}},{"type":"Feature","properties":{"Name":"Calipatria","Max_Voltag":0,"Owner":"IID","COUNTY":"Imperial County","Status":"Operational"},"geometry":{"type":"Point","coordinates":[-115.492509445407,33.1686761812519]}},{"type":"Feature","properties":{"Name":"Clear Creek","Max_Voltag":115,"Owner":"Other","COUNTY":"Shasta County","Status":"Proposed"},"geometry":{"type":"Point","coordinates":[-122.358780705302,40.4942062141454]}},{"type":"Feature","properties":{"Name":"Goodwater","Max_Voltag":115,"Owner":"Other","COUNTY":"Shasta County","Status":"Proposed"},"geometry":{"type":"Point","coordinates":[-122.315574262605,40.5496770612332]}},{"type":"Feature","properties":{"Name":"Oasis Road","Max_Voltag":115,"Owner":"Other","COUNTY":"Shasta County","Status":"Proposed"},"geometry":{"type":"Point","coordinates":[-122.33982250234,40.6507553358099]}},{"type":"Feature","properties":{"Name":"Quartz Hill","Max_Voltag":230,"Owner":"Other","COUNTY":"Shasta County","Status":"Proposed"},"geometry":{"type":"Point","coordinates":[-122.420866198603,40.6348493054392]}},{"type":"Feature","properties":{"Name":"Stillwater","Max_Voltag":0,"Owner":"Other","COUNTY":"Shasta County","Status":"Proposed"},"geometry":{"type":"Point","coordinates":[-122.301921332743,40.5097723235276]}},{"type":"Feature","properties":{"Name":"Tierra Oaks","Max_Voltag":0,"Owner":"Other","COUNTY":"Shasta County","Status":"Proposed"},"geometry":{"type":"Point","coordinates":[-122.319834983675,40.6799538957138]}},{"type":"Feature","properties":{"Name":"Hunter","Max_Voltag":0,"Owner":"Other","COUNTY":"Riverside County","Status":"Operational"},"geometry":{"type":"Point","coordinates":[-117.348852376257,33.9988764952962]}},{"type":"Feature","properties":{"Name":"University","Max_Voltag":66,"Owner":"Other","COUNTY":"Riverside County","Status":"Operational"},"geometry":{"type":"Point","coordinates":[-117.332348304177,33.9718987970301]}},{"type":"Feature","properties":{"Name":"La Colina","Max_Voltag":66,"Owner":"Other","COUNTY":"Riverside County","Status":"Operational"},"geometry":{"type":"Point","coordinates":[-117.323490337859,33.9552494256628]}},{"type":"Feature","properties":{"Name":"Plaza","Max_Voltag":66,"Owner":"Other","COUNTY":"Riverside County","Status":"Operational"},"geometry":{"type":"Point","coordinates":[-117.391999284007,33.9575189651691]}},{"type":"Feature","properties":{"Name":"Magnolia","Max_Voltag":66,"Owner":"Other","COUNTY":"Riverside County","Status":"Operational"},"geometry":{"type":"Point","coordinates":[-117.383180072807,33.9532869822362]}},{"type":"Feature","properties":{"Name":"Casa Blanca","Max_Voltag":66,"Owner":"Other","COUNTY":"Riverside County","Status":"Operational"},"geometry":{"type":"Point","coordinates":[-117.40501464807,33.9317407012032]}},{"type":"Feature","properties":{"Name":"Orangecrest","Max_Voltag":66,"Owner":"Other","COUNTY":"Riverside County","Status":"Operational"},"geometry":{"type":"Point","coordinates":[-117.32511396009,33.9016438121167]}},{"type":"Feature","properties":{"Name":"Harvey Lynn","Max_Voltag":66,"Owner":"Other","COUNTY":"Riverside County","Status":"Operational"},"geometry":{"type":"Point","coordinates":[-117.486626265544,33.91468990131]}},{"type":"Feature","properties":{"Name":"Kaiser","Max_Voltag":66,"Owner":"Other","COUNTY":"Riverside County","Status":"Operational"},"geometry":{"type":"Point","coordinates":[-117.46661914564,33.9045534398839]}},{"type":"Feature","properties":{"Name":"De La Cruz","Max_Voltag":0,"Owner":"SVP","COUNTY":"Santa Clara County","Status":"Operational"},"geometry":{"type":"Point","coordinates":[-121.943557939094,37.363176476646]}},{"type":"Feature","properties":{"Name":"Carberry","Max_Voltag":230,"Owner":"PG&E","COUNTY":"Shasta County","Status":"Operational"},"geometry":{"type":"Point","coordinates":[-121.752786285822,40.8591501084218]}},{"type":"Feature","properties":{"Name":"Davis","Max_Voltag":0,"Owner":"Other","COUNTY":"Alameda County","Status":"Operational"},"geometry":{"type":"Point","coordinates":[-122.312741472967,37.8098374032423]}},{"type":"Feature","properties":{"Name":"Steamboat","Max_Voltag":69,"Owner":"Other","COUNTY":"Modoc County","Status":"Operational"},"geometry":{"type":"Point","coordinates":[-120.148371616592,41.4418938555602]}},{"type":"Feature","properties":{"Name":"Bordertown","Max_Voltag":345,"Owner":"Other","COUNTY":"Sierra County","Status":"Operational"},"geometry":{"type":"Point","coordinates":[-120.004216126968,39.656231643218]}},{"type":"Feature","properties":{"Name":"Likely","Max_Voltag":69,"Owner":"Other","COUNTY":"Modoc County","Status":"Operational"},"geometry":{"type":"Point","coordinates":[-120.539534116435,41.3697537714289]}},{"type":"Feature","properties":{"Name":"Unknown","Max_Voltag":69,"Owner":"Other","COUNTY":"Lassen County","Status":"Operational"},"geometry":{"type":"Point","coordinates":[-121.114355738813,41.1323547184585]}},{"type":"Feature","properties":{"Name":"Rio Dell Tap","Max_Voltag":60,"Owner":"PG&E","COUNTY":"Humboldt County","Status":"Operational"},"geometry":{"type":"Point","coordinates":[-124.079215471354,40.5512487896995]}},{"type":"Feature","properties":{"Name":"Herlong","Max_Voltag":60,"Owner":"Other","COUNTY":"Lassen County","Status":"Operational"},"geometry":{"type":"Point","coordinates":[-120.172313305338,40.0898384868962]}},{"type":"Feature","properties":{"Name":"Collins Pine Co.","Max_Voltag":0,"Owner":"Other","COUNTY":"Plumas County","Status":"Operational"},"geometry":{"type":"Point","coordinates":[-121.244894383002,40.2996872647425]}},{"type":"Feature","properties":{"Name":"Thrive Fontana","Max_Voltag":0,"Owner":"SCE","COUNTY":"San Bernardino County","Status":"Operational"},"geometry":{"type":"Point","coordinates":[-117.429303946204,34.0735562352429]}},{"type":"Feature","properties":{"Name":"Scripps","Max_Voltag":60,"Owner":"SMUD","COUNTY":"Sacramento County","Status":"Operational"},"geometry":{"type":"Point","coordinates":[-121.408502560422,38.5720769363903]}},{"type":"Feature","properties":{"Name":"Gold Country","Max_Voltag":60,"Owner":"SMUD","COUNTY":"Sacramento County","Status":"Operational"},"geometry":{"type":"Point","coordinates":[-121.229413048262,38.6274180473009]}},{"type":"Feature","properties":{"Name":"Folsom-Iron Point","Max_Voltag":60,"Owner":"SMUD","COUNTY":"Sacramento County","Status":"Operational"},"geometry":{"type":"Point","coordinates":[-121.192362443102,38.6424559335241]}},{"type":"Feature","properties":{"Name":"Iron Point","Max_Voltag":0,"Owner":"SMUD","COUNTY":"Sacramento County","Status":"Operational"},"geometry":{"type":"Point","coordinates":[-121.145448117832,38.6446877154623]}},{"type":"Feature","properties":{"Name":"West Stockton","Max_Voltag":60,"Owner":"SMUD","COUNTY":"Sacramento County","Status":"Operational"},"geometry":{"type":"Point","coordinates":[-121.395485860564,38.4195121674197]}},{"type":"Feature","properties":{"Name":"East Drainage Canal","Max_Voltag":60,"Owner":"SMUD","COUNTY":"Sacramento County","Status":"Operational"},"geometry":{"type":"Point","coordinates":[-121.506570711131,38.6489234731881]}},{"type":"Feature","properties":{"Name":"Alder Creek-Bradshaw","Max_Voltag":0,"Owner":"SMUD","COUNTY":"Sacramento County","Status":"Operational"},"geometry":{"type":"Point","coordinates":[-121.335273389664,38.4856362779754]}},{"type":"Feature","properties":{"Name":"Anatolia","Max_Voltag":60,"Owner":"SMUD","COUNTY":"Sacramento County","Status":"Operational"},"geometry":{"type":"Point","coordinates":[-121.240492198833,38.5458744833169]}},{"type":"Feature","properties":{"Name":"Arden","Max_Voltag":60,"Owner":"SMUD","COUNTY":"Sacramento County","Status":"Operational"},"geometry":{"type":"Point","coordinates":[-121.375608862527,38.5953277989041]}},{"type":"Feature","properties":{"Name":"Blue Ravine","Max_Voltag":60,"Owner":"SMUD","COUNTY":"Sacramento County","Status":"Operational"},"geometry":{"type":"Point","coordinates":[-121.180753729383,38.6531084772426]}},{"type":"Feature","properties":{"Name":"Bruceville","Max_Voltag":60,"Owner":"SMUD","COUNTY":"Sacramento County","Status":"Operational"},"geometry":{"type":"Point","coordinates":[-121.418340046132,38.3950886143097]}},{"type":"Feature","properties":{"Name":"Canyonlands","Max_Voltag":230,"Owner":"SMUD","COUNTY":"Sacramento County","Status":"Operational"},"geometry":{"type":"Point","coordinates":[-121.207887038011,38.5533057752619]}},{"type":"Feature","properties":{"Name":"Kings","Max_Voltag":0,"Owner":"SMUD","COUNTY":"Sacramento County","Status":"Operational"},"geometry":{"type":"Point","coordinates":[-121.380770068313,38.613277330252]}},{"type":"Feature","properties":{"Name":"Sheldon","Max_Voltag":60,"Owner":"SMUD","COUNTY":"Sacramento County","Status":"Operational"},"geometry":{"type":"Point","coordinates":[-121.375544493745,38.4376600444021]}},{"type":"Feature","properties":{"Name":"Del Paso","Max_Voltag":60,"Owner":"SMUD","COUNTY":"Sacramento County","Status":"Operational"},"geometry":{"type":"Point","coordinates":[-121.519234120656,38.6539784403919]}},{"type":"Feature","properties":{"Name":"Arena","Max_Voltag":60,"Owner":"SMUD","COUNTY":"Sacramento County","Status":"Operational"},"geometry":{"type":"Point","coordinates":[-121.539140984083,38.6425567824462]}},{"type":"Feature","properties":{"Name":"Elkhorn","Max_Voltag":0,"Owner":"SMUD","COUNTY":"Sacramento County","Status":"Operational"},"geometry":{"type":"Point","coordinates":[-121.505614072727,38.6846601851108]}},{"type":"Feature","properties":{"Name":"Franklin-Elk Grove","Max_Voltag":0,"Owner":"SMUD","COUNTY":"Sacramento County","Status":"Operational"},"geometry":{"type":"Point","coordinates":[-121.449622241866,38.406985763704]}},{"type":"Feature","properties":{"Name":"Laguna Pointe-Franklin","Max_Voltag":60,"Owner":"SMUD","COUNTY":"Sacramento County","Status":"Operational"},"geometry":{"type":"Point","coordinates":[-121.448744998364,38.4217175714313]}},{"type":"Feature","properties":{"Name":"Golflinks","Max_Voltag":0,"Owner":"SMUD","COUNTY":"Sacramento County","Status":"Operational"},"geometry":{"type":"Point","coordinates":[-121.10714922633,38.6592388476498]}},{"type":"Feature","properties":{"Name":"Maritime","Max_Voltag":0,"Owner":"SMUD","COUNTY":"Sacramento County","Status":"Operational"},"geometry":{"type":"Point","coordinates":[-121.482127063567,38.4159142044725]}},{"type":"Feature","properties":{"Name":"Natomas Crossing","Max_Voltag":0,"Owner":"SMUD","COUNTY":"Sacramento County","Status":"Operational"},"geometry":{"type":"Point","coordinates":[-121.513216806031,38.6302331881816]}},{"type":"Feature","properties":{"Name":"Power Inn-Geneva Pointe","Max_Voltag":60,"Owner":"SMUD","COUNTY":"Sacramento County","Status":"Operational"},"geometry":{"type":"Point","coordinates":[-121.406618062042,38.4534285950738]}},{"type":"Feature","properties":{"Name":"S. Land Park","Max_Voltag":60,"Owner":"SMUD","COUNTY":"Sacramento County","Status":"Operational"},"geometry":{"type":"Point","coordinates":[-121.514459897416,38.519419423298]}},{"type":"Feature","properties":{"Name":"Macy Plaza","Max_Voltag":60,"Owner":"SMUD","COUNTY":"Sacramento County","Status":"Operational"},"geometry":{"type":"Point","coordinates":[-121.264774479328,38.671387267344]}},{"type":"Feature","properties":{"Name":"Sutter-Vale Vista","Max_Voltag":0,"Owner":"SMUD","COUNTY":"Sacramento County","Status":"Operational"},"geometry":{"type":"Point","coordinates":[-121.313209532899,38.632802098798]}},{"type":"Feature","properties":{"Name":"White Rock-Nike","Max_Voltag":60,"Owner":"SMUD","COUNTY":"Sacramento County","Status":"Operational"},"geometry":{"type":"Point","coordinates":[-121.212462808133,38.5860527904326]}},{"type":"Feature","properties":{"Name":"Q-19Th","Max_Voltag":0,"Owner":"SMUD","COUNTY":"Sacramento County","Status":"Operational"},"geometry":{"type":"Point","coordinates":[-121.484991854788,38.5692301664157]}},{"type":"Feature","properties":{"Name":"Promanade","Max_Voltag":60,"Owner":"SMUD","COUNTY":"Sacramento County","Status":"Operational"},"geometry":{"type":"Point","coordinates":[-121.373827109856,38.3868909996288]}},{"type":"Feature","properties":{"Name":"Apple Inc","Max_Voltag":60,"Owner":"SMUD","COUNTY":"Sacramento County","Status":"Operational"},"geometry":{"type":"Point","coordinates":[-121.477725171351,38.4301662025781]}},{"type":"Feature","properties":{"Name":"American River Parkway","Max_Voltag":0,"Owner":"SMUD","COUNTY":"Sacramento County","Status":"Operational"},"geometry":{"type":"Point","coordinates":[-121.420177564419,38.5846093248799]}},{"type":"Feature","properties":{"Name":"Midway-Siena","Max_Voltag":60,"Owner":"SMUD","COUNTY":"Sacramento County","Status":"Operational"},"geometry":{"type":"Point","coordinates":[-121.396346651422,38.5187813154875]}},{"type":"Feature","properties":{"Name":"Bradshaw-Grant Line","Max_Voltag":60,"Owner":"SMUD","COUNTY":"Sacramento County","Status":"Operational"},"geometry":{"type":"Point","coordinates":[-121.335073982535,38.402086629157]}},{"type":"Feature","properties":{"Name":"Calvine-Kingbridge","Max_Voltag":230,"Owner":"SMUD","COUNTY":"Sacramento County","Status":"Operational"},"geometry":{"type":"Point","coordinates":[-121.350478231044,38.4530336360244]}},{"type":"Feature","properties":{"Name":"Cavitt","Max_Voltag":115,"Owner":"SMUD","COUNTY":"Sacramento County","Status":"Operational"},"geometry":{"type":"Point","coordinates":[-121.118258928603,38.6521791272186]}},{"type":"Feature","properties":{"Name":"Cimmaron-E Natomas","Max_Voltag":60,"Owner":"SMUD","COUNTY":"Sacramento County","Status":"Operational"},"geometry":{"type":"Point","coordinates":[-121.151760364636,38.6871199774117]}},{"type":"Feature","properties":{"Name":"Knox-Florin","Max_Voltag":60,"Owner":"SMUD","COUNTY":"Sacramento County","Status":"Operational"},"geometry":{"type":"Point","coordinates":[-121.316058913522,38.5013822628431]}},{"type":"Feature","properties":{"Name":"Donner Lake","Max_Voltag":0,"Owner":"Other","COUNTY":"Nevada County","Status":"Operational"},"geometry":{"type":"Point","coordinates":[-120.281890438804,39.3273586715815]}},{"type":"Feature","properties":{"Name":"Suncrest","Max_Voltag":500,"Owner":"SDG&E","COUNTY":"San Diego County","Status":"Operational"},"geometry":{"type":"Point","coordinates":[-116.682878833155,32.8091042958269]}},{"type":"Feature","properties":{"Name":"Mountain Center","Max_Voltag":34,"Owner":"Other","COUNTY":"Riverside County","Status":"Operational"},"geometry":{"type":"Point","coordinates":[-116.731230867121,33.7047956767078]}},{"type":"Feature","properties":{"Name":"Lake Hemet","Max_Voltag":34,"Owner":"Other","COUNTY":"Riverside County","Status":"Operational"},"geometry":{"type":"Point","coordinates":[-116.675090807052,33.6686804385957]}},{"type":"Feature","properties":{"Name":"Lake Riverside","Max_Voltag":34,"Owner":"Other","COUNTY":"Riverside County","Status":"Operational"},"geometry":{"type":"Point","coordinates":[-116.788455484793,33.5151885418698]}},{"type":"Feature","properties":{"Name":"Tony Lappos","Max_Voltag":34,"Owner":"Other","COUNTY":"Riverside County","Status":"Operational"},"geometry":{"type":"Point","coordinates":[-116.639708027523,33.5581612898264]}},{"type":"Feature","properties":{"Name":"Sylmar East","Max_Voltag":0,"Owner":"LADWP","COUNTY":"Los Angeles County","Status":"Operational"},"geometry":{"type":"Point","coordinates":[-118.480414325583,34.3118948715291]}},{"type":"Feature","properties":{"Name":"Cain Ranch P.T.","Max_Voltag":115,"Owner":"SCE","COUNTY":"Mono County","Status":"Operational"},"geometry":{"type":"Point","coordinates":[-119.117059619188,37.9523503398441]}},{"type":"Feature","properties":{"Name":"June Lake","Max_Voltag":115,"Owner":"SCE","COUNTY":"Mono County","Status":"Operational"},"geometry":{"type":"Point","coordinates":[-119.123338243848,37.7669852363703]}},{"type":"Feature","properties":{"Name":"Station 119","Max_Voltag":0,"Owner":"LADWP","COUNTY":"Los Angeles County","Status":"Operational"},"geometry":{"type":"Point","coordinates":[-118.240001950272,33.7729500834742]}},{"type":"Feature","properties":{"Name":"Clair","Max_Voltag":69,"Owner":"Other","COUNTY":"Orange County","Status":"Operational"},"geometry":{"type":"Point","coordinates":[-117.976366527663,33.8169941152166]}},{"type":"Feature","properties":{"Name":"Park","Max_Voltag":0,"Owner":"Other","COUNTY":"Orange County","Status":"Operational"},"geometry":{"type":"Point","coordinates":[-117.746394647468,33.8643721584536]}},{"type":"Feature","properties":{"Name":"Fairmont","Max_Voltag":69,"Owner":"Other","COUNTY":"Orange County","Status":"Operational"},"geometry":{"type":"Point","coordinates":[-117.768322201957,33.8564720790328]}},{"type":"Feature","properties":{"Name":"Canyon","Max_Voltag":0,"Owner":"Other","COUNTY":"Orange County","Status":"Operational"},"geometry":{"type":"Point","coordinates":[-117.86226743855,33.8583988203229]}},{"type":"Feature","properties":{"Name":"Tasman","Max_Voltag":0,"Owner":"SVP","COUNTY":"Santa Clara County","Status":"Operational"},"geometry":{"type":"Point","coordinates":[-121.973216527868,37.4033292576855]}},{"type":"Feature","properties":{"Name":"Serra","Max_Voltag":60,"Owner":"SVP","COUNTY":"Santa Clara County","Status":"Operational"},"geometry":{"type":"Point","coordinates":[-121.996203081092,37.3273424690105]}},{"type":"Feature","properties":{"Name":"Zeno","Max_Voltag":60,"Owner":"SVP","COUNTY":"Santa Clara County","Status":"Operational"},"geometry":{"type":"Point","coordinates":[-121.997853686918,37.3770660271509]}},{"type":"Feature","properties":{"Name":"Homestead","Max_Voltag":60,"Owner":"SVP","COUNTY":"Santa Clara County","Status":"Operational"},"geometry":{"type":"Point","coordinates":[-121.97845801699,37.339092959071]}},{"type":"Feature","properties":{"Name":"Raymond","Max_Voltag":115,"Owner":"SVP","COUNTY":"Santa Clara County","Status":"Operational"},"geometry":{"type":"Point","coordinates":[-121.95530201635,37.3769960716527]}},{"type":"Feature","properties":{"Name":"Kenneth","Max_Voltag":115,"Owner":"SVP","COUNTY":"Santa Clara County","Status":"Operational"},"geometry":{"type":"Point","coordinates":[-121.954326893313,37.3758026970578]}},{"type":"Feature","properties":{"Name":"Central","Max_Voltag":60,"Owner":"SVP","COUNTY":"Santa Clara County","Status":"Operational"},"geometry":{"type":"Point","coordinates":[-121.978365954945,37.381699668882]}},{"type":"Feature","properties":{"Name":"Juliette","Max_Voltag":60,"Owner":"SVP","COUNTY":"Santa Clara County","Status":"Operational"},"geometry":{"type":"Point","coordinates":[-121.967513817629,37.3865830293416]}},{"type":"Feature","properties":{"Name":"Norman Avenue","Max_Voltag":60,"Owner":"SVP","COUNTY":"Santa Clara County","Status":"Operational"},"geometry":{"type":"Point","coordinates":[-121.956577370729,37.3851690574078]}},{"type":"Feature","properties":{"Name":"Agnew","Max_Voltag":0,"Owner":"SVP","COUNTY":"Santa Clara County","Status":"Operational"},"geometry":{"type":"Point","coordinates":[-121.967655720003,37.3913611290169]}},{"type":"Feature","properties":{"Name":"Palm","Max_Voltag":60,"Owner":"SVP","COUNTY":"Santa Clara County","Status":"Operational"},"geometry":{"type":"Point","coordinates":[-121.957537836854,37.3943750898316]}},{"type":"Feature","properties":{"Name":"Northwestern","Max_Voltag":60,"Owner":"SVP","COUNTY":"Santa Clara County","Status":"Operational"},"geometry":{"type":"Point","coordinates":[-121.974193368485,37.3739965193657]}},{"type":"Feature","properties":{"Name":"Lafayette","Max_Voltag":115,"Owner":"SVP","COUNTY":"Santa Clara County","Status":"Operational"},"geometry":{"type":"Point","coordinates":[-121.950950318399,37.3759354929923]}},{"type":"Feature","properties":{"Name":"Duane","Max_Voltag":115,"Owner":"SVP","COUNTY":"Santa Clara County","Status":"Operational"},"geometry":{"type":"Point","coordinates":[-121.95144161152,37.3769577284138]}},{"type":"Feature","properties":{"Name":"Colorado River","Max_Voltag":500,"Owner":"SCE","COUNTY":"Riverside County","Status":"Operational"},"geometry":{"type":"Point","coordinates":[-114.815927678249,33.5789801133802]}},{"type":"Feature","properties":{"Name":"Bj","Max_Voltag":66,"Owner":"Other","COUNTY":"Los Angeles County","Status":"Operational"},"geometry":{"type":"Point","coordinates":[-118.234327150689,34.0030148714899]}},{"type":"Feature","properties":{"Name":"Kinetic","Max_Voltag":66,"Owner":"Other","COUNTY":"Los Angeles County","Status":"Operational"},"geometry":{"type":"Point","coordinates":[-118.232578403918,34.0032626252041]}},{"type":"Feature","properties":{"Name":"Matherson Trigas","Max_Voltag":66,"Owner":"SCE","COUNTY":"Los Angeles County","Status":"Operational"},"geometry":{"type":"Point","coordinates":[-118.17714937477,33.9893152419757]}},{"type":"Feature","properties":{"Name":"North","Max_Voltag":0,"Owner":"Other","COUNTY":"San Bernardino County","Status":"Operational"},"geometry":{"type":"Point","coordinates":[-117.326508398736,34.0866110613182]}},{"type":"Feature","properties":{"Name":"Cement","Max_Voltag":0,"Owner":"SCE","COUNTY":"San Bernardino County","Status":"Operational"},"geometry":{"type":"Point","coordinates":[-117.37121621014,34.590107099175]}},{"type":"Feature","properties":{"Name":"Corona Sunkist","Max_Voltag":0,"Owner":"Other","COUNTY":"Riverside County","Status":"Operational"},"geometry":{"type":"Point","coordinates":[-117.555731383122,33.8827590480103]}},{"type":"Feature","properties":{"Name":"Sanger Power And Feed","Max_Voltag":0,"Owner":"Other","COUNTY":"Fresno County","Status":"Operational"},"geometry":{"type":"Point","coordinates":[-119.553612137113,36.6844814757233]}},{"type":"Feature","properties":{"Name":"Glorietta","Max_Voltag":0,"Owner":"Other","COUNTY":"Los Angeles County","Status":"Operational"},"geometry":{"type":"Point","coordinates":[-118.226164294449,34.1875678280445]}},{"type":"Feature","properties":{"Name":"Montrose","Max_Voltag":0,"Owner":"Other","COUNTY":"Los Angeles County","Status":"Operational"},"geometry":{"type":"Point","coordinates":[-118.223749255555,34.2031534772185]}},{"type":"Feature","properties":{"Name":"Red Bluff","Max_Voltag":0,"Owner":"SCE","COUNTY":"Riverside County","Status":"Operational"},"geometry":{"type":"Point","coordinates":[-115.313186500631,33.6980945589069]}},{"type":"Feature","properties":{"Name":"Ocotillo Express","Max_Voltag":500,"Owner":"SDG&E","COUNTY":"Imperial County","Status":"Operational"},"geometry":{"type":"Point","coordinates":[-116.042861460704,32.7426330710076]}},{"type":"Feature","properties":{"Name":"Palomino","Max_Voltag":34,"Owner":"Other","COUNTY":"San Bernardino County","Status":"Operational"},"geometry":{"type":"Point","coordinates":[-116.814867576503,34.2686517133847]}},{"type":"Feature","properties":{"Name":"Maple","Max_Voltag":34,"Owner":"Other","COUNTY":"San Bernardino County","Status":"Operational"},"geometry":{"type":"Point","coordinates":[-116.827048548499,34.2506295875057]}},{"type":"Feature","properties":{"Name":"Maltby","Max_Voltag":34,"Owner":"Other","COUNTY":"San Bernardino County","Status":"Operational"},"geometry":{"type":"Point","coordinates":[-116.831039182097,34.2663407134945]}},{"type":"Feature","properties":{"Name":"Bear City","Max_Voltag":34,"Owner":"Other","COUNTY":"San Bernardino County","Status":"Operational"},"geometry":{"type":"Point","coordinates":[-116.849600500382,34.2653839181077]}},{"type":"Feature","properties":{"Name":"Bear Mt.","Max_Voltag":34,"Owner":"Other","COUNTY":"San Bernardino County","Status":"Operational"},"geometry":{"type":"Point","coordinates":[-116.857888997692,34.2243090428416]}},{"type":"Feature","properties":{"Name":"Moonridge","Max_Voltag":34,"Owner":"Other","COUNTY":"San Bernardino County","Status":"Operational"},"geometry":{"type":"Point","coordinates":[-116.863796933448,34.2267571779592]}},{"type":"Feature","properties":{"Name":"Division","Max_Voltag":34,"Owner":"Other","COUNTY":"San Bernardino County","Status":"Operational"},"geometry":{"type":"Point","coordinates":[-116.86661807553,34.2618478589469]}},{"type":"Feature","properties":{"Name":"Fawnskin","Max_Voltag":34,"Owner":"Other","COUNTY":"San Bernardino County","Status":"Operational"},"geometry":{"type":"Point","coordinates":[-116.882198727109,34.2614109044301]}},{"type":"Feature","properties":{"Name":"Lake","Max_Voltag":0,"Owner":"Other","COUNTY":"San Bernardino County","Status":"Operational"},"geometry":{"type":"Point","coordinates":[-116.891421747199,34.2526932030014]}},{"type":"Feature","properties":{"Name":"Meadow","Max_Voltag":34,"Owner":"Other","COUNTY":"San Bernardino County","Status":"Operational"},"geometry":{"type":"Point","coordinates":[-116.885396845403,34.2470455221597]}},{"type":"Feature","properties":{"Name":"Summit","Max_Voltag":34,"Owner":"Other","COUNTY":"San Bernardino County","Status":"Operational"},"geometry":{"type":"Point","coordinates":[-116.889669924597,34.2362013543125]}},{"type":"Feature","properties":{"Name":"Pine Knot","Max_Voltag":34,"Owner":"Other","COUNTY":"San Bernardino County","Status":"Operational"},"geometry":{"type":"Point","coordinates":[-116.900354114684,34.245379201085]}},{"type":"Feature","properties":{"Name":"Village","Max_Voltag":34,"Owner":"Other","COUNTY":"San Bernardino County","Status":"Operational"},"geometry":{"type":"Point","coordinates":[-116.910441477571,34.2401799391485]}},{"type":"Feature","properties":{"Name":"Goldhill","Max_Voltag":33,"Owner":"SCE","COUNTY":"San Bernardino County","Status":"Operational"},"geometry":{"type":"Point","coordinates":[-116.820157715685,34.3037655955617]}},{"type":"Feature","properties":{"Name":"Unknown","Max_Voltag":230,"Owner":"SCE","COUNTY":"Kern County","Status":"Operational"},"geometry":{"type":"Point","coordinates":[-118.247901925324,35.207091027898]}},{"type":"Feature","properties":{"Name":"Sky River North","Max_Voltag":0,"Owner":"SCE","COUNTY":"Kern County","Status":"Operational"},"geometry":{"type":"Point","coordinates":[-118.185895741584,35.3450896904749]}},{"type":"Feature","properties":{"Name":"Black Point","Max_Voltag":0,"Owner":"WAPA","COUNTY":"Riverside County","Status":"Proposed"},"geometry":{"type":"Point","coordinates":[-114.515924939627,33.7539427849359]}},{"type":"Feature","properties":{"Name":"Rice Interconnection","Max_Voltag":161,"Owner":"WAPA","COUNTY":"Riverside County","Status":"Proposed"},"geometry":{"type":"Point","coordinates":[-114.656282623521,33.9814619844112]}},{"type":"Feature","properties":{"Name":"Shiloh IV","Max_Voltag":230,"Owner":"Other","COUNTY":"Solano County","Status":"Operational"},"geometry":{"type":"Point","coordinates":[-121.831814703374,38.1248212189367]}},{"type":"Feature","properties":{"Name":"Pico","Max_Voltag":230,"Owner":"SDG&E","COUNTY":"Orange County","Status":"Operational"},"geometry":{"type":"Point","coordinates":[-117.589242619775,33.456874354844]}},{"type":"Feature","properties":{"Name":"Ivanpah","Max_Voltag":0,"Owner":"SCE","COUNTY":"San Bernardino County","Status":"Proposed"},"geometry":{"type":"Point","coordinates":[-115.468926765668,35.5444131371577]}},{"type":"Feature","properties":{"Name":"AFG","Max_Voltag":115,"Owner":"SCE","COUNTY":"San Bernardino County","Status":"Operational"},"geometry":{"type":"Point","coordinates":[-117.293993809653,34.4743506984994]}},{"type":"Feature","properties":{"Name":"Alamitos","Max_Voltag":0,"Owner":"SCE","COUNTY":"Los Angeles County","Status":"Operational"},"geometry":{"type":"Point","coordinates":[-118.098882508492,33.7648341702624]}},{"type":"Feature","properties":{"Name":"Allen","Max_Voltag":0,"Owner":"SCE","COUNTY":"Los Angeles County","Status":"Low kV"},"geometry":{"type":"Point","coordinates":[-118.111808213504,34.1714393757469]}},{"type":"Feature","properties":{"Name":"Waukena","Max_Voltag":115,"Owner":"PG&E","COUNTY":"Kings County","Status":"Operational"},"geometry":{"type":"Point","coordinates":[-119.577214009358,36.1383895065283]}},{"type":"Feature","properties":{"Name":"Orchard Street","Max_Voltag":115,"Owner":"PG&E","COUNTY":"Mendocino County","Status":"Operational"},"geometry":{"type":"Point","coordinates":[-123.198878900448,39.1437908193224]}},{"type":"Feature","properties":{"Name":"Amboy","Max_Voltag":0,"Owner":"SCE","COUNTY":"San Bernardino County","Status":"Low kV"},"geometry":{"type":"Point","coordinates":[-115.74537929865,34.5510317193721]}},{"type":"Feature","properties":{"Name":"Aventura P.T.","Max_Voltag":115,"Owner":"SCE","COUNTY":"Riverside County","Status":"Operational"},"geometry":{"type":"Point","coordinates":[-116.504350422196,33.9326051214962]}},{"type":"Feature","properties":{"Name":"Big Bend Bia","Max_Voltag":0,"Owner":"SCE","COUNTY":"San Bernardino County","Status":"Low kV"},"geometry":{"type":"Point","coordinates":[-114.168129983648,34.2606624602495]}},{"type":"Feature","properties":{"Name":"Shiloh II","Max_Voltag":500,"Owner":"PG&E","COUNTY":"Solano County","Status":"Operational"},"geometry":{"type":"Point","coordinates":[-121.846421008059,38.1713201408462]}},{"type":"Feature","properties":{"Name":"Shiloh III","Max_Voltag":230,"Owner":"PG&E","COUNTY":"Solano County","Status":"Operational"},"geometry":{"type":"Point","coordinates":[-121.846916111833,38.1695226447877]}},{"type":"Feature","properties":{"Name":"East County","Max_Voltag":0,"Owner":"SDG&E","COUNTY":"San Diego County","Status":"Proposed"},"geometry":{"type":"Point","coordinates":[-116.124128578758,32.6273171107343]}},{"type":"Feature","properties":{"Name":"Bannister","Max_Voltag":230,"Owner":"IID","COUNTY":"Imperial County","Status":"Operational"},"geometry":{"type":"Point","coordinates":[-115.573188885602,33.204912465372]}},{"type":"Feature","properties":{"Name":"Transwind","Max_Voltag":115,"Owner":"SCE","COUNTY":"Riverside County","Status":"Operational"},"geometry":{"type":"Point","coordinates":[-116.719624115323,33.9137365118385]}},{"type":"Feature","properties":{"Name":"Hugo","Max_Voltag":115,"Owner":"SCE","COUNTY":"Riverside County","Status":"Operational"},"geometry":{"type":"Point","coordinates":[-116.55579606266,33.9019649116416]}},{"type":"Feature","properties":{"Name":"Leatherneck","Max_Voltag":115,"Owner":"SCE","COUNTY":"San Bernardino County","Status":"Operational"},"geometry":{"type":"Point","coordinates":[-116.097738735622,34.244836665938]}},{"type":"Feature","properties":{"Name":"Adobe","Max_Voltag":0,"Owner":"PG&E","COUNTY":"Kern County","Status":"Operational"},"geometry":{"type":"Point","coordinates":[-118.957916657127,35.1072905201978]}},{"type":"Feature","properties":{"Name":"Kent","Max_Voltag":60,"Owner":"PG&E","COUNTY":"Kings County","Status":"Operational"},"geometry":{"type":"Point","coordinates":[-119.90598747786,36.2218001682452]}},{"type":"Feature","properties":{"Name":"Acacia","Max_Voltag":0,"Owner":"Other","COUNTY":"Los Angeles County","Status":"Operational"},"geometry":{"type":"Point","coordinates":[-118.261524778691,34.1338512772021]}},{"type":"Feature","properties":{"Name":"Bel Aire","Max_Voltag":0,"Owner":"Other","COUNTY":"Los Angeles County","Status":"Operational"},"geometry":{"type":"Point","coordinates":[-118.281337813985,34.1802147485358]}},{"type":"Feature","properties":{"Name":"Howard","Max_Voltag":0,"Owner":"Other","COUNTY":"Los Angeles County","Status":"Operational"},"geometry":{"type":"Point","coordinates":[-118.247403674751,34.147788107733]}},{"type":"Feature","properties":{"Name":"Rossmoyne","Max_Voltag":0,"Owner":"Other","COUNTY":"Los Angeles County","Status":"Operational"},"geometry":{"type":"Point","coordinates":[-118.249698672673,34.1580121116839]}},{"type":"Feature","properties":{"Name":"Scholl","Max_Voltag":0,"Owner":"Other","COUNTY":"Los Angeles County","Status":"Operational"},"geometry":{"type":"Point","coordinates":[-118.231069330361,34.1506236923707]}},{"type":"Feature","properties":{"Name":"Tropico","Max_Voltag":0,"Owner":"Other","COUNTY":"Los Angeles County","Status":"Operational"},"geometry":{"type":"Point","coordinates":[-118.251375211064,34.1343039324809]}},{"type":"Feature","properties":{"Name":"Grand Crossings","Max_Voltag":66,"Owner":"Other","COUNTY":"Los Angeles County","Status":"Operational"},"geometry":{"type":"Point","coordinates":[-117.834971200682,34.022418513917]}},{"type":"Feature","properties":{"Name":"Alhambra","Max_Voltag":161,"Owner":"IID","COUNTY":"Imperial County","Status":"Operational"},"geometry":{"type":"Point","coordinates":[-115.466323378805,33.0831664700451]}},{"type":"Feature","properties":{"Name":"Black Mountain","Max_Voltag":0,"Owner":"IID","COUNTY":"Imperial County","Status":"Operational"},"geometry":{"type":"Point","coordinates":[-114.828032850402,33.0549403285479]}},{"type":"Feature","properties":{"Name":"Casey Rd Gin","Max_Voltag":0,"Owner":"IID","COUNTY":"Imperial County","Status":"Operational"},"geometry":{"type":"Point","coordinates":[-115.425172265308,32.9734357810338]}},{"type":"Feature","properties":{"Name":"Chestnut Cooling","Max_Voltag":0,"Owner":"IID","COUNTY":"Imperial County","Status":"Operational"},"geometry":{"type":"Point","coordinates":[-115.374059616845,32.8100391251514]}},{"type":"Feature","properties":{"Name":"Dillon","Max_Voltag":92,"Owner":"IID","COUNTY":"Riverside County","Status":"Operational"},"geometry":{"type":"Point","coordinates":[-116.163464548307,33.7443368395036]}},{"type":"Feature","properties":{"Name":"Ormesa #1 Geo","Max_Voltag":92,"Owner":"IID","COUNTY":"Imperial County","Status":"Operational"},"geometry":{"type":"Point","coordinates":[-115.256816274219,32.8164753512903]}},{"type":"Feature","properties":{"Name":"Panno","Max_Voltag":0,"Owner":"IID","COUNTY":"Imperial County","Status":"Operational"},"geometry":{"type":"Point","coordinates":[-115.56070746577,32.9630771863348]}},{"type":"Feature","properties":{"Name":"Unknown","Max_Voltag":92,"Owner":"IID","COUNTY":"Imperial County","Status":"Operational"},"geometry":{"type":"Point","coordinates":[-115.647265752476,33.1580856813998]}},{"type":"Feature","properties":{"Name":"Gios Mh Park","Max_Voltag":0,"Owner":"IID","COUNTY":"Imperial County","Status":"Operational"},"geometry":{"type":"Point","coordinates":[-115.578304098544,32.8086494742377]}},{"type":"Feature","properties":{"Name":"Herber Imperial Geo","Max_Voltag":92,"Owner":"IID","COUNTY":"Imperial County","Status":"Operational"},"geometry":{"type":"Point","coordinates":[-115.534654367797,32.7142567275675]}},{"type":"Feature","properties":{"Name":"Imperial Dam","Max_Voltag":0,"Owner":"IID","COUNTY":"Imperial County","Status":"Operational"},"geometry":{"type":"Point","coordinates":[-114.47353034847,32.8808985521401]}},{"type":"Feature","properties":{"Name":"Imperial Valley Col.","Max_Voltag":0,"Owner":"IID","COUNTY":"Imperial County","Status":"Operational"},"geometry":{"type":"Point","coordinates":[-115.505279726602,32.8257627952306]}},{"type":"Feature","properties":{"Name":"Lindsey","Max_Voltag":92,"Owner":"IID","COUNTY":"Imperial County","Status":"Operational"},"geometry":{"type":"Point","coordinates":[-115.622467283849,33.148282052998]}},{"type":"Feature","properties":{"Name":"Marshall","Max_Voltag":0,"Owner":"IID","COUNTY":"Riverside County","Status":"Operational"},"geometry":{"type":"Point","coordinates":[-116.29429292343,33.6820191223]}},{"type":"Feature","properties":{"Name":"Ninland Dist.","Max_Voltag":161,"Owner":"IID","COUNTY":"Imperial County","Status":"Operational"},"geometry":{"type":"Point","coordinates":[-115.501304080497,33.2432810102133]}},{"type":"Feature","properties":{"Name":"Ninland Gen.","Max_Voltag":161,"Owner":"IID","COUNTY":"Imperial County","Status":"Operational"},"geometry":{"type":"Point","coordinates":[-115.498777742135,33.243027904491]}},{"type":"Feature","properties":{"Name":"North End Division","Max_Voltag":0,"Owner":"IID","COUNTY":"Imperial County","Status":"Operational"},"geometry":{"type":"Point","coordinates":[-115.54275034087,33.0420244060345]}},{"type":"Feature","properties":{"Name":"Ormesa #2 Geo","Max_Voltag":92,"Owner":"IID","COUNTY":"Imperial County","Status":"Operational"},"geometry":{"type":"Point","coordinates":[-115.248354051717,32.7865454543024]}},{"type":"Feature","properties":{"Name":"Sonora","Max_Voltag":230,"Owner":"IID","COUNTY":"Imperial County","Status":"Operational"},"geometry":{"type":"Point","coordinates":[-115.448561612326,33.1703052404367]}},{"type":"Feature","properties":{"Name":"Systems Operating Center","Max_Voltag":92,"Owner":"IID","COUNTY":"Imperial County","Status":"Operational"},"geometry":{"type":"Point","coordinates":[-115.536198583448,32.7998005055085]}},{"type":"Feature","properties":{"Name":"U.S. Gypsum","Max_Voltag":0,"Owner":"IID","COUNTY":"Imperial County","Status":"Operational"},"geometry":{"type":"Point","coordinates":[-115.849417093087,32.7907985621718]}},{"type":"Feature","properties":{"Name":"Winterhaven Pole Yard","Max_Voltag":0,"Owner":"IID","COUNTY":"Imperial County","Status":"Operational"},"geometry":{"type":"Point","coordinates":[-114.63738253527,32.7383720592816]}},{"type":"Feature","properties":{"Name":"Yucca Axis Plant","Max_Voltag":161,"Owner":"IID","COUNTY":" ","Status":"Operational"},"geometry":{"type":"Point","coordinates":[-114.71076323385,32.7198342318303]}},{"type":"Feature","properties":{"Name":"Vernon","Max_Voltag":0,"Owner":"Other","COUNTY":"Placer County","Status":"Operational"},"geometry":{"type":"Point","coordinates":[-121.296302183731,38.7393958600007]}},{"type":"Feature","properties":{"Name":"Dave Bakkie","Max_Voltag":0,"Owner":"Other","COUNTY":"Placer County","Status":"Operational"},"geometry":{"type":"Point","coordinates":[-121.328612180609,38.8015506760762]}},{"type":"Feature","properties":{"Name":"South East","Max_Voltag":230,"Owner":"Other","COUNTY":"Placer County","Status":"Operational"},"geometry":{"type":"Point","coordinates":[-121.234857035615,38.7382257808304]}},{"type":"Feature","properties":{"Name":"Mission","Max_Voltag":0,"Owner":"SVP","COUNTY":"Santa Clara County","Status":"Operational"},"geometry":{"type":"Point","coordinates":[-121.980138700208,37.3949446573661]}},{"type":"Feature","properties":{"Name":"Don Van Raesfeld","Max_Voltag":115,"Owner":"SVP","COUNTY":"Santa Clara County","Status":"Operational"},"geometry":{"type":"Point","coordinates":[-121.950428177132,37.3769467015077]}},{"type":"Feature","properties":{"Name":"Unknown","Max_Voltag":60,"Owner":"SVP","COUNTY":"Santa Clara County","Status":"Operational"},"geometry":{"type":"Point","coordinates":[-121.973137430309,37.3750337539758]}},{"type":"Feature","properties":{"Name":"Unknown","Max_Voltag":0,"Owner":"SVP","COUNTY":"Santa Clara County","Status":"Operational"},"geometry":{"type":"Point","coordinates":[-121.947468213898,37.3632866102272]}},{"type":"Feature","properties":{"Name":"Unknown","Max_Voltag":0,"Owner":"SVP","COUNTY":"Santa Clara County","Status":"Operational"},"geometry":{"type":"Point","coordinates":[-121.944282348624,37.3642851241405]}},{"type":"Feature","properties":{"Name":"Unknown","Max_Voltag":115,"Owner":"SVP","COUNTY":"Santa Clara County","Status":"Operational"},"geometry":{"type":"Point","coordinates":[-121.968649689695,37.4011182700385]}},{"type":"Feature","properties":{"Name":"Fall Creek Powerhouse","Max_Voltag":69,"Owner":" ","COUNTY":"Siskiyou County","Status":"IN SERVICE"},"geometry":{"type":"Point","coordinates":[-122.360297100129,41.9854189997169]}},{"type":"Feature","properties":{"Name":"Unknown","Max_Voltag":115,"Owner":" ","COUNTY":"Del Norte County","Status":"IN SERVICE"},"geometry":{"type":"Point","coordinates":[-123.9667530534,41.8483023409808]}},{"type":"Feature","properties":{"Name":"Unknown","Max_Voltag":69,"Owner":" ","COUNTY":"Del Norte County","Status":"IN SERVICE"},"geometry":{"type":"Point","coordinates":[-124.207892445152,41.7728773358225]}},{"type":"Feature","properties":{"Name":"Unknown","Max_Voltag":69,"Owner":" ","COUNTY":"Del Norte County","Status":"IN SERVICE"},"geometry":{"type":"Point","coordinates":[-124.19847001973,41.7661891066835]}},{"type":"Feature","properties":{"Name":"Unknown","Max_Voltag":69,"Owner":" ","COUNTY":"Del Norte County","Status":"IN SERVICE"},"geometry":{"type":"Point","coordinates":[-124.163165381054,41.7580985160264]}},{"type":"Feature","properties":{"Name":"Unknown","Max_Voltag":0,"Owner":" ","COUNTY":"Del Norte County","Status":"IN SERVICE"},"geometry":{"type":"Point","coordinates":[-124.140334089949,41.8498605828562]}},{"type":"Feature","properties":{"Name":"Unknown","Max_Voltag":69,"Owner":" ","COUNTY":"Del Norte County","Status":"IN SERVICE"},"geometry":{"type":"Point","coordinates":[-124.142533635584,41.869343344731]}},{"type":"Feature","properties":{"Name":"Unknown","Max_Voltag":69,"Owner":" ","COUNTY":"Siskiyou County","Status":"IN SERVICE"},"geometry":{"type":"Point","coordinates":[-123.391526516307,41.8558770971404]}},{"type":"Feature","properties":{"Name":"Unknown","Max_Voltag":69,"Owner":" ","COUNTY":"Siskiyou County","Status":"IN SERVICE"},"geometry":{"type":"Point","coordinates":[-123.192227200061,41.8403879042048]}},{"type":"Feature","properties":{"Name":"Unknown","Max_Voltag":69,"Owner":" ","COUNTY":"Siskiyou County","Status":"IN SERVICE"},"geometry":{"type":"Point","coordinates":[-123.071172558111,41.7803664328116]}},{"type":"Feature","properties":{"Name":"Unknown","Max_Voltag":69,"Owner":" ","COUNTY":"Siskiyou County","Status":"IN SERVICE"},"geometry":{"type":"Point","coordinates":[-122.847087413432,41.6778356797457]}},{"type":"Feature","properties":{"Name":"Unknown","Max_Voltag":69,"Owner":" ","COUNTY":"Siskiyou County","Status":"IN SERVICE"},"geometry":{"type":"Point","coordinates":[-122.851284666731,41.6071439292347]}},{"type":"Feature","properties":{"Name":"Unknown","Max_Voltag":115,"Owner":" ","COUNTY":"Siskiyou County","Status":"IN SERVICE"},"geometry":{"type":"Point","coordinates":[-122.538925068675,41.7060722767145]}},{"type":"Feature","properties":{"Name":"Unknown","Max_Voltag":115,"Owner":" ","COUNTY":"Siskiyou County","Status":"IN SERVICE"},"geometry":{"type":"Point","coordinates":[-122.464197719127,41.867679669116]}},{"type":"Feature","properties":{"Name":"Unknown","Max_Voltag":0,"Owner":" ","COUNTY":"Siskiyou County","Status":"IN SERVICE"},"geometry":{"type":"Point","coordinates":[-122.536232147625,41.7267281643011]}},{"type":"Feature","properties":{"Name":"Unknown","Max_Voltag":115,"Owner":" ","COUNTY":"Siskiyou County","Status":"IN SERVICE"},"geometry":{"type":"Point","coordinates":[-122.522576035033,41.6036712881728]}},{"type":"Feature","properties":{"Name":"Unknown","Max_Voltag":0,"Owner":" ","COUNTY":"Siskiyou County","Status":"IN SERVICE"},"geometry":{"type":"Point","coordinates":[-122.365097423021,41.5486469592407]}},{"type":"Feature","properties":{"Name":"Unknown","Max_Voltag":69,"Owner":" ","COUNTY":"Siskiyou County","Status":"IN SERVICE"},"geometry":{"type":"Point","coordinates":[-122.364396121753,41.6195946986671]}},{"type":"Feature","properties":{"Name":"Copco 2 B","Max_Voltag":115,"Owner":" ","COUNTY":"Siskiyou County","Status":"IN SERVICE"},"geometry":{"type":"Point","coordinates":[-122.358663403292,41.9749312850633]}},{"type":"Feature","properties":{"Name":"Unknown","Max_Voltag":69,"Owner":" ","COUNTY":"Siskiyou County","Status":"IN SERVICE"},"geometry":{"type":"Point","coordinates":[-121.56629755728,41.9536573242382]}},{"type":"Feature","properties":{"Name":"Unknown","Max_Voltag":69,"Owner":" ","COUNTY":"Modoc County","Status":"IN SERVICE"},"geometry":{"type":"Point","coordinates":[-121.406294326282,41.9508263067544]}},{"type":"Feature","properties":{"Name":"Unknown","Max_Voltag":115,"Owner":" ","COUNTY":"Modoc County","Status":"IN SERVICE"},"geometry":{"type":"Point","coordinates":[-120.375046120941,41.7334777129289]}},{"type":"Feature","properties":{"Name":"Unknown","Max_Voltag":69,"Owner":" ","COUNTY":"Siskiyou County","Status":"IN SERVICE"},"geometry":{"type":"Point","coordinates":[-122.270627292722,41.2626637203372]}},{"type":"Feature","properties":{"Name":"Unknown","Max_Voltag":69,"Owner":" ","COUNTY":"Siskiyou County","Status":"IN SERVICE"},"geometry":{"type":"Point","coordinates":[-122.281408307722,41.2019243948179]}},{"type":"Feature","properties":{"Name":"Unknown","Max_Voltag":69,"Owner":" ","COUNTY":"Siskiyou County","Status":"IN SERVICE"},"geometry":{"type":"Point","coordinates":[-122.312626792241,41.2940711066672]}},{"type":"Feature","properties":{"Name":"Unknown","Max_Voltag":69,"Owner":" ","COUNTY":"Siskiyou County","Status":"IN SERVICE"},"geometry":{"type":"Point","coordinates":[-122.382858886767,41.4325316511013]}},{"type":"Feature","properties":{"Name":"Unknown","Max_Voltag":69,"Owner":" ","COUNTY":"Siskiyou County","Status":"IN SERVICE"},"geometry":{"type":"Point","coordinates":[-122.38365124756,41.4322675312634]}},{"type":"Feature","properties":{"Name":"Unknown","Max_Voltag":115,"Owner":" ","COUNTY":"Siskiyou County","Status":"IN SERVICE"},"geometry":{"type":"Point","coordinates":[-122.389026450014,41.4317464288853]}},{"type":"Feature","properties":{"Name":"Unknown","Max_Voltag":66,"Owner":" ","COUNTY":"Orange County","Status":"IN SERVICE"},"geometry":{"type":"Point","coordinates":[-117.831682000405,33.8882069997532]}},{"type":"Feature","properties":{"Name":"Unknown","Max_Voltag":66,"Owner":" ","COUNTY":"Los Angeles County","Status":"IN SERVICE"},"geometry":{"type":"Point","coordinates":[-118.168899000164,33.9375229997627]}},{"type":"Feature","properties":{"Name":"Unknown","Max_Voltag":66,"Owner":" ","COUNTY":"Los Angeles County","Status":"NOT AVAILABLE"},"geometry":{"type":"Point","coordinates":[-118.194434479887,33.9664500202051]}},{"type":"Feature","properties":{"Name":"Unknown","Max_Voltag":66,"Owner":" ","COUNTY":"Los Angeles County","Status":"IN SERVICE"},"geometry":{"type":"Point","coordinates":[-118.413692999901,33.9547489998652]}},{"type":"Feature","properties":{"Name":"Unknown","Max_Voltag":66,"Owner":" ","COUNTY":"Kings County","Status":"IN SERVICE"},"geometry":{"type":"Point","coordinates":[-119.618891294862,36.3084028240535]}},{"type":"Feature","properties":{"Name":"Unknown","Max_Voltag":66,"Owner":" ","COUNTY":"Orange County","Status":"IN SERVICE"},"geometry":{"type":"Point","coordinates":[-117.700078303733,33.6141295910563]}},{"type":"Feature","properties":{"Name":"Unknown","Max_Voltag":0,"Owner":" ","COUNTY":"Los Angeles County","Status":"IN SERVICE"},"geometry":{"type":"Point","coordinates":[-118.343898000439,34.1847990000568]}},{"type":"Feature","properties":{"Name":"Unknown","Max_Voltag":60,"Owner":" ","COUNTY":"Amador County","Status":"IN SERVICE"},"geometry":{"type":"Point","coordinates":[-120.950597335229,38.3737590241475]}},{"type":"Feature","properties":{"Name":"Unknown","Max_Voltag":0,"Owner":" ","COUNTY":"Kern County","Status":"IN SERVICE"},"geometry":{"type":"Point","coordinates":[-119.642013183775,35.4128643632033]}},{"type":"Feature","properties":{"Name":"Unknown","Max_Voltag":500,"Owner":" ","COUNTY":"Kern County","Status":"NOT AVAILABLE"},"geometry":{"type":"Point","coordinates":[-118.28219338114,35.0229474728562]}},{"type":"Feature","properties":{"Name":"Unknown","Max_Voltag":60,"Owner":" ","COUNTY":"Fresno County","Status":"IN SERVICE"},"geometry":{"type":"Point","coordinates":[-120.138490053245,36.3776716592435]}},{"type":"Feature","properties":{"Name":"Caliente","Max_Voltag":0,"Owner":" ","COUNTY":"San Luis Obispo County","Status":"IN SERVICE"},"geometry":{"type":"Point","coordinates":[-119.917047690148,35.3789906748787]}},{"type":"Feature","properties":{"Name":"Highway Junction 2","Max_Voltag":0,"Owner":" ","COUNTY":"Napa County","Status":"IN SERVICE"},"geometry":{"type":"Point","coordinates":[-122.253739000415,38.1668589998122]}},{"type":"Feature","properties":{"Name":"Unknown","Max_Voltag":60,"Owner":" ","COUNTY":"Sacramento County","Status":"IN SERVICE"},"geometry":{"type":"Point","coordinates":[-121.440875121366,38.2901829930132]}},{"type":"Feature","properties":{"Name":"Unknown","Max_Voltag":66,"Owner":" ","COUNTY":"Los Angeles County","Status":"IN SERVICE"},"geometry":{"type":"Point","coordinates":[-117.794178339813,34.121040000147]}},{"type":"Feature","properties":{"Name":"Unknown","Max_Voltag":66,"Owner":" ","COUNTY":"Los Angeles County","Status":"IN SERVICE"},"geometry":{"type":"Point","coordinates":[-118.138651780418,33.9415319997854]}},{"type":"Feature","properties":{"Name":"Unknown","Max_Voltag":0,"Owner":" ","COUNTY":"Sacramento County","Status":"IN SERVICE"},"geometry":{"type":"Point","coordinates":[-121.296541365566,38.3024714503428]}},{"type":"Feature","properties":{"Name":"Unknown","Max_Voltag":0,"Owner":" ","COUNTY":"Orange County","Status":"IN SERVICE"},"geometry":{"type":"Point","coordinates":[-117.788402000059,33.8591950001136]}},{"type":"Feature","properties":{"Name":"Unknown","Max_Voltag":66,"Owner":" ","COUNTY":"Orange County","Status":"IN SERVICE"},"geometry":{"type":"Point","coordinates":[-117.856080000078,33.7636959999663]}},{"type":"Feature","properties":{"Name":"Unknown","Max_Voltag":0,"Owner":" ","COUNTY":"Nevada County","Status":"IN SERVICE"},"geometry":{"type":"Point","coordinates":[-120.6509078643,39.3155928058832]}},{"type":"Feature","properties":{"Name":"Unknown","Max_Voltag":60,"Owner":" ","COUNTY":"Placer County","Status":"IN SERVICE"},"geometry":{"type":"Point","coordinates":[-121.364497643896,38.7286926242657]}},{"type":"Feature","properties":{"Name":"Unknown","Max_Voltag":70,"Owner":" ","COUNTY":"Kern County","Status":"NOT AVAILABLE"},"geometry":{"type":"Point","coordinates":[-120.010368626365,35.7088102399483]}},{"type":"Feature","properties":{"Name":"Unknown","Max_Voltag":60,"Owner":" ","COUNTY":"Fresno County","Status":"IN SERVICE"},"geometry":{"type":"Point","coordinates":[-120.36365140838,36.7575844412972]}},{"type":"Feature","properties":{"Name":"Unknown","Max_Voltag":115,"Owner":" ","COUNTY":"Kern County","Status":"NOT AVAILABLE"},"geometry":{"type":"Point","coordinates":[-119.455406694184,35.6304211667172]}},{"type":"Feature","properties":{"Name":"Unknown","Max_Voltag":0,"Owner":" ","COUNTY":"Kern County","Status":"NOT AVAILABLE"},"geometry":{"type":"Point","coordinates":[-118.249207678692,35.0431553731753]}},{"type":"Feature","properties":{"Name":"Unknown","Max_Voltag":66,"Owner":" ","COUNTY":"Los Angeles County","Status":"IN SERVICE"},"geometry":{"type":"Point","coordinates":[-118.16209310306,33.9866053896658]}},{"type":"Feature","properties":{"Name":"Unknown","Max_Voltag":60,"Owner":" ","COUNTY":"Fresno County","Status":"IN SERVICE"},"geometry":{"type":"Point","coordinates":[-120.252867541942,36.3082582589793]}},{"type":"Feature","properties":{"Name":"Deadend300291","Max_Voltag":66,"Owner":" ","COUNTY":"Los Angeles County","Status":"NOT AVAILABLE"},"geometry":{"type":"Point","coordinates":[-118.038889000146,33.8877199996907]}},{"type":"Feature","properties":{"Name":"Unknown","Max_Voltag":0,"Owner":" ","COUNTY":"Kern County","Status":"IN SERVICE"},"geometry":{"type":"Point","coordinates":[-119.633067307425,35.4199853176345]}},{"type":"Feature","properties":{"Name":"Unknown","Max_Voltag":92,"Owner":" ","COUNTY":"Imperial County","Status":"NOT AVAILABLE"},"geometry":{"type":"Point","coordinates":[-115.518158441639,32.9054712976926]}},{"type":"Feature","properties":{"Name":"Unknown","Max_Voltag":0,"Owner":" ","COUNTY":"Kern County","Status":"IN SERVICE"},"geometry":{"type":"Point","coordinates":[-118.475213386414,34.8378804208842]}},{"type":"Feature","properties":{"Name":"Unknown","Max_Voltag":115,"Owner":" ","COUNTY":"Fresno County","Status":"IN SERVICE"},"geometry":{"type":"Point","coordinates":[-120.232946634254,36.3992367899473]}},{"type":"Feature","properties":{"Name":"Unknown","Max_Voltag":66,"Owner":" ","COUNTY":"San Bernardino County","Status":"IN SERVICE"},"geometry":{"type":"Point","coordinates":[-117.690633999843,33.9964450001564]}},{"type":"Feature","properties":{"Name":"Unknown","Max_Voltag":60,"Owner":" ","COUNTY":"Sacramento County","Status":"NOT AVAILABLE"},"geometry":{"type":"Point","coordinates":[-121.23024799998,38.6783579997654]}},{"type":"Feature","properties":{"Name":"Unknown","Max_Voltag":66,"Owner":" ","COUNTY":"Los Angeles County","Status":"IN SERVICE"},"geometry":{"type":"Point","coordinates":[-118.200068999912,33.9256750000329]}},{"type":"Feature","properties":{"Name":"Travis AB","Max_Voltag":60,"Owner":" ","COUNTY":"Solano County","Status":"IN SERVICE"},"geometry":{"type":"Point","coordinates":[-121.933425093606,38.2715574850256]}},{"type":"Feature","properties":{"Name":"Unknown","Max_Voltag":0,"Owner":" ","COUNTY":"Plumas County","Status":"IN SERVICE"},"geometry":{"type":"Point","coordinates":[-120.911234275187,40.0938062151889]}},{"type":"Feature","properties":{"Name":"Unknown","Max_Voltag":60,"Owner":" ","COUNTY":"Sacramento County","Status":"IN SERVICE"},"geometry":{"type":"Point","coordinates":[-121.403832674705,38.4382851112023]}},{"type":"Feature","properties":{"Name":"Unknown","Max_Voltag":115,"Owner":" ","COUNTY":"Monterey County","Status":"IN SERVICE"},"geometry":{"type":"Point","coordinates":[-121.853824083605,36.5988183312196]}},{"type":"Feature","properties":{"Name":"Unknown","Max_Voltag":0,"Owner":" ","COUNTY":"Los Angeles County","Status":"NOT AVAILABLE"},"geometry":{"type":"Point","coordinates":[-118.439564830427,34.6743021371683]}},{"type":"Feature","properties":{"Name":"Unknown","Max_Voltag":66,"Owner":" ","COUNTY":"Kern County","Status":"NOT AVAILABLE"},"geometry":{"type":"Point","coordinates":[-118.482931999694,35.6411939998827]}},{"type":"Feature","properties":{"Name":"Unknown","Max_Voltag":0,"Owner":" ","COUNTY":"Los Angeles County","Status":"NOT AVAILABLE"},"geometry":{"type":"Point","coordinates":[-118.14881899994,33.9785189997213]}},{"type":"Feature","properties":{"Name":"Unknown","Max_Voltag":115,"Owner":" ","COUNTY":"Riverside County","Status":"NOT AVAILABLE"},"geometry":{"type":"Point","coordinates":[-116.554024497784,33.9027834821422]}},{"type":"Feature","properties":{"Name":"Unknown","Max_Voltag":115,"Owner":" ","COUNTY":"Kern County","Status":"IN SERVICE"},"geometry":{"type":"Point","coordinates":[-118.863017966657,35.2971022913122]}},{"type":"Feature","properties":{"Name":"Unknown","Max_Voltag":0,"Owner":" ","COUNTY":"Alameda County","Status":"IN SERVICE"},"geometry":{"type":"Point","coordinates":[-121.866004545358,37.5747044008444]}},{"type":"Feature","properties":{"Name":"Unknown","Max_Voltag":0,"Owner":" ","COUNTY":"Los Angeles County","Status":"NOT AVAILABLE"},"geometry":{"type":"Point","coordinates":[-118.485202272386,34.2716158371121]}},{"type":"Feature","properties":{"Name":"Unknown","Max_Voltag":0,"Owner":" ","COUNTY":"Kern County","Status":"NOT AVAILABLE"},"geometry":{"type":"Point","coordinates":[-119.614692997721,35.6016656413529]}},{"type":"Feature","properties":{"Name":"Unknown","Max_Voltag":69,"Owner":" ","COUNTY":"Orange County","Status":"IN SERVICE"},"geometry":{"type":"Point","coordinates":[-117.880652963721,33.8511801082983]}},{"type":"Feature","properties":{"Name":"Unknown","Max_Voltag":0,"Owner":" ","COUNTY":"Kern County","Status":"NOT AVAILABLE"},"geometry":{"type":"Point","coordinates":[-118.250730217995,35.0632046563045]}},{"type":"Feature","properties":{"Name":"Unknown","Max_Voltag":0,"Owner":" ","COUNTY":"San Bernardino County","Status":"IN SERVICE"},"geometry":{"type":"Point","coordinates":[-117.58105660856,34.2574963338946]}},{"type":"Feature","properties":{"Name":"Unknown","Max_Voltag":33,"Owner":" ","COUNTY":"Riverside County","Status":"IN SERVICE"},"geometry":{"type":"Point","coordinates":[-116.980666000198,33.7725510000156]}},{"type":"Feature","properties":{"Name":"Unknown","Max_Voltag":60,"Owner":" ","COUNTY":"San Luis Obispo County","Status":"NOT AVAILABLE"},"geometry":{"type":"Point","coordinates":[-120.62094261584,35.300117538075]}},{"type":"Feature","properties":{"Name":"Plaster City","Max_Voltag":0,"Owner":" ","COUNTY":"Imperial County","Status":"IN SERVICE"},"geometry":{"type":"Point","coordinates":[-115.853819560225,32.7905033309771]}},{"type":"Feature","properties":{"Name":"Unknown","Max_Voltag":0,"Owner":" ","COUNTY":"Kern County","Status":"IN SERVICE"},"geometry":{"type":"Point","coordinates":[-119.037072992079,35.4695658461732]}},{"type":"Feature","properties":{"Name":"Unknown","Max_Voltag":66,"Owner":" ","COUNTY":"Orange County","Status":"IN SERVICE"},"geometry":{"type":"Point","coordinates":[-118.000593000321,33.7299800000637]}},{"type":"Feature","properties":{"Name":"Unknown","Max_Voltag":69,"Owner":" ","COUNTY":"Orange County","Status":"IN SERVICE"},"geometry":{"type":"Point","coordinates":[-117.928758179275,33.8274175687741]}},{"type":"Feature","properties":{"Name":"Unknown","Max_Voltag":66,"Owner":" ","COUNTY":"Los Angeles County","Status":"NOT AVAILABLE"},"geometry":{"type":"Point","coordinates":[-118.101944000218,33.9769009996483]}},{"type":"Feature","properties":{"Name":"Unknown","Max_Voltag":66,"Owner":" ","COUNTY":"Orange County","Status":"IN SERVICE"},"geometry":{"type":"Point","coordinates":[-117.84098756489,33.9322965680307]}},{"type":"Feature","properties":{"Name":"Unknown","Max_Voltag":0,"Owner":" ","COUNTY":"Kern County","Status":"IN SERVICE"},"geometry":{"type":"Point","coordinates":[-119.74340508307,35.4866090008123]}},{"type":"Feature","properties":{"Name":"Unknown","Max_Voltag":69,"Owner":" ","COUNTY":"Orange County","Status":"IN SERVICE"},"geometry":{"type":"Point","coordinates":[-117.944412809813,33.8178068582878]}},{"type":"Feature","properties":{"Name":"Unknown","Max_Voltag":0,"Owner":" ","COUNTY":"Kern County","Status":"IN SERVICE"},"geometry":{"type":"Point","coordinates":[-119.087675499869,35.2214104721134]}},{"type":"Feature","properties":{"Name":"Lakeview","Max_Voltag":0,"Owner":" ","COUNTY":"Riverside County","Status":"IN SERVICE"},"geometry":{"type":"Point","coordinates":[-117.134003461395,33.8257398991441]}},{"type":"Feature","properties":{"Name":"Verde","Max_Voltag":0,"Owner":" ","COUNTY":"Imperial County","Status":"IN SERVICE"},"geometry":{"type":"Point","coordinates":[-115.337498583634,32.7229446000521]}},{"type":"Feature","properties":{"Name":"Unknown","Max_Voltag":60,"Owner":" ","COUNTY":"San Joaquin County","Status":"IN SERVICE"},"geometry":{"type":"Point","coordinates":[-121.260892000196,38.1482610003018]}},{"type":"Feature","properties":{"Name":"Unknown","Max_Voltag":115,"Owner":" ","COUNTY":"Merced County","Status":"NOT AVAILABLE"},"geometry":{"type":"Point","coordinates":[-120.515829999742,37.318266000319]}},{"type":"Feature","properties":{"Name":"Arrowhead","Max_Voltag":115,"Owner":" ","COUNTY":"Riverside County","Status":"IN SERVICE"},"geometry":{"type":"Point","coordinates":[-116.752213504424,33.9120689769773]}},{"type":"Feature","properties":{"Name":"Unknown","Max_Voltag":66,"Owner":" ","COUNTY":"Orange County","Status":"IN SERVICE"},"geometry":{"type":"Point","coordinates":[-118.006642530328,33.6867189998108]}},{"type":"Feature","properties":{"Name":"Unknown","Max_Voltag":66,"Owner":" ","COUNTY":"Los Angeles County","Status":"IN SERVICE"},"geometry":{"type":"Point","coordinates":[-118.047933000373,33.8804650003123]}},{"type":"Feature","properties":{"Name":"Unknown","Max_Voltag":0,"Owner":" ","COUNTY":"Kern County","Status":"NOT AVAILABLE"},"geometry":{"type":"Point","coordinates":[-117.895914301047,34.9614265099045]}},{"type":"Feature","properties":{"Name":"Unknown","Max_Voltag":0,"Owner":" ","COUNTY":"Los Angeles County","Status":"IN SERVICE"},"geometry":{"type":"Point","coordinates":[-117.746894000273,34.02619699972]}},{"type":"Feature","properties":{"Name":"Unknown","Max_Voltag":66,"Owner":" ","COUNTY":"San Bernardino County","Status":"IN SERVICE"},"geometry":{"type":"Point","coordinates":[-117.279316821029,34.100975673825]}},{"type":"Feature","properties":{"Name":"Tocaloma Junction","Max_Voltag":60,"Owner":" ","COUNTY":"Marin County","Status":"IN SERVICE"},"geometry":{"type":"Point","coordinates":[-122.743105999957,38.0483280002692]}},{"type":"Feature","properties":{"Name":"Olive","Max_Voltag":0,"Owner":" ","COUNTY":"Los Angeles County","Status":"IN SERVICE"},"geometry":{"type":"Point","coordinates":[-118.479965903661,34.3127224797018]}},{"type":"Feature","properties":{"Name":"Unknown","Max_Voltag":0,"Owner":" ","COUNTY":"Fresno County","Status":"IN SERVICE"},"geometry":{"type":"Point","coordinates":[-120.339521167747,36.428570841287]}},{"type":"Feature","properties":{"Name":"Skaggs Island Junction 1","Max_Voltag":115,"Owner":" ","COUNTY":"Solano County","Status":"IN SERVICE"},"geometry":{"type":"Point","coordinates":[-122.381149000218,38.1526210002234]}},{"type":"Feature","properties":{"Name":"Unknown","Max_Voltag":0,"Owner":" ","COUNTY":"Los Angeles County","Status":"IN SERVICE"},"geometry":{"type":"Point","coordinates":[-118.188508629928,33.9446398191301]}},{"type":"Feature","properties":{"Name":"Unknown","Max_Voltag":0,"Owner":" ","COUNTY":"Riverside County","Status":"NOT AVAILABLE"},"geometry":{"type":"Point","coordinates":[-116.580946061821,33.9328914907394]}},{"type":"Feature","properties":{"Name":"Unknown","Max_Voltag":115,"Owner":" ","COUNTY":"Kern County","Status":"NOT AVAILABLE"},"geometry":{"type":"Point","coordinates":[-119.134083999972,35.44141800023]}},{"type":"Feature","properties":{"Name":"Unknown","Max_Voltag":0,"Owner":" ","COUNTY":"Lake County","Status":"IN SERVICE"},"geometry":{"type":"Point","coordinates":[-122.768914041114,38.835004604074]}},{"type":"Feature","properties":{"Name":"Unknown","Max_Voltag":0,"Owner":" ","COUNTY":"Sacramento County","Status":"NOT AVAILABLE"},"geometry":{"type":"Point","coordinates":[-121.327858124878,38.6492408998825]}},{"type":"Feature","properties":{"Name":"Unknown","Max_Voltag":66,"Owner":" ","COUNTY":"Kern County","Status":"IN SERVICE"},"geometry":{"type":"Point","coordinates":[-118.270432801832,35.0537077121378]}},{"type":"Feature","properties":{"Name":"Unknown","Max_Voltag":60,"Owner":" ","COUNTY":"Monterey County","Status":"IN SERVICE"},"geometry":{"type":"Point","coordinates":[-121.316695360917,36.4170501709]}},{"type":"Feature","properties":{"Name":"Unknown","Max_Voltag":92,"Owner":" ","COUNTY":"Riverside County","Status":"IN SERVICE"},"geometry":{"type":"Point","coordinates":[-116.242900773149,33.6995905181864]}},{"type":"Feature","properties":{"Name":"Unknown","Max_Voltag":115,"Owner":" ","COUNTY":"Kern County","Status":"NOT AVAILABLE"},"geometry":{"type":"Point","coordinates":[-119.114870629656,35.544245081324]}},{"type":"Feature","properties":{"Name":"Unknown","Max_Voltag":60,"Owner":" ","COUNTY":"Kings County","Status":"IN SERVICE"},"geometry":{"type":"Point","coordinates":[-119.833193444737,36.2257330970301]}},{"type":"Feature","properties":{"Name":"Unknown","Max_Voltag":66,"Owner":" ","COUNTY":"San Bernardino County","Status":"IN SERVICE"},"geometry":{"type":"Point","coordinates":[-117.64979240986,34.0889289998016]}},{"type":"Feature","properties":{"Name":"Unknown","Max_Voltag":0,"Owner":" ","COUNTY":"Orange County","Status":"NOT AVAILABLE"},"geometry":{"type":"Point","coordinates":[-117.88485128332,33.6077143982672]}},{"type":"Feature","properties":{"Name":"Unknown","Max_Voltag":66,"Owner":" ","COUNTY":"Los Angeles County","Status":"IN SERVICE"},"geometry":{"type":"Point","coordinates":[-118.407281020337,34.0189255098832]}},{"type":"Feature","properties":{"Name":"Unknown","Max_Voltag":0,"Owner":" ","COUNTY":"Kern County","Status":"IN SERVICE"},"geometry":{"type":"Point","coordinates":[-119.470376495862,35.1136403638293]}},{"type":"Feature","properties":{"Name":"Heber","Max_Voltag":92,"Owner":" ","COUNTY":"Imperial County","Status":"IN SERVICE"},"geometry":{"type":"Point","coordinates":[-115.534583735063,32.7134113110767]}},{"type":"Feature","properties":{"Name":"Unknown","Max_Voltag":66,"Owner":" ","COUNTY":"Ventura County","Status":"NOT AVAILABLE"},"geometry":{"type":"Point","coordinates":[-119.124386817634,34.2058163339439]}},{"type":"Feature","properties":{"Name":"Unknown","Max_Voltag":0,"Owner":" ","COUNTY":"Los Angeles County","Status":"NOT AVAILABLE"},"geometry":{"type":"Point","coordinates":[-118.301819271309,33.8470924048759]}},{"type":"Feature","properties":{"Name":"Unknown","Max_Voltag":0,"Owner":" ","COUNTY":"Amador County","Status":"IN SERVICE"},"geometry":{"type":"Point","coordinates":[-120.241449018637,38.5359791590463]}},{"type":"Feature","properties":{"Name":"Unknown","Max_Voltag":115,"Owner":" ","COUNTY":"Kern County","Status":"NOT AVAILABLE"},"geometry":{"type":"Point","coordinates":[-119.123390232946,35.5562483972827]}},{"type":"Feature","properties":{"Name":"Unknown","Max_Voltag":115,"Owner":" ","COUNTY":"Stanislaus County","Status":"IN SERVICE"},"geometry":{"type":"Point","coordinates":[-120.912253765118,37.8565520501101]}},{"type":"Feature","properties":{"Name":"Unknown","Max_Voltag":0,"Owner":" ","COUNTY":"Kern County","Status":"NOT AVAILABLE"},"geometry":{"type":"Point","coordinates":[-118.339375786078,34.9406566241711]}},{"type":"Feature","properties":{"Name":"Unknown","Max_Voltag":0,"Owner":" ","COUNTY":"San Bernardino County","Status":"IN SERVICE"},"geometry":{"type":"Point","coordinates":[-117.689516999584,34.0618690000617]}},{"type":"Feature","properties":{"Name":"Unknown","Max_Voltag":0,"Owner":" ","COUNTY":"Kern County","Status":"IN SERVICE"},"geometry":{"type":"Point","coordinates":[-118.476355526924,34.8376305772502]}},{"type":"Feature","properties":{"Name":"Unknown","Max_Voltag":66,"Owner":" ","COUNTY":"Orange County","Status":"NOT AVAILABLE"},"geometry":{"type":"Point","coordinates":[-117.873924409766,33.8129384500887]}},{"type":"Feature","properties":{"Name":"Unknown","Max_Voltag":0,"Owner":" ","COUNTY":"San Joaquin County","Status":"IN SERVICE"},"geometry":{"type":"Point","coordinates":[-121.115400421996,37.7315514067047]}},{"type":"Feature","properties":{"Name":"Unknown","Max_Voltag":69,"Owner":" ","COUNTY":"Contra Costa County","Status":"NOT AVAILABLE"},"geometry":{"type":"Point","coordinates":[-121.624913452426,37.9176087101121]}},{"type":"Feature","properties":{"Name":"Unknown","Max_Voltag":69,"Owner":" ","COUNTY":"San Diego County","Status":"IN SERVICE"},"geometry":{"type":"Point","coordinates":[-117.072610694043,33.1389337640419]}},{"type":"Feature","properties":{"Name":"Unknown","Max_Voltag":66,"Owner":" ","COUNTY":"Kern County","Status":"NOT AVAILABLE"},"geometry":{"type":"Point","coordinates":[-118.525848547964,35.4835849998801]}},{"type":"Feature","properties":{"Name":"California State Department Of Corrections","Max_Voltag":60,"Owner":" ","COUNTY":"Fresno County","Status":"NOT AVAILABLE"},"geometry":{"type":"Point","coordinates":[-120.253870889148,36.1369547921389]}},{"type":"Feature","properties":{"Name":"Unknown","Max_Voltag":66,"Owner":" ","COUNTY":"Los Angeles County","Status":"IN SERVICE"},"geometry":{"type":"Point","coordinates":[-118.151559169679,33.9035989998297]}},{"type":"Feature","properties":{"Name":"Unknown","Max_Voltag":0,"Owner":" ","COUNTY":"San Bernardino County","Status":"IN SERVICE"},"geometry":{"type":"Point","coordinates":[-117.5220587794,34.2361525689667]}},{"type":"Feature","properties":{"Name":"Unknown","Max_Voltag":66,"Owner":" ","COUNTY":"Los Angeles County","Status":"IN SERVICE"},"geometry":{"type":"Point","coordinates":[-117.912000999677,34.0299050001829]}},{"type":"Feature","properties":{"Name":"Unknown","Max_Voltag":0,"Owner":" ","COUNTY":"San Diego County","Status":"IN SERVICE"},"geometry":{"type":"Point","coordinates":[-116.349549992575,33.2870678967174]}},{"type":"Feature","properties":{"Name":"Unknown","Max_Voltag":0,"Owner":" ","COUNTY":"Fresno County","Status":"IN SERVICE"},"geometry":{"type":"Point","coordinates":[-120.339427546227,36.428567721035]}},{"type":"Feature","properties":{"Name":"Unknown","Max_Voltag":0,"Owner":" ","COUNTY":"San Bernardino County","Status":"IN SERVICE"},"geometry":{"type":"Point","coordinates":[-116.854938939282,34.8604585781335]}},{"type":"Feature","properties":{"Name":"Unknown","Max_Voltag":92,"Owner":" ","COUNTY":"Riverside County","Status":"NOT AVAILABLE"},"geometry":{"type":"Point","coordinates":[-116.143994864386,33.6567786621501]}},{"type":"Feature","properties":{"Name":"Unknown","Max_Voltag":66,"Owner":" ","COUNTY":"San Bernardino County","Status":"IN SERVICE"},"geometry":{"type":"Point","coordinates":[-117.327012648258,34.0845392053135]}},{"type":"Feature","properties":{"Name":"Towne","Max_Voltag":0,"Owner":" ","COUNTY":"Los Angeles County","Status":"NOT AVAILABLE"},"geometry":{"type":"Point","coordinates":[-118.310880094286,34.1794133310354]}},{"type":"Feature","properties":{"Name":"Unknown","Max_Voltag":115,"Owner":" ","COUNTY":"Butte County","Status":"NOT AVAILABLE"},"geometry":{"type":"Point","coordinates":[-121.567582999739,39.320961999925]}},{"type":"Feature","properties":{"Name":"Unknown","Max_Voltag":60,"Owner":" ","COUNTY":"Sacramento County","Status":"IN SERVICE"},"geometry":{"type":"Point","coordinates":[-121.383067549178,38.6686812379646]}},{"type":"Feature","properties":{"Name":"Unknown","Max_Voltag":115,"Owner":" ","COUNTY":"Tuolumne County","Status":"NOT AVAILABLE"},"geometry":{"type":"Point","coordinates":[-120.315760423055,37.9745880618519]}},{"type":"Feature","properties":{"Name":"Unknown","Max_Voltag":0,"Owner":" ","COUNTY":"Kern County","Status":"IN SERVICE"},"geometry":{"type":"Point","coordinates":[-119.686196809347,35.3773888561554]}},{"type":"Feature","properties":{"Name":"Unknown","Max_Voltag":115,"Owner":" ","COUNTY":"Kern County","Status":"IN SERVICE"},"geometry":{"type":"Point","coordinates":[-119.473296377166,35.2841990538437]}},{"type":"Feature","properties":{"Name":"Unknown","Max_Voltag":0,"Owner":" ","COUNTY":"Orange County","Status":"IN SERVICE"},"geometry":{"type":"Point","coordinates":[-117.82625496516,33.9132307800999]}},{"type":"Feature","properties":{"Name":"Unknown","Max_Voltag":230,"Owner":" ","COUNTY":"Monterey County","Status":"NOT AVAILABLE"},"geometry":{"type":"Point","coordinates":[-121.734150142365,36.7979361390535]}},{"type":"Feature","properties":{"Name":"Unknown","Max_Voltag":0,"Owner":" ","COUNTY":"Sacramento County","Status":"NOT AVAILABLE"},"geometry":{"type":"Point","coordinates":[-121.466261648738,38.6553879808194]}},{"type":"Feature","properties":{"Name":"Unknown","Max_Voltag":0,"Owner":" ","COUNTY":"Los Angeles County","Status":"NOT AVAILABLE"},"geometry":{"type":"Point","coordinates":[-118.321303089323,34.2592732638366]}},{"type":"Feature","properties":{"Name":"Unknown","Max_Voltag":0,"Owner":" ","COUNTY":"San Bernardino County","Status":"IN SERVICE"},"geometry":{"type":"Point","coordinates":[-117.316528240795,34.5662417560385]}},{"type":"Feature","properties":{"Name":"Unknown","Max_Voltag":66,"Owner":" ","COUNTY":"Orange County","Status":"IN SERVICE"},"geometry":{"type":"Point","coordinates":[-117.935945999614,33.6522359999554]}},{"type":"Feature","properties":{"Name":"El Cajon","Max_Voltag":69,"Owner":" ","COUNTY":"San Diego County","Status":"IN SERVICE"},"geometry":{"type":"Point","coordinates":[-116.972719443905,32.7952527803653]}},{"type":"Feature","properties":{"Name":"Unknown","Max_Voltag":66,"Owner":" ","COUNTY":"Los Angeles County","Status":"NOT AVAILABLE"},"geometry":{"type":"Point","coordinates":[-118.224759599738,33.9591548199122]}},{"type":"Feature","properties":{"Name":"Unknown","Max_Voltag":66,"Owner":" ","COUNTY":"Kern County","Status":"NOT AVAILABLE"},"geometry":{"type":"Point","coordinates":[-118.184834797097,35.0171621268427]}},{"type":"Feature","properties":{"Name":"Plumas Sierra Rea","Max_Voltag":60,"Owner":" ","COUNTY":"Plumas County","Status":"NOT AVAILABLE"},"geometry":{"type":"Point","coordinates":[-120.884406478197,39.9349157588728]}},{"type":"Feature","properties":{"Name":"Unknown","Max_Voltag":66,"Owner":" ","COUNTY":"Los Angeles County","Status":"IN SERVICE"},"geometry":{"type":"Point","coordinates":[-117.929171999889,34.106859999782]}},{"type":"Feature","properties":{"Name":"Unknown","Max_Voltag":0,"Owner":" ","COUNTY":"Kern County","Status":"IN SERVICE"},"geometry":{"type":"Point","coordinates":[-118.511429320131,34.8290259879742]}},{"type":"Feature","properties":{"Name":"El Camino Tap","Max_Voltag":0,"Owner":" ","COUNTY":"Sacramento County","Status":"IN SERVICE"},"geometry":{"type":"Point","coordinates":[-121.410562000313,38.6106779997081]}},{"type":"Feature","properties":{"Name":"Unknown","Max_Voltag":70,"Owner":" ","COUNTY":"Kern County","Status":"IN SERVICE"},"geometry":{"type":"Point","coordinates":[-119.403377703046,35.1082112198262]}},{"type":"Feature","properties":{"Name":"Unknown","Max_Voltag":60,"Owner":" ","COUNTY":"Sacramento County","Status":"IN SERVICE"},"geometry":{"type":"Point","coordinates":[-121.515448692812,38.2772326738702]}},{"type":"Feature","properties":{"Name":"Sunol Tap","Max_Voltag":0,"Owner":" ","COUNTY":"Alameda County","Status":"IN SERVICE"},"geometry":{"type":"Point","coordinates":[-121.869999389359,37.5863625398238]}},{"type":"Feature","properties":{"Name":"Unknown","Max_Voltag":60,"Owner":" ","COUNTY":"Sacramento County","Status":"IN SERVICE"},"geometry":{"type":"Point","coordinates":[-121.320212106253,38.4132068373468]}},{"type":"Feature","properties":{"Name":"Lammers Tap","Max_Voltag":115,"Owner":" ","COUNTY":"San Joaquin County","Status":"IN SERVICE"},"geometry":{"type":"Point","coordinates":[-121.478104546065,37.7123824549687]}},{"type":"Feature","properties":{"Name":"Wilmington (Station C) Tap","Max_Voltag":0,"Owner":" ","COUNTY":"Los Angeles County","Status":"IN SERVICE"},"geometry":{"type":"Point","coordinates":[-118.283898060156,33.8471256290841]}},{"type":"Feature","properties":{"Name":"Unknown","Max_Voltag":115,"Owner":" ","COUNTY":"Contra Costa County","Status":"IN SERVICE"},"geometry":{"type":"Point","coordinates":[-121.854352516672,38.0126799108724]}},{"type":"Feature","properties":{"Name":"Tanker Tap","Max_Voltag":115,"Owner":" ","COUNTY":"Riverside County","Status":"IN SERVICE"},"geometry":{"type":"Point","coordinates":[-117.243465393112,33.9063264027529]}},{"type":"Feature","properties":{"Name":"Unknown","Max_Voltag":66,"Owner":" ","COUNTY":"Los Angeles County","Status":"IN SERVICE"},"geometry":{"type":"Point","coordinates":[-117.977469000366,34.1223499997292]}},{"type":"Feature","properties":{"Name":"Unknown","Max_Voltag":70,"Owner":" ","COUNTY":"Kern County","Status":"IN SERVICE"},"geometry":{"type":"Point","coordinates":[-119.758590999641,35.517326000037]}},{"type":"Feature","properties":{"Name":"Unknown","Max_Voltag":66,"Owner":" ","COUNTY":"San Bernardino County","Status":"IN SERVICE"},"geometry":{"type":"Point","coordinates":[-117.340589000334,34.0516320002229]}},{"type":"Feature","properties":{"Name":"Unknown","Max_Voltag":66,"Owner":" ","COUNTY":"Los Angeles County","Status":"IN SERVICE"},"geometry":{"type":"Point","coordinates":[-118.721840374234,34.8080131989289]}},{"type":"Feature","properties":{"Name":"Unknown","Max_Voltag":66,"Owner":" ","COUNTY":"Los Angeles County","Status":"IN SERVICE"},"geometry":{"type":"Point","coordinates":[-118.179118180937,34.7189156083499]}},{"type":"Feature","properties":{"Name":"Unknown","Max_Voltag":69,"Owner":" ","COUNTY":"Modoc County","Status":"IN SERVICE"},"geometry":{"type":"Point","coordinates":[-120.586038708426,41.4884162613117]}},{"type":"Feature","properties":{"Name":"Edenvale Tap","Max_Voltag":115,"Owner":" ","COUNTY":"Santa Clara County","Status":"IN SERVICE"},"geometry":{"type":"Point","coordinates":[-121.794088541764,37.2211887001248]}},{"type":"Feature","properties":{"Name":"Unknown","Max_Voltag":115,"Owner":" ","COUNTY":"Kern County","Status":"IN SERVICE"},"geometry":{"type":"Point","coordinates":[-119.013124530934,35.4265612170198]}},{"type":"Feature","properties":{"Name":"Unknown","Max_Voltag":66,"Owner":" ","COUNTY":"San Bernardino County","Status":"IN SERVICE"},"geometry":{"type":"Point","coordinates":[-117.281890000245,34.0862420003454]}},{"type":"Feature","properties":{"Name":"Unknown","Max_Voltag":66,"Owner":" ","COUNTY":"Santa Barbara County","Status":"IN SERVICE"},"geometry":{"type":"Point","coordinates":[-119.880158856299,34.4592984657561]}},{"type":"Feature","properties":{"Name":"Unknown","Max_Voltag":66,"Owner":" ","COUNTY":"Los Angeles County","Status":"IN SERVICE"},"geometry":{"type":"Point","coordinates":[-118.222029940288,33.8642436401048]}},{"type":"Feature","properties":{"Name":"Unknown","Max_Voltag":60,"Owner":" ","COUNTY":"Glenn County","Status":"IN SERVICE"},"geometry":{"type":"Point","coordinates":[-122.197037000118,39.7619529997601]}},{"type":"Feature","properties":{"Name":"Unknown","Max_Voltag":60,"Owner":" ","COUNTY":"Colusa County","Status":"IN SERVICE"},"geometry":{"type":"Point","coordinates":[-122.025979894446,39.2173179657926]}},{"type":"Feature","properties":{"Name":"Unknown","Max_Voltag":60,"Owner":" ","COUNTY":"Santa Cruz County","Status":"IN SERVICE"},"geometry":{"type":"Point","coordinates":[-121.973323362708,36.9738060330877]}},{"type":"Feature","properties":{"Name":"Unknown","Max_Voltag":66,"Owner":" ","COUNTY":"Los Angeles County","Status":"IN SERVICE"},"geometry":{"type":"Point","coordinates":[-118.722460425579,34.7650163889031]}},{"type":"Feature","properties":{"Name":"Vacaville Tap","Max_Voltag":115,"Owner":" ","COUNTY":"Solano County","Status":"IN SERVICE"},"geometry":{"type":"Point","coordinates":[-121.960648110693,38.4028499692074]}},{"type":"Feature","properties":{"Name":"Unknown","Max_Voltag":66,"Owner":" ","COUNTY":"Tulare County","Status":"IN SERVICE"},"geometry":{"type":"Point","coordinates":[-119.250123453692,35.8338761903285]}},{"type":"Feature","properties":{"Name":"Edes Tap 2","Max_Voltag":0,"Owner":" ","COUNTY":"Alameda County","Status":"IN SERVICE"},"geometry":{"type":"Point","coordinates":[-122.198721111307,37.7369075912629]}},{"type":"Feature","properties":{"Name":"Unknown","Max_Voltag":0,"Owner":" ","COUNTY":"San Bernardino County","Status":"IN SERVICE"},"geometry":{"type":"Point","coordinates":[-116.440261400147,35.0496240486801]}},{"type":"Feature","properties":{"Name":"Unknown","Max_Voltag":60,"Owner":" ","COUNTY":"Stanislaus County","Status":"IN SERVICE"},"geometry":{"type":"Point","coordinates":[-120.930081647602,37.6379682572352]}},{"type":"Feature","properties":{"Name":"Shredder Tap","Max_Voltag":115,"Owner":" ","COUNTY":"San Mateo County","Status":"IN SERVICE"},"geometry":{"type":"Point","coordinates":[-122.206928833904,37.5112099268137]}},{"type":"Feature","properties":{"Name":"Unknown","Max_Voltag":60,"Owner":" ","COUNTY":"Stanislaus County","Status":"IN SERVICE"},"geometry":{"type":"Point","coordinates":[-121.003424999622,37.6402220002264]}},{"type":"Feature","properties":{"Name":"Unknown","Max_Voltag":66,"Owner":" ","COUNTY":"Ventura County","Status":"IN SERVICE"},"geometry":{"type":"Point","coordinates":[-119.118088721991,34.1822147417209]}},{"type":"Feature","properties":{"Name":"Unknown","Max_Voltag":60,"Owner":" ","COUNTY":"Alameda County","Status":"IN SERVICE"},"geometry":{"type":"Point","coordinates":[-122.135070261402,37.676522824993]}},{"type":"Feature","properties":{"Name":"Unknown","Max_Voltag":0,"Owner":" ","COUNTY":"Kern County","Status":"IN SERVICE"},"geometry":{"type":"Point","coordinates":[-119.007201314835,35.3973046757476]}},{"type":"Feature","properties":{"Name":"Auburn Watt Tap 1","Max_Voltag":0,"Owner":" ","COUNTY":"Sacramento County","Status":"IN SERVICE"},"geometry":{"type":"Point","coordinates":[-121.382748882611,38.6341922709042]}},{"type":"Feature","properties":{"Name":"Geysers Tap 1","Max_Voltag":230,"Owner":" ","COUNTY":"Sonoma County","Status":"IN SERVICE"},"geometry":{"type":"Point","coordinates":[-122.754389955633,38.7542832121768]}},{"type":"Feature","properties":{"Name":"Unknown","Max_Voltag":66,"Owner":" ","COUNTY":"Tulare County","Status":"IN SERVICE"},"geometry":{"type":"Point","coordinates":[-119.304033873666,36.1234312667785]}},{"type":"Feature","properties":{"Name":"Unknown","Max_Voltag":60,"Owner":" ","COUNTY":"San Joaquin County","Status":"IN SERVICE"},"geometry":{"type":"Point","coordinates":[-121.333151359655,37.9559882670689]}},{"type":"Feature","properties":{"Name":"Unknown","Max_Voltag":60,"Owner":" ","COUNTY":"Sacramento County","Status":"IN SERVICE"},"geometry":{"type":"Point","coordinates":[-121.265507999572,38.5847589998473]}},{"type":"Feature","properties":{"Name":"Unknown","Max_Voltag":0,"Owner":" ","COUNTY":"San Diego County","Status":"IN SERVICE"},"geometry":{"type":"Point","coordinates":[-117.279539753239,33.1749635957387]}},{"type":"Feature","properties":{"Name":"Unknown","Max_Voltag":66,"Owner":" ","COUNTY":"Los Angeles County","Status":"IN SERVICE"},"geometry":{"type":"Point","coordinates":[-118.158649130245,33.8042924800817]}},{"type":"Feature","properties":{"Name":"Unknown","Max_Voltag":70,"Owner":" ","COUNTY":"Kern County","Status":"IN SERVICE"},"geometry":{"type":"Point","coordinates":[-119.00275422119,35.2957019198435]}},{"type":"Feature","properties":{"Name":"Unknown","Max_Voltag":66,"Owner":" ","COUNTY":"Ventura County","Status":"IN SERVICE"},"geometry":{"type":"Point","coordinates":[-118.721956978252,34.2790962876878]}},{"type":"Feature","properties":{"Name":"Unknown","Max_Voltag":60,"Owner":" ","COUNTY":"Sacramento County","Status":"IN SERVICE"},"geometry":{"type":"Point","coordinates":[-121.383806456618,38.6578803171628]}},{"type":"Feature","properties":{"Name":"Unknown","Max_Voltag":115,"Owner":" ","COUNTY":"Santa Barbara County","Status":"IN SERVICE"},"geometry":{"type":"Point","coordinates":[-120.436442763625,34.7006280738633]}},{"type":"Feature","properties":{"Name":"Unknown","Max_Voltag":115,"Owner":" ","COUNTY":"Riverside County","Status":"IN SERVICE"},"geometry":{"type":"Point","coordinates":[-116.680505453631,33.9294308161982]}},{"type":"Feature","properties":{"Name":"Unknown","Max_Voltag":115,"Owner":" ","COUNTY":"San Luis Obispo County","Status":"IN SERVICE"},"geometry":{"type":"Point","coordinates":[-120.480817727657,35.0668144109847]}},{"type":"Feature","properties":{"Name":"Unknown","Max_Voltag":60,"Owner":" ","COUNTY":"Colusa County","Status":"IN SERVICE"},"geometry":{"type":"Point","coordinates":[-122.132887551993,39.1194358251944]}},{"type":"Feature","properties":{"Name":"S.L.A.C. Tap","Max_Voltag":230,"Owner":" ","COUNTY":"San Mateo County","Status":"IN SERVICE"},"geometry":{"type":"Point","coordinates":[-122.288745914049,37.3879342403217]}},{"type":"Feature","properties":{"Name":"SS3145_Eagle Rock Tap 2","Max_Voltag":66,"Owner":" ","COUNTY":"Los Angeles County","Status":"IN SERVICE"},"geometry":{"type":"Point","coordinates":[-118.237960551247,34.1050845419851]}},{"type":"Feature","properties":{"Name":"Unknown","Max_Voltag":70,"Owner":" ","COUNTY":"Kern County","Status":"IN SERVICE"},"geometry":{"type":"Point","coordinates":[-118.818879999757,35.4283959998808]}},{"type":"Feature","properties":{"Name":"Unknown","Max_Voltag":66,"Owner":" ","COUNTY":"Los Angeles County","Status":"IN SERVICE"},"geometry":{"type":"Point","coordinates":[-118.024515069861,33.9252599997092]}},{"type":"Feature","properties":{"Name":"Unknown","Max_Voltag":66,"Owner":" ","COUNTY":"San Bernardino County","Status":"IN SERVICE"},"geometry":{"type":"Point","coordinates":[-117.340438520846,34.0515433291406]}},{"type":"Feature","properties":{"Name":"Unknown","Max_Voltag":0,"Owner":" ","COUNTY":"San Bernardino County","Status":"IN SERVICE"},"geometry":{"type":"Point","coordinates":[-117.103158110095,34.0265640001103]}},{"type":"Feature","properties":{"Name":"Unknown","Max_Voltag":115,"Owner":" ","COUNTY":"Tulare County","Status":"IN SERVICE"},"geometry":{"type":"Point","coordinates":[-119.455990782375,35.9633650536532]}},{"type":"Feature","properties":{"Name":"Unknown","Max_Voltag":115,"Owner":" ","COUNTY":"Contra Costa County","Status":"IN SERVICE"},"geometry":{"type":"Point","coordinates":[-122.358057113239,37.9825368237785]}},{"type":"Feature","properties":{"Name":"Stony Point Tap","Max_Voltag":115,"Owner":" ","COUNTY":"Sonoma County","Status":"IN SERVICE"},"geometry":{"type":"Point","coordinates":[-122.713313887395,38.401799387835]}},{"type":"Feature","properties":{"Name":"Maxwell Tap","Max_Voltag":115,"Owner":" ","COUNTY":"Riverside County","Status":"IN SERVICE"},"geometry":{"type":"Point","coordinates":[-117.261623048933,33.9467789538834]}},{"type":"Feature","properties":{"Name":"Unknown","Max_Voltag":60,"Owner":" ","COUNTY":"Sacramento County","Status":"IN SERVICE"},"geometry":{"type":"Point","coordinates":[-121.408631197374,38.475286560935]}},{"type":"Feature","properties":{"Name":"Unknown","Max_Voltag":92,"Owner":" ","COUNTY":"Riverside County","Status":"IN SERVICE"},"geometry":{"type":"Point","coordinates":[-116.138942628735,33.5252429218752]}},{"type":"Feature","properties":{"Name":"Mabury Tap","Max_Voltag":115,"Owner":" ","COUNTY":"Santa Clara County","Status":"IN SERVICE"},"geometry":{"type":"Point","coordinates":[-121.877808326445,37.3927670199516]}},{"type":"Feature","properties":{"Name":"Unknown","Max_Voltag":60,"Owner":" ","COUNTY":"Sacramento County","Status":"IN SERVICE"},"geometry":{"type":"Point","coordinates":[-121.327211609165,38.5769761908728]}},{"type":"Feature","properties":{"Name":"Unknown","Max_Voltag":60,"Owner":" ","COUNTY":"San Joaquin County","Status":"IN SERVICE"},"geometry":{"type":"Point","coordinates":[-121.260993815251,38.1893907230656]}},{"type":"Feature","properties":{"Name":"Unknown","Max_Voltag":66,"Owner":" ","COUNTY":"Los Angeles County","Status":"IN SERVICE"},"geometry":{"type":"Point","coordinates":[-118.186964799654,34.0424790001646]}},{"type":"Feature","properties":{"Name":"Unknown","Max_Voltag":60,"Owner":" ","COUNTY":"Yolo County","Status":"IN SERVICE"},"geometry":{"type":"Point","coordinates":[-121.786843000176,38.856723000012]}},{"type":"Feature","properties":{"Name":"Mayberry Tap","Max_Voltag":115,"Owner":" ","COUNTY":"Riverside County","Status":"IN SERVICE"},"geometry":{"type":"Point","coordinates":[-116.989049305703,33.7804332936742]}},{"type":"Feature","properties":{"Name":"Glendale South Tap 1","Max_Voltag":66,"Owner":" ","COUNTY":"Los Angeles County","Status":"IN SERVICE"},"geometry":{"type":"Point","coordinates":[-118.23854147108,34.1046530488527]}},{"type":"Feature","properties":{"Name":"Unknown","Max_Voltag":60,"Owner":" ","COUNTY":"San Benito County","Status":"IN SERVICE"},"geometry":{"type":"Point","coordinates":[-121.609602264889,36.8802586558024]}},{"type":"Feature","properties":{"Name":"Unknown","Max_Voltag":60,"Owner":" ","COUNTY":"Yolo County","Status":"IN SERVICE"},"geometry":{"type":"Point","coordinates":[-121.793602826283,38.8618334360899]}},{"type":"Feature","properties":{"Name":"Unknown","Max_Voltag":60,"Owner":" ","COUNTY":"Alameda County","Status":"IN SERVICE"},"geometry":{"type":"Point","coordinates":[-121.604999000031,37.8021190002025]}},{"type":"Feature","properties":{"Name":"Unknown","Max_Voltag":60,"Owner":" ","COUNTY":"Sacramento County","Status":"IN SERVICE"},"geometry":{"type":"Point","coordinates":[-121.38430904785,38.6583981390897]}},{"type":"Feature","properties":{"Name":"Rossmoor Tap 2","Max_Voltag":230,"Owner":" ","COUNTY":"Contra Costa County","Status":"IN SERVICE"},"geometry":{"type":"Point","coordinates":[-122.07604218956,37.8558840007407]}},{"type":"Feature","properties":{"Name":"Unknown","Max_Voltag":60,"Owner":" ","COUNTY":"San Joaquin County","Status":"IN SERVICE"},"geometry":{"type":"Point","coordinates":[-121.283562185642,37.9838426062268]}},{"type":"Feature","properties":{"Name":"Unknown","Max_Voltag":70,"Owner":" ","COUNTY":"Kern County","Status":"IN SERVICE"},"geometry":{"type":"Point","coordinates":[-120.0102500209,35.6582789811108]}},{"type":"Feature","properties":{"Name":"Unknown","Max_Voltag":66,"Owner":" ","COUNTY":"Orange County","Status":"IN SERVICE"},"geometry":{"type":"Point","coordinates":[-117.833931409724,33.7600090498762]}},{"type":"Feature","properties":{"Name":"Unknown","Max_Voltag":60,"Owner":" ","COUNTY":"Sacramento County","Status":"IN SERVICE"},"geometry":{"type":"Point","coordinates":[-121.447828284684,38.6601958131589]}},{"type":"Feature","properties":{"Name":"Unknown","Max_Voltag":66,"Owner":" ","COUNTY":"Orange County","Status":"IN SERVICE"},"geometry":{"type":"Point","coordinates":[-117.978060380183,33.7014019997008]}},{"type":"Feature","properties":{"Name":"Unknown","Max_Voltag":60,"Owner":" ","COUNTY":"Sacramento County","Status":"IN SERVICE"},"geometry":{"type":"Point","coordinates":[-121.384408999798,38.6583350002322]}},{"type":"Feature","properties":{"Name":"Unknown","Max_Voltag":60,"Owner":" ","COUNTY":"Solano County","Status":"IN SERVICE"},"geometry":{"type":"Point","coordinates":[-121.758611999679,38.3871640000331]}},{"type":"Feature","properties":{"Name":"Unknown","Max_Voltag":60,"Owner":" ","COUNTY":"Sacramento County","Status":"IN SERVICE"},"geometry":{"type":"Point","coordinates":[-121.344247783931,38.5548177679614]}},{"type":"Feature","properties":{"Name":"Unknown","Max_Voltag":60,"Owner":" ","COUNTY":"Humboldt County","Status":"IN SERVICE"},"geometry":{"type":"Point","coordinates":[-124.187690222846,40.6293848782862]}},{"type":"Feature","properties":{"Name":"Unknown","Max_Voltag":0,"Owner":" ","COUNTY":"Tulare County","Status":"IN SERVICE"},"geometry":{"type":"Point","coordinates":[-119.496501289276,36.0509985739755]}},{"type":"Feature","properties":{"Name":"Unknown","Max_Voltag":34,"Owner":" ","COUNTY":"San Bernardino County","Status":"IN SERVICE"},"geometry":{"type":"Point","coordinates":[-116.866234602702,34.2577916857884]}},{"type":"Feature","properties":{"Name":"Unknown","Max_Voltag":66,"Owner":" ","COUNTY":"San Bernardino County","Status":"IN SERVICE"},"geometry":{"type":"Point","coordinates":[-117.686448630356,34.0922156802644]}},{"type":"Feature","properties":{"Name":"Unknown","Max_Voltag":66,"Owner":" ","COUNTY":"Ventura County","Status":"IN SERVICE"},"geometry":{"type":"Point","coordinates":[-119.142056197776,34.201728951849]}},{"type":"Feature","properties":{"Name":"Unknown","Max_Voltag":66,"Owner":" ","COUNTY":"Los Angeles County","Status":"IN SERVICE"},"geometry":{"type":"Point","coordinates":[-117.887365470171,34.0025609996453]}},{"type":"Feature","properties":{"Name":"Unknown","Max_Voltag":0,"Owner":" ","COUNTY":"Kern County","Status":"IN SERVICE"},"geometry":{"type":"Point","coordinates":[-119.642695515319,35.4128555842931]}},{"type":"Feature","properties":{"Name":"Station L (Scattergood) Tap","Max_Voltag":0,"Owner":" ","COUNTY":"Los Angeles County","Status":"IN SERVICE"},"geometry":{"type":"Point","coordinates":[-118.428002345808,33.9301117707882]}},{"type":"Feature","properties":{"Name":"Unknown","Max_Voltag":60,"Owner":" ","COUNTY":"Yuba County","Status":"IN SERVICE"},"geometry":{"type":"Point","coordinates":[-121.331823298424,39.1136859936853]}},{"type":"Feature","properties":{"Name":"North Island","Max_Voltag":0,"Owner":"SDG&E","COUNTY":"San Diego County","Status":"Operational"},"geometry":{"type":"Point","coordinates":[-117.189251589608,32.7051016363518]}},{"type":"Feature","properties":{"Name":"Naval Station","Max_Voltag":69,"Owner":"SDG&E","COUNTY":"San Diego County","Status":"Operational"},"geometry":{"type":"Point","coordinates":[-117.114725627076,32.6707668684379]}},{"type":"Feature","properties":{"Name":"MMC Chula","Max_Voltag":69,"Owner":"SDG&E","COUNTY":"San Diego County","Status":"Operational"},"geometry":{"type":"Point","coordinates":[-117.058522648106,32.5916947993951]}},{"type":"Feature","properties":{"Name":"Larkspur Energy Facility","Max_Voltag":93,"Owner":"SDG&E","COUNTY":"San Diego County","Status":"Operational"},"geometry":{"type":"Point","coordinates":[-116.944323495653,32.5662951284241]}},{"type":"Feature","properties":{"Name":"Beale Afb 2","Max_Voltag":60,"Owner":"Other","COUNTY":"Yuba County","Status":"Operational"},"geometry":{"type":"Point","coordinates":[-121.33307984747,39.1135568731081]}},{"type":"Feature","properties":{"Name":"Beale Afb 1","Max_Voltag":60,"Owner":"Other","COUNTY":"Yuba County","Status":"Operational"},"geometry":{"type":"Point","coordinates":[-121.337320660976,39.0977786445779]}},{"type":"Feature","properties":{"Name":"Woodland","Max_Voltag":115,"Owner":"PG&E","COUNTY":"Yolo County","Status":"Operational"},"geometry":{"type":"Point","coordinates":[-121.760040757562,38.6786377066084]}},{"type":"Feature","properties":{"Name":"Dist. 1000","Max_Voltag":60,"Owner":"SMUD","COUNTY":"Sacramento County","Status":"Operational"},"geometry":{"type":"Point","coordinates":[-121.524123328252,38.6071767512368]}},{"type":"Feature","properties":{"Name":"Donnells-Curtis","Max_Voltag":115,"Owner":"PG&E","COUNTY":"Tuolumne County","Status":"Operational"},"geometry":{"type":"Point","coordinates":[-120.033842414121,38.2464500772494]}},{"type":"Feature","properties":{"Name":"Beardsley","Max_Voltag":115,"Owner":"PG&E","COUNTY":"Tuolumne County","Status":"Operational"},"geometry":{"type":"Point","coordinates":[-120.076860069573,38.2028708865876]}},{"type":"Feature","properties":{"Name":"Sand Bar","Max_Voltag":115,"Owner":"PG&E","COUNTY":"Tuolumne County","Status":"Operational"},"geometry":{"type":"Point","coordinates":[-120.150001998645,38.1861255613905]}},{"type":"Feature","properties":{"Name":"Stanislaus","Max_Voltag":115,"Owner":"Other","COUNTY":"Tuolumne County","Status":"Operational"},"geometry":{"type":"Point","coordinates":[-120.370189232034,38.1378980427779]}},{"type":"Feature","properties":{"Name":"New Moccasin Cr","Max_Voltag":0,"Owner":"Other","COUNTY":"Tuolumne County","Status":"Operational"},"geometry":{"type":"Point","coordinates":[-120.298811059682,37.8094924595377]}},{"type":"Feature","properties":{"Name":"Don Pedro","Max_Voltag":69,"Owner":"Other","COUNTY":"Tuolumne County","Status":"Operational"},"geometry":{"type":"Point","coordinates":[-120.420121140277,37.6966396034276]}},{"type":"Feature","properties":{"Name":"Tule","Max_Voltag":66,"Owner":"SCE","COUNTY":"Tulare County","Status":"Operational"},"geometry":{"type":"Point","coordinates":[-118.789031375977,36.135823449084]}},{"type":"Feature","properties":{"Name":"Oxgen","Max_Voltag":66,"Owner":"SCE","COUNTY":"Ventura County","Status":"Operational"},"geometry":{"type":"Point","coordinates":[-119.166890096856,34.1959301570652]}},{"type":"Feature","properties":{"Name":"Mandalay","Max_Voltag":0,"Owner":"SCE","COUNTY":"Ventura County","Status":"Operational"},"geometry":{"type":"Point","coordinates":[-119.249163899357,34.2074611052011]}},{"type":"Feature","properties":{"Name":"Willamette","Max_Voltag":0,"Owner":"SCE","COUNTY":"Ventura County","Status":"Operational"},"geometry":{"type":"Point","coordinates":[-119.182805054671,34.1429704533352]}},{"type":"Feature","properties":{"Name":"Oxnard Wastewater","Max_Voltag":66,"Owner":"SCE","COUNTY":"Ventura County","Status":"Operational"},"geometry":{"type":"Point","coordinates":[-119.184493899084,34.1411370099579]}},{"type":"Feature","properties":{"Name":"Lehman","Max_Voltag":0,"Owner":"SCE","COUNTY":"Ventura County","Status":"Operational"},"geometry":{"type":"Point","coordinates":[-119.209202776032,34.1566722257281]}},{"type":"Feature","properties":{"Name":"North Gila","Max_Voltag":500,"Owner":"Other","COUNTY":" ","Status":"Operational"},"geometry":{"type":"Point","coordinates":[-114.490357023535,32.7465029994124]}},{"type":"Feature","properties":{"Name":"Gila","Max_Voltag":161,"Owner":"WAPA","COUNTY":" ","Status":"Operational"},"geometry":{"type":"Point","coordinates":[-114.469569119427,32.6843155470434]}},{"type":"Feature","properties":{"Name":"Malin","Max_Voltag":500,"Owner":"PG&E","COUNTY":" ","Status":"Operational"},"geometry":{"type":"Point","coordinates":[-121.316599524151,42.0066123014038]}},{"type":"Feature","properties":{"Name":"Captain Jack","Max_Voltag":500,"Owner":"Other","COUNTY":" ","Status":"Operational"},"geometry":{"type":"Point","coordinates":[-121.39016226812,42.0798640125828]}},{"type":"Feature","properties":{"Name":"Wilkins Slough","Max_Voltag":60,"Owner":"PG&E","COUNTY":"Colusa County","Status":"Operational"},"geometry":{"type":"Point","coordinates":[-121.867028649036,39.0058426868683]}},{"type":"Feature","properties":{"Name":"Sierra Pacific","Max_Voltag":0,"Owner":"Other","COUNTY":"Plumas County","Status":"Low kV"},"geometry":{"type":"Point","coordinates":[-120.909139965391,39.9407545241269]}},{"type":"Feature","properties":{"Name":"Quincy","Max_Voltag":60,"Owner":"Other","COUNTY":"Plumas County","Status":"Operational"},"geometry":{"type":"Point","coordinates":[-120.888283500064,39.9344081518587]}},{"type":"Feature","properties":{"Name":"PG&E Pumping Station","Max_Voltag":60,"Owner":"PG&E","COUNTY":"Solano County","Status":"Operational"},"geometry":{"type":"Point","coordinates":[-122.158479068624,38.2180775406491]}},{"type":"Feature","properties":{"Name":"Dixon Canning","Max_Voltag":0,"Owner":"Other","COUNTY":"Solano County","Status":"Operational"},"geometry":{"type":"Point","coordinates":[-121.79758660304,38.4769134789791]}},{"type":"Feature","properties":{"Name":"Sandlot","Max_Voltag":0,"Owner":"SCE","COUNTY":"San Bernardino County","Status":"Operational"},"geometry":{"type":"Point","coordinates":[-117.303682051059,34.996104913021]}},{"type":"Feature","properties":{"Name":"Reserver Intl","Max_Voltag":60,"Owner":"SMUD","COUNTY":"Sacramento County","Status":"Operational"},"geometry":{"type":"Point","coordinates":[-121.289519964422,38.5781070543086]}},{"type":"Feature","properties":{"Name":"Live Oak","Max_Voltag":60,"Owner":"SMUD","COUNTY":"Sacramento County","Status":"Operational"},"geometry":{"type":"Point","coordinates":[-121.313893354748,38.2738560618077]}},{"type":"Feature","properties":{"Name":"Barker Slough Pumping Station","Max_Voltag":115,"Owner":"PG&E","COUNTY":"Solano County","Status":"Operational"},"geometry":{"type":"Point","coordinates":[-121.796784675189,38.2764758192202]}},{"type":"Feature","properties":{"Name":"Eight Mile","Max_Voltag":230,"Owner":"PG&E","COUNTY":"San Joaquin County","Status":"Operational"},"geometry":{"type":"Point","coordinates":[-121.376902086193,38.0588660779745]}},{"type":"Feature","properties":{"Name":"Hercules Ms","Max_Voltag":60,"Owner":"PG&E","COUNTY":"Contra Costa County","Status":"Operational"},"geometry":{"type":"Point","coordinates":[-122.28722980309,38.0153443320921]}},{"type":"Feature","properties":{"Name":"Palo Seco","Max_Voltag":115,"Owner":"PG&E","COUNTY":"Alameda County","Status":"Operational"},"geometry":{"type":"Point","coordinates":[-122.205955339512,37.8191065073362]}},{"type":"Feature","properties":{"Name":"Owens-Brockway","Max_Voltag":115,"Owner":"Other","COUNTY":"Alameda County","Status":"Operational"},"geometry":{"type":"Point","coordinates":[-122.22467145908,37.7706531848565]}},{"type":"Feature","properties":{"Name":"Vasona","Max_Voltag":230,"Owner":"PG&E","COUNTY":"Santa Clara County","Status":"Operational"},"geometry":{"type":"Point","coordinates":[-121.966277236335,37.2537629595751]}},{"type":"Feature","properties":{"Name":"Agrilink Foods","Max_Voltag":0,"Owner":"Other","COUNTY":"Santa Cruz County","Status":"Operational"},"geometry":{"type":"Point","coordinates":[-121.763870009717,36.9027706221311]}},{"type":"Feature","properties":{"Name":"Watsonville","Max_Voltag":60,"Owner":"PG&E","COUNTY":"Santa Cruz County","Status":"Operational"},"geometry":{"type":"Point","coordinates":[-121.755909246568,36.9027518906202]}},{"type":"Feature","properties":{"Name":"Rosemore B","Max_Voltag":230,"Owner":"Other","COUNTY":"Stanislaus County","Status":"Operational"},"geometry":{"type":"Point","coordinates":[-121.042955026832,37.6425447994113]}},{"type":"Feature","properties":{"Name":"Westland #1 RA PP","Max_Voltag":0,"Owner":"Other","COUNTY":"Fresno County","Status":"Operational"},"geometry":{"type":"Point","coordinates":[-120.640215937023,36.735657476851]}},{"type":"Feature","properties":{"Name":"Notre Dame","Max_Voltag":115,"Owner":"PG&E","COUNTY":"Butte County","Status":"Operational"},"geometry":{"type":"Point","coordinates":[-121.796365024509,39.7301538282858]}},{"type":"Feature","properties":{"Name":"Santa Rosa Geothermal","Max_Voltag":230,"Owner":"Other","COUNTY":"Lake County","Status":"Operational"},"geometry":{"type":"Point","coordinates":[-122.713224756553,38.7662110061503]}},{"type":"Feature","properties":{"Name":"Unknown","Max_Voltag":230,"Owner":"PG&E","COUNTY":"Lake County","Status":"Operational"},"geometry":{"type":"Point","coordinates":[-122.711927620724,38.7658665996081]}},{"type":"Feature","properties":{"Name":"Union Carbide","Max_Voltag":115,"Owner":"Other","COUNTY":"Contra Costa County","Status":"Operational"},"geometry":{"type":"Point","coordinates":[-121.864136232823,38.0133889814441]}},{"type":"Feature","properties":{"Name":"SFPP LP","Max_Voltag":0,"Owner":"Other","COUNTY":"Contra Costa County","Status":"Operational"},"geometry":{"type":"Point","coordinates":[-122.055216031594,38.0044359267542]}},{"type":"Feature","properties":{"Name":"Contra Costa 4","Max_Voltag":69,"Owner":"WAPA","COUNTY":"Contra Costa County","Status":"Operational"},"geometry":{"type":"Point","coordinates":[-121.749395764564,37.982550426138]}},{"type":"Feature","properties":{"Name":"Unknown","Max_Voltag":230,"Owner":"Other","COUNTY":"Alameda County","Status":"Operational"},"geometry":{"type":"Point","coordinates":[-121.616515220514,37.7672215167479]}},{"type":"Feature","properties":{"Name":"Flowind Corp","Max_Voltag":230,"Owner":"Other","COUNTY":"Alameda County","Status":"Operational"},"geometry":{"type":"Point","coordinates":[-121.614449098954,37.7643368442124]}},{"type":"Feature","properties":{"Name":"Unknown","Max_Voltag":0,"Owner":"SCE","COUNTY":"Inyo County","Status":"Operational"},"geometry":{"type":"Point","coordinates":[-118.186833771386,36.8054588621198]}},{"type":"Feature","properties":{"Name":"Coalinga Cogen","Max_Voltag":60,"Owner":"PG&E","COUNTY":"Fresno County","Status":"Operational"},"geometry":{"type":"Point","coordinates":[-120.387929690474,36.1809363293542]}},{"type":"Feature","properties":{"Name":"Pleasant Valley Pumps","Max_Voltag":60,"Owner":"WAPA","COUNTY":"Fresno County","Status":"Operational"},"geometry":{"type":"Point","coordinates":[-120.251613419246,36.307521689818]}},{"type":"Feature","properties":{"Name":"Unknown","Max_Voltag":70,"Owner":"PG&E","COUNTY":"Kern County","Status":"Operational"},"geometry":{"type":"Point","coordinates":[-119.761341662601,35.5175999948334]}},{"type":"Feature","properties":{"Name":"Wasco Prison","Max_Voltag":115,"Owner":"PG&E","COUNTY":"Kern County","Status":"Operational"},"geometry":{"type":"Point","coordinates":[-119.40303300959,35.600911050617]}},{"type":"Feature","properties":{"Name":"Unknown","Max_Voltag":115,"Owner":"PG&E","COUNTY":"Kern County","Status":"Operational"},"geometry":{"type":"Point","coordinates":[-118.960538407351,35.4406558561507]}},{"type":"Feature","properties":{"Name":"Kern Power","Max_Voltag":230,"Owner":"PG&E","COUNTY":"Kern County","Status":"Operational"},"geometry":{"type":"Point","coordinates":[-119.097366441611,35.3800011690786]}},{"type":"Feature","properties":{"Name":"Witco Refinery","Max_Voltag":115,"Owner":"Other","COUNTY":"Kern County","Status":"Operational"},"geometry":{"type":"Point","coordinates":[-119.011994593138,35.4156933393383]}},{"type":"Feature","properties":{"Name":"Kern River","Max_Voltag":115,"Owner":"Other","COUNTY":"Kern County","Status":"Operational"},"geometry":{"type":"Point","coordinates":[-118.990791790438,35.4414942964294]}},{"type":"Feature","properties":{"Name":"Barren Ridge","Max_Voltag":230,"Owner":"LADWP","COUNTY":"Kern County","Status":"Operational"},"geometry":{"type":"Point","coordinates":[-118.055190114956,35.2368699454764]}},{"type":"Feature","properties":{"Name":"Renfro","Max_Voltag":230,"Owner":"PG&E","COUNTY":"Kern County","Status":"Operational"},"geometry":{"type":"Point","coordinates":[-119.164094513641,35.3877193869207]}},{"type":"Feature","properties":{"Name":"Kern Pp Dist.","Max_Voltag":115,"Owner":"PG&E","COUNTY":"Kern County","Status":"Operational"},"geometry":{"type":"Point","coordinates":[-119.095394443729,35.3780527917819]}},{"type":"Feature","properties":{"Name":"Arbwind","Max_Voltag":230,"Owner":"SCE","COUNTY":"Kern County","Status":"Operational"},"geometry":{"type":"Point","coordinates":[-118.313850153686,35.1081287476113]}},{"type":"Feature","properties":{"Name":"Unknown","Max_Voltag":115,"Owner":" ","COUNTY":"San Bernardino County","Status":"IN SERVICE"},"geometry":{"type":"Point","coordinates":[-117.32460913924,34.3083483312145]}},{"type":"Feature","properties":{"Name":"Highwind","Max_Voltag":220,"Owner":"SCE","COUNTY":"Kern County","Status":"Operational"},"geometry":{"type":"Point","coordinates":[-118.378123728323,35.0994551817569]}},{"type":"Feature","properties":{"Name":"Unknown","Max_Voltag":0,"Owner":"SCE","COUNTY":"Kern County","Status":"Operational"},"geometry":{"type":"Point","coordinates":[-118.36701654762,35.0881694380844]}},{"type":"Feature","properties":{"Name":"Northwind","Max_Voltag":0,"Owner":"SCE","COUNTY":"Kern County","Status":"Operational"},"geometry":{"type":"Point","coordinates":[-118.372606602834,35.0759083267639]}},{"type":"Feature","properties":{"Name":"Unknown","Max_Voltag":230,"Owner":"SCE","COUNTY":"Kern County","Status":"Operational"},"geometry":{"type":"Point","coordinates":[-118.334546921014,35.0990864611245]}},{"type":"Feature","properties":{"Name":"Unknown","Max_Voltag":66,"Owner":"SCE","COUNTY":"Kern County","Status":"Operational"},"geometry":{"type":"Point","coordinates":[-118.337851868758,35.0982619545226]}},{"type":"Feature","properties":{"Name":"Midwind","Max_Voltag":66,"Owner":"SCE","COUNTY":"Kern County","Status":"Operational"},"geometry":{"type":"Point","coordinates":[-118.346669997488,35.0539031602062]}},{"type":"Feature","properties":{"Name":"Flowind","Max_Voltag":66,"Owner":"SCE","COUNTY":"Kern County","Status":"Operational"},"geometry":{"type":"Point","coordinates":[-118.320383353711,35.0730568137986]}},{"type":"Feature","properties":{"Name":"Varwind","Max_Voltag":66,"Owner":"SCE","COUNTY":"Kern County","Status":"Operational"},"geometry":{"type":"Point","coordinates":[-118.311100062055,35.0780885363239]}},{"type":"Feature","properties":{"Name":"Enwind","Max_Voltag":66,"Owner":"SCE","COUNTY":"Kern County","Status":"Operational"},"geometry":{"type":"Point","coordinates":[-118.309362716702,35.0788012759243]}},{"type":"Feature","properties":{"Name":"Canwind","Max_Voltag":66,"Owner":"SCE","COUNTY":"Kern County","Status":"Operational"},"geometry":{"type":"Point","coordinates":[-118.304904475864,35.079229623904]}},{"type":"Feature","properties":{"Name":"Sunrise Power","Max_Voltag":115,"Owner":"PG&E","COUNTY":"Kern County","Status":"Operational"},"geometry":{"type":"Point","coordinates":[-119.582644433048,35.2103333389969]}},{"type":"Feature","properties":{"Name":"Unknown","Max_Voltag":115,"Owner":"PG&E","COUNTY":"Kern County","Status":"Operational"},"geometry":{"type":"Point","coordinates":[-119.581224989796,35.2099583511822]}},{"type":"Feature","properties":{"Name":"Sylmar-Pac Intertie","Max_Voltag":0,"Owner":"SCE","COUNTY":"Los Angeles County","Status":"Operational"},"geometry":{"type":"Point","coordinates":[-118.500477784229,34.3053249977462]}},{"type":"Feature","properties":{"Name":"Unknown","Max_Voltag":66,"Owner":"SCE","COUNTY":"Los Angeles County","Status":"Operational"},"geometry":{"type":"Point","coordinates":[-118.323188938768,34.1919262938145]}},{"type":"Feature","properties":{"Name":"Valley","Max_Voltag":66,"Owner":"Other","COUNTY":"Los Angeles County","Status":"Operational"},"geometry":{"type":"Point","coordinates":[-118.347345991418,34.1860170078096]}},{"type":"Feature","properties":{"Name":"Unknown","Max_Voltag":66,"Owner":"Other","COUNTY":"Los Angeles County","Status":"Operational"},"geometry":{"type":"Point","coordinates":[-118.29610170024,34.1659925518168]}},{"type":"Feature","properties":{"Name":"Unknown","Max_Voltag":66,"Owner":"SCE","COUNTY":"Los Angeles County","Status":"Operational"},"geometry":{"type":"Point","coordinates":[-118.339459718369,34.1540251316494]}},{"type":"Feature","properties":{"Name":"Downey Med","Max_Voltag":0,"Owner":"SCE","COUNTY":"Los Angeles County","Status":"Operational"},"geometry":{"type":"Point","coordinates":[-118.127432722631,33.9207957434159]}},{"type":"Feature","properties":{"Name":"Unknown","Max_Voltag":66,"Owner":"SCE","COUNTY":"Los Angeles County","Status":"Operational"},"geometry":{"type":"Point","coordinates":[-118.300239500339,33.7878413902956]}},{"type":"Feature","properties":{"Name":"Unknown","Max_Voltag":92,"Owner":"IID","COUNTY":"Imperial County","Status":"Operational"},"geometry":{"type":"Point","coordinates":[-115.536025826639,32.9554796741081]}},{"type":"Feature","properties":{"Name":"Unknown","Max_Voltag":60,"Owner":"Other","COUNTY":"Shasta County","Status":"Operational"},"geometry":{"type":"Point","coordinates":[-122.368869219829,40.6731941440614]}},{"type":"Feature","properties":{"Name":"Baseline","Max_Voltag":60,"Owner":"SMUD","COUNTY":"Placer County","Status":"Operational"},"geometry":{"type":"Point","coordinates":[-121.31401774716,38.7521141178767]}},{"type":"Feature","properties":{"Name":"PG2","Max_Voltag":0,"Owner":"Other","COUNTY":"Placer County","Status":"Operational"},"geometry":{"type":"Point","coordinates":[-121.308981755745,38.7788988367276]}},{"type":"Feature","properties":{"Name":"PG1","Max_Voltag":0,"Owner":"Other","COUNTY":"Placer County","Status":"Operational"},"geometry":{"type":"Point","coordinates":[-121.308620290742,38.7758184310905]}},{"type":"Feature","properties":{"Name":"Cirby","Max_Voltag":60,"Owner":"Other","COUNTY":"Placer County","Status":"Operational"},"geometry":{"type":"Point","coordinates":[-121.269808970557,38.7283385072855]}},{"type":"Feature","properties":{"Name":"High Winds","Max_Voltag":500,"Owner":"Other","COUNTY":"Solano County","Status":"Operational"},"geometry":{"type":"Point","coordinates":[-121.830777062084,38.1273958569174]}},{"type":"Feature","properties":{"Name":"Teichert","Max_Voltag":0,"Owner":"Other","COUNTY":"San Joaquin County","Status":"Operational"},"geometry":{"type":"Point","coordinates":[-121.356318581151,37.6172816165383]}},{"type":"Feature","properties":{"Name":"Walsh","Max_Voltag":60,"Owner":"SVP","COUNTY":"Santa Clara County","Status":"Operational"},"geometry":{"type":"Point","coordinates":[-121.956381278384,37.3693763832535]}},{"type":"Feature","properties":{"Name":"Pecho Valley","Max_Voltag":0,"Owner":"Other","COUNTY":"San Luis Obispo County","Status":"Operational"},"geometry":{"type":"Point","coordinates":[-120.851245115585,35.2159088945929]}},{"type":"Feature","properties":{"Name":"Oro Grande","Max_Voltag":33,"Owner":"SCE","COUNTY":"San Bernardino County","Status":"Operational"},"geometry":{"type":"Point","coordinates":[-117.335059504146,34.6014561130173]}},{"type":"Feature","properties":{"Name":"George Air Force Base","Max_Voltag":0,"Owner":"SCE","COUNTY":"San Bernardino County","Status":"Operational"},"geometry":{"type":"Point","coordinates":[-117.369375300713,34.5800208832715]}},{"type":"Feature","properties":{"Name":"MWD Etiwanda","Max_Voltag":0,"Owner":"SCE","COUNTY":"San Bernardino County","Status":"Operational"},"geometry":{"type":"Point","coordinates":[-117.526436712649,34.1037011360115]}},{"type":"Feature","properties":{"Name":"MWD Temescal","Max_Voltag":66,"Owner":"Other","COUNTY":"Riverside County","Status":"Operational"},"geometry":{"type":"Point","coordinates":[-117.497209097819,33.833901227298]}},{"type":"Feature","properties":{"Name":"Unknown","Max_Voltag":92,"Owner":"IID","COUNTY":"Riverside County","Status":"Operational"},"geometry":{"type":"Point","coordinates":[-116.255099513822,33.742869560415]}},{"type":"Feature","properties":{"Name":"Colusa Junction","Max_Voltag":60,"Owner":"PG&E","COUNTY":"Colusa County","Status":"Operational"},"geometry":{"type":"Point","coordinates":[-121.990457249024,39.1911088675967]}},{"type":"Feature","properties":{"Name":"Unknown","Max_Voltag":230,"Owner":"PG&E","COUNTY":"Alameda County","Status":"Operational"},"geometry":{"type":"Point","coordinates":[-121.733297507312,37.7424896768995]}},{"type":"Feature","properties":{"Name":"Optical Coating Laboratory","Max_Voltag":0,"Owner":"Other","COUNTY":"Sonoma County","Status":"Operational"},"geometry":{"type":"Point","coordinates":[-122.74754711172,38.4186547257501]}},{"type":"Feature","properties":{"Name":"Industrial","Max_Voltag":0,"Owner":"Other","COUNTY":"Placer County","Status":"Operational"},"geometry":{"type":"Point","coordinates":[-121.307779061598,38.7815353360635]}},{"type":"Feature","properties":{"Name":"West Point","Max_Voltag":60,"Owner":"PG&E","COUNTY":"Amador County","Status":"Operational"},"geometry":{"type":"Point","coordinates":[-120.549773670999,38.4210150461008]}},{"type":"Feature","properties":{"Name":"Unknown","Max_Voltag":0,"Owner":"Other","COUNTY":"Calaveras County","Status":"Operational"},"geometry":{"type":"Point","coordinates":[-120.380814002158,38.1772892581946]}},{"type":"Feature","properties":{"Name":"Unknown","Max_Voltag":60,"Owner":"PG&E","COUNTY":"San Joaquin County","Status":"Operational"},"geometry":{"type":"Point","coordinates":[-121.386177317265,38.1380363616188]}},{"type":"Feature","properties":{"Name":"Dyer Rd. Altamont","Max_Voltag":60,"Owner":"PG&E","COUNTY":"Alameda County","Status":"Operational"},"geometry":{"type":"Point","coordinates":[-121.660036039424,37.7553019338876]}},{"type":"Feature","properties":{"Name":"Brigatano","Max_Voltag":60,"Owner":"Other","COUNTY":"San Benito County","Status":"Operational"},"geometry":{"type":"Point","coordinates":[-121.603241096733,36.8817059090743]}},{"type":"Feature","properties":{"Name":"Fiberglas","Max_Voltag":0,"Owner":"SVP","COUNTY":"Santa Clara County","Status":"Operational"},"geometry":{"type":"Point","coordinates":[-121.950677879136,37.3719730182593]}},{"type":"Feature","properties":{"Name":"Unknown","Max_Voltag":60,"Owner":"Other","COUNTY":"Stanislaus County","Status":"Operational"},"geometry":{"type":"Point","coordinates":[-121.013689847151,37.7106820204472]}},{"type":"Feature","properties":{"Name":"Unknown","Max_Voltag":60,"Owner":"Other","COUNTY":"Stanislaus County","Status":"Operational"},"geometry":{"type":"Point","coordinates":[-121.041736902323,37.7047028138707]}},{"type":"Feature","properties":{"Name":"Unknown","Max_Voltag":69,"Owner":"Other","COUNTY":"Stanislaus County","Status":"Operational"},"geometry":{"type":"Point","coordinates":[-120.606804755626,37.645044642845]}},{"type":"Feature","properties":{"Name":"Westley","Max_Voltag":115,"Owner":"PG&E","COUNTY":"Stanislaus County","Status":"Operational"},"geometry":{"type":"Point","coordinates":[-121.205960172388,37.5795778931178]}},{"type":"Feature","properties":{"Name":"Jr Wood","Max_Voltag":115,"Owner":"Other","COUNTY":"Merced County","Status":"Operational"},"geometry":{"type":"Point","coordinates":[-120.631793251173,37.3635047042571]}},{"type":"Feature","properties":{"Name":"Bonita Tap","Max_Voltag":70,"Owner":"PG&E","COUNTY":"Madera County","Status":"Operational"},"geometry":{"type":"Point","coordinates":[-120.20267492823,36.9677240326775]}},{"type":"Feature","properties":{"Name":"Cooper","Max_Voltag":115,"Owner":"Other","COUNTY":"Merced County","Status":"Operational"},"geometry":{"type":"Point","coordinates":[-120.51197565315,37.3189092959305]}},{"type":"Feature","properties":{"Name":"SC Johnson Wax","Max_Voltag":115,"Owner":"Other","COUNTY":"Fresno County","Status":"Operational"},"geometry":{"type":"Point","coordinates":[-119.737072010622,36.7001151367609]}},{"type":"Feature","properties":{"Name":"Stroud Switching Station","Max_Voltag":60,"Owner":"PG&E","COUNTY":"Fresno County","Status":"Operational"},"geometry":{"type":"Point","coordinates":[-120.170454790728,36.5315665716524]}},{"type":"Feature","properties":{"Name":"Jacalitio","Max_Voltag":60,"Owner":"Other","COUNTY":"Fresno County","Status":"Operational"},"geometry":{"type":"Point","coordinates":[-120.245122981723,36.1309416762181]}},{"type":"Feature","properties":{"Name":"Lemoore N.A.S.","Max_Voltag":60,"Owner":"PG&E","COUNTY":"Kings County","Status":"Operational"},"geometry":{"type":"Point","coordinates":[-119.906275890067,36.2645077951045]}},{"type":"Feature","properties":{"Name":"King City","Max_Voltag":60,"Owner":"PG&E","COUNTY":"Monterey County","Status":"Operational"},"geometry":{"type":"Point","coordinates":[-121.127146889669,36.2169972917324]}},{"type":"Feature","properties":{"Name":"Hanford","Max_Voltag":0,"Owner":"SCE","COUNTY":"Kings County","Status":"Operational"},"geometry":{"type":"Point","coordinates":[-119.65439706633,36.312911538392]}},{"type":"Feature","properties":{"Name":"Armstrong Ss","Max_Voltag":60,"Owner":"Other","COUNTY":"Kings County","Status":"Operational"},"geometry":{"type":"Point","coordinates":[-119.654508818548,36.2690356190193]}},{"type":"Feature","properties":{"Name":"GWF Hanford","Max_Voltag":60,"Owner":"Other","COUNTY":"Kings County","Status":"Operational"},"geometry":{"type":"Point","coordinates":[-119.647370609467,36.2697498337458]}},{"type":"Feature","properties":{"Name":"Contadina","Max_Voltag":0,"Owner":"Other","COUNTY":"Kings County","Status":"Operational"},"geometry":{"type":"Point","coordinates":[-119.649037715548,36.2551604503095]}},{"type":"Feature","properties":{"Name":"Las Perillas Pumps","Max_Voltag":0,"Owner":"PG&E","COUNTY":"Kings County","Status":"Operational"},"geometry":{"type":"Point","coordinates":[-119.908381640806,35.8430430342273]}},{"type":"Feature","properties":{"Name":"Badger Hill Pumps","Max_Voltag":0,"Owner":"PG&E","COUNTY":"Kings County","Status":"Operational"},"geometry":{"type":"Point","coordinates":[-119.942615378068,35.8349877347772]}},{"type":"Feature","properties":{"Name":"Riverway","Max_Voltag":66,"Owner":"SCE","COUNTY":"Tulare County","Status":"Operational"},"geometry":{"type":"Point","coordinates":[-119.31297154211,36.357337175454]}},{"type":"Feature","properties":{"Name":"Mooney","Max_Voltag":66,"Owner":"SCE","COUNTY":"Tulare County","Status":"Operational"},"geometry":{"type":"Point","coordinates":[-119.311723453397,36.3185350369985]}},{"type":"Feature","properties":{"Name":"Polonio Pass","Max_Voltag":70,"Owner":"PG&E","COUNTY":"San Luis Obispo County","Status":"Operational"},"geometry":{"type":"Point","coordinates":[-120.207797728343,35.7309325967933]}},{"type":"Feature","properties":{"Name":"Bluestone","Max_Voltag":70,"Owner":"PG&E","COUNTY":"Kern County","Status":"Operational"},"geometry":{"type":"Point","coordinates":[-120.084188840071,35.7075623850693]}},{"type":"Feature","properties":{"Name":"Mobil Exploration","Max_Voltag":0,"Owner":"Other","COUNTY":"Kern County","Status":"Operational"},"geometry":{"type":"Point","coordinates":[-119.752221332524,35.6449165438663]}},{"type":"Feature","properties":{"Name":"Unknown","Max_Voltag":70,"Owner":"Other","COUNTY":"Kern County","Status":"Operational"},"geometry":{"type":"Point","coordinates":[-119.726022621236,35.6015678545863]}},{"type":"Feature","properties":{"Name":"South Belridge Cogen","Max_Voltag":115,"Owner":"PG&E","COUNTY":"Kern County","Status":"Operational"},"geometry":{"type":"Point","coordinates":[-119.733993244293,35.4486638031159]}},{"type":"Feature","properties":{"Name":"Belridge 1A","Max_Voltag":115,"Owner":"PG&E","COUNTY":"Kern County","Status":"Operational"},"geometry":{"type":"Point","coordinates":[-119.631917762102,35.4562202025709]}},{"type":"Feature","properties":{"Name":"Belridge 1B","Max_Voltag":115,"Owner":"PG&E","COUNTY":"Kern County","Status":"Operational"},"geometry":{"type":"Point","coordinates":[-119.660990114814,35.4439512956016]}},{"type":"Feature","properties":{"Name":"King Ellis","Max_Voltag":0,"Owner":"PG&E","COUNTY":"Kern County","Status":"Operational"},"geometry":{"type":"Point","coordinates":[-119.751030904873,35.4701814463043]}},{"type":"Feature","properties":{"Name":"Tevis","Max_Voltag":70,"Owner":"PG&E","COUNTY":"Kern County","Status":"Operational"},"geometry":{"type":"Point","coordinates":[-119.128952222097,35.3195970025866]}},{"type":"Feature","properties":{"Name":"Wind Gap","Max_Voltag":230,"Owner":"Other","COUNTY":"Kern County","Status":"Operational"},"geometry":{"type":"Point","coordinates":[-118.977545815367,35.014165098313]}},{"type":"Feature","properties":{"Name":"Ultragen","Max_Voltag":66,"Owner":"SCE","COUNTY":"Kern County","Status":"Operational"},"geometry":{"type":"Point","coordinates":[-119.051818982995,35.7421043558153]}},{"type":"Feature","properties":{"Name":"Pine Tree Wind Farm","Max_Voltag":230,"Owner":"LADWP","COUNTY":"Kern County","Status":"Operational"},"geometry":{"type":"Point","coordinates":[-118.176295101189,35.2469453079211]}},{"type":"Feature","properties":{"Name":"Dutchwind","Max_Voltag":66,"Owner":"SCE","COUNTY":"Kern County","Status":"Operational"},"geometry":{"type":"Point","coordinates":[-118.320582772517,35.0620031450187]}},{"type":"Feature","properties":{"Name":"Mogen","Max_Voltag":115,"Owner":"SCE","COUNTY":"Kern County","Status":"Operational"},"geometry":{"type":"Point","coordinates":[-117.701582695271,35.0322887543635]}},{"type":"Feature","properties":{"Name":"Ventura","Max_Voltag":66,"Owner":"SCE","COUNTY":"Ventura County","Status":"Operational"},"geometry":{"type":"Point","coordinates":[-119.301038479979,34.279760532615]}},{"type":"Feature","properties":{"Name":"Missile","Max_Voltag":66,"Owner":"SCE","COUNTY":"Ventura County","Status":"Operational"},"geometry":{"type":"Point","coordinates":[-119.095683456909,34.1287490215639]}},{"type":"Feature","properties":{"Name":"Rancho","Max_Voltag":33,"Owner":"SCE","COUNTY":"San Bernardino County","Status":"Operational"},"geometry":{"type":"Point","coordinates":[-117.21568218302,34.5175791689713]}},{"type":"Feature","properties":{"Name":"Victorville","Max_Voltag":33,"Owner":"SCE","COUNTY":"San Bernardino County","Status":"Operational"},"geometry":{"type":"Point","coordinates":[-117.295137373095,34.5353506581853]}},{"type":"Feature","properties":{"Name":"Huston","Max_Voltag":33,"Owner":"SCE","COUNTY":"San Bernardino County","Status":"Operational"},"geometry":{"type":"Point","coordinates":[-117.28548225437,34.2428619484353]}},{"type":"Feature","properties":{"Name":"Unknown","Max_Voltag":0,"Owner":"SCE","COUNTY":"Riverside County","Status":"Operational"},"geometry":{"type":"Point","coordinates":[-116.923203078346,33.9477821951986]}},{"type":"Feature","properties":{"Name":"Grapeland","Max_Voltag":66,"Owner":"SCE","COUNTY":"San Bernardino County","Status":"Operational"},"geometry":{"type":"Point","coordinates":[-117.533316015587,34.0905017777936]}},{"type":"Feature","properties":{"Name":"Metalcan","Max_Voltag":66,"Owner":"SCE","COUNTY":"Riverside County","Status":"Operational"},"geometry":{"type":"Point","coordinates":[-117.521451869509,34.0330184134947]}},{"type":"Feature","properties":{"Name":"Ontario","Max_Voltag":66,"Owner":"SCE","COUNTY":"San Bernardino County","Status":"Operational"},"geometry":{"type":"Point","coordinates":[-117.64563584126,34.0564912571553]}},{"type":"Feature","properties":{"Name":"Plastic","Max_Voltag":66,"Owner":"SCE","COUNTY":"San Bernardino County","Status":"Operational"},"geometry":{"type":"Point","coordinates":[-117.708685330168,33.9937626427947]}},{"type":"Feature","properties":{"Name":"Flanco","Max_Voltag":0,"Owner":"SCE","COUNTY":"San Bernardino County","Status":"Operational"},"geometry":{"type":"Point","coordinates":[-117.440474031435,34.0956352555106]}},{"type":"Feature","properties":{"Name":"Fibre","Max_Voltag":66,"Owner":"SCE","COUNTY":"Riverside County","Status":"Operational"},"geometry":{"type":"Point","coordinates":[-117.376634909019,34.0230499050057]}},{"type":"Feature","properties":{"Name":"Kempster","Max_Voltag":66,"Owner":"SCE","COUNTY":"San Bernardino County","Status":"Operational"},"geometry":{"type":"Point","coordinates":[-117.434684451412,34.076797176635]}},{"type":"Feature","properties":{"Name":"Rialto","Max_Voltag":66,"Owner":"SCE","COUNTY":"San Bernardino County","Status":"Operational"},"geometry":{"type":"Point","coordinates":[-117.368352970309,34.1013044544423]}},{"type":"Feature","properties":{"Name":"Euclid","Max_Voltag":0,"Owner":"SCE","COUNTY":"San Bernardino County","Status":"Operational"},"geometry":{"type":"Point","coordinates":[-117.63231941761,34.0819259751019]}},{"type":"Feature","properties":{"Name":"Valencia","Max_Voltag":66,"Owner":"SCE","COUNTY":"San Bernardino County","Status":"Operational"},"geometry":{"type":"Point","coordinates":[-117.28641290092,34.1645989953504]}},{"type":"Feature","properties":{"Name":"Sixteenth Street","Max_Voltag":0,"Owner":"SCE","COUNTY":"San Bernardino County","Status":"Operational"},"geometry":{"type":"Point","coordinates":[-117.304373279518,34.1288881978082]}},{"type":"Feature","properties":{"Name":"Mt. Vernon","Max_Voltag":66,"Owner":"SCE","COUNTY":"San Bernardino County","Status":"Operational"},"geometry":{"type":"Point","coordinates":[-117.310355586796,34.1207203571896]}},{"type":"Feature","properties":{"Name":"Tippecanoe","Max_Voltag":66,"Owner":"SCE","COUNTY":"San Bernardino County","Status":"Operational"},"geometry":{"type":"Point","coordinates":[-117.258326654048,34.1209585625703]}},{"type":"Feature","properties":{"Name":"Lucerne","Max_Voltag":115,"Owner":"SCE","COUNTY":"San Bernardino County","Status":"Operational"},"geometry":{"type":"Point","coordinates":[-116.946636900953,34.4451448096377]}},{"type":"Feature","properties":{"Name":"Daggett","Max_Voltag":33,"Owner":"SCE","COUNTY":"San Bernardino County","Status":"Operational"},"geometry":{"type":"Point","coordinates":[-116.890949606161,34.8624881604947]}},{"type":"Feature","properties":{"Name":"East Barstow","Max_Voltag":33,"Owner":"SCE","COUNTY":"San Bernardino County","Status":"Operational"},"geometry":{"type":"Point","coordinates":[-117.001863844198,34.8899944930049]}},{"type":"Feature","properties":{"Name":"Barstow","Max_Voltag":33,"Owner":"SCE","COUNTY":"San Bernardino County","Status":"Operational"},"geometry":{"type":"Point","coordinates":[-117.022133484167,34.9010897533225]}},{"type":"Feature","properties":{"Name":"West Barstow","Max_Voltag":33,"Owner":"SCE","COUNTY":"San Bernardino County","Status":"Operational"},"geometry":{"type":"Point","coordinates":[-117.049311982546,34.891605406902]}},{"type":"Feature","properties":{"Name":"Hinkley","Max_Voltag":33,"Owner":"SCE","COUNTY":"San Bernardino County","Status":"Operational"},"geometry":{"type":"Point","coordinates":[-117.154020089068,34.9072515999734]}},{"type":"Feature","properties":{"Name":"Ordway","Max_Voltag":33,"Owner":"SCE","COUNTY":"San Bernardino County","Status":"Operational"},"geometry":{"type":"Point","coordinates":[-117.117749059878,34.8647587698721]}},{"type":"Feature","properties":{"Name":"Joshua Tree","Max_Voltag":115,"Owner":"SCE","COUNTY":"San Bernardino County","Status":"Operational"},"geometry":{"type":"Point","coordinates":[-116.315663702105,34.1359888952557]}},{"type":"Feature","properties":{"Name":"Twentynine Palms","Max_Voltag":115,"Owner":"SCE","COUNTY":"San Bernardino County","Status":"Operational"},"geometry":{"type":"Point","coordinates":[-116.053710241914,34.1377981407299]}},{"type":"Feature","properties":{"Name":"Smiley","Max_Voltag":0,"Owner":"SCE","COUNTY":"San Bernardino County","Status":"Operational"},"geometry":{"type":"Point","coordinates":[-117.16532474103,34.0277241455468]}},{"type":"Feature","properties":{"Name":"Arbors","Max_Voltag":66,"Owner":"Other","COUNTY":"San Bernardino County","Status":"Operational"},"geometry":{"type":"Point","coordinates":[-117.545226052998,34.1024441889444]}},{"type":"Feature","properties":{"Name":"Riteaid","Max_Voltag":66,"Owner":"SCE","COUNTY":"Los Angeles County","Status":"Operational"},"geometry":{"type":"Point","coordinates":[-118.178830927557,34.7209336043482]}},{"type":"Feature","properties":{"Name":"Acton","Max_Voltag":115,"Owner":"SCE","COUNTY":"Los Angeles County","Status":"Operational"},"geometry":{"type":"Point","coordinates":[-118.199343710931,34.51022848095]}},{"type":"Feature","properties":{"Name":"Shelline","Max_Voltag":66,"Owner":"SCE","COUNTY":"Los Angeles County","Status":"Operational"},"geometry":{"type":"Point","coordinates":[-118.664476798866,34.1493898079497]}},{"type":"Feature","properties":{"Name":"Perez","Max_Voltag":66,"Owner":"SCE","COUNTY":"Riverside County","Status":"Operational"},"geometry":{"type":"Point","coordinates":[-117.588448250349,33.8819370322496]}},{"type":"Feature","properties":{"Name":"Hemet","Max_Voltag":33,"Owner":"SCE","COUNTY":"Riverside County","Status":"Operational"},"geometry":{"type":"Point","coordinates":[-116.975660165226,33.7468273128434]}},{"type":"Feature","properties":{"Name":"Stent","Max_Voltag":115,"Owner":"SCE","COUNTY":"Riverside County","Status":"Operational"},"geometry":{"type":"Point","coordinates":[-117.159069164446,33.5178298605183]}},{"type":"Feature","properties":{"Name":"Unknown","Max_Voltag":33,"Owner":"SCE","COUNTY":"Riverside County","Status":"Operational"},"geometry":{"type":"Point","coordinates":[-116.876007965769,33.921281276907]}},{"type":"Feature","properties":{"Name":"Desert Outpost","Max_Voltag":115,"Owner":"SCE","COUNTY":"Riverside County","Status":"Operational"},"geometry":{"type":"Point","coordinates":[-116.472602418547,33.8084552309041]}},{"type":"Feature","properties":{"Name":"Sunny Dunes","Max_Voltag":0,"Owner":"SCE","COUNTY":"Riverside County","Status":"Operational"},"geometry":{"type":"Point","coordinates":[-116.543585673533,33.8129903461467]}},{"type":"Feature","properties":{"Name":"Palm Canyon","Max_Voltag":0,"Owner":"SCE","COUNTY":"Riverside County","Status":"Operational"},"geometry":{"type":"Point","coordinates":[-116.543243924755,33.7989752860693]}},{"type":"Feature","properties":{"Name":"Unknown","Max_Voltag":92,"Owner":"IID","COUNTY":"Riverside County","Status":"Operational"},"geometry":{"type":"Point","coordinates":[-116.254363498058,33.7259849035287]}},{"type":"Feature","properties":{"Name":"Unknown","Max_Voltag":92,"Owner":"IID","COUNTY":"Riverside County","Status":"Operational"},"geometry":{"type":"Point","coordinates":[-116.234182081633,33.7314457417297]}},{"type":"Feature","properties":{"Name":"Unknown","Max_Voltag":92,"Owner":"IID","COUNTY":"Riverside County","Status":"Operational"},"geometry":{"type":"Point","coordinates":[-116.113199851081,33.5250162771496]}},{"type":"Feature","properties":{"Name":"Titans","Max_Voltag":0,"Owner":"SCE","COUNTY":"Orange County","Status":"Operational"},"geometry":{"type":"Point","coordinates":[-117.887363381588,33.8789415232877]}},{"type":"Feature","properties":{"Name":"Hannum","Max_Voltag":69,"Owner":"Other","COUNTY":"Orange County","Status":"Operational"},"geometry":{"type":"Point","coordinates":[-117.968175395153,33.8375588228425]}},{"type":"Feature","properties":{"Name":"Southwest","Max_Voltag":69,"Owner":"Other","COUNTY":"Orange County","Status":"Operational"},"geometry":{"type":"Point","coordinates":[-117.933203547256,33.8080339749205]}},{"type":"Feature","properties":{"Name":"Sharp","Max_Voltag":69,"Owner":"Other","COUNTY":"Orange County","Status":"Operational"},"geometry":{"type":"Point","coordinates":[-117.910691088906,33.8483774804077]}},{"type":"Feature","properties":{"Name":"Vermont","Max_Voltag":69,"Owner":"Other","COUNTY":"Orange County","Status":"Operational"},"geometry":{"type":"Point","coordinates":[-117.902483805586,33.8266837497743]}},{"type":"Feature","properties":{"Name":"Yorba","Max_Voltag":69,"Owner":"Other","COUNTY":"Orange County","Status":"Operational"},"geometry":{"type":"Point","coordinates":[-117.807124739313,33.8582059941801]}},{"type":"Feature","properties":{"Name":"Kinder","Max_Voltag":0,"Owner":"SCE","COUNTY":"Orange County","Status":"Operational"},"geometry":{"type":"Point","coordinates":[-117.869689973401,33.8126754807675]}},{"type":"Feature","properties":{"Name":"Costa Mesa","Max_Voltag":0,"Owner":"SCE","COUNTY":"Orange County","Status":"Operational"},"geometry":{"type":"Point","coordinates":[-117.925001228026,33.6295487735647]}},{"type":"Feature","properties":{"Name":"Barrett","Max_Voltag":69,"Owner":"SDG&E","COUNTY":"San Diego County","Status":"Operational"},"geometry":{"type":"Point","coordinates":[-116.700142672454,32.6671969459295]}},{"type":"Feature","properties":{"Name":"Artesian","Max_Voltag":69,"Owner":"SDG&E","COUNTY":"San Diego County","Status":"Operational"},"geometry":{"type":"Point","coordinates":[-117.134217782353,33.0211697193812]}},{"type":"Feature","properties":{"Name":"Eastgate","Max_Voltag":69,"Owner":"SDG&E","COUNTY":"San Diego County","Status":"Operational"},"geometry":{"type":"Point","coordinates":[-117.200838450012,32.8848515347557]}},{"type":"Feature","properties":{"Name":"Grant Hill","Max_Voltag":138,"Owner":"SDG&E","COUNTY":"San Diego County","Status":"Operational"},"geometry":{"type":"Point","coordinates":[-117.130813914825,32.7126481955143]}},{"type":"Feature","properties":{"Name":"Otay Mesa","Max_Voltag":230,"Owner":"SDG&E","COUNTY":"San Diego County","Status":"Operational"},"geometry":{"type":"Point","coordinates":[-116.911321320798,32.5741325813788]}},{"type":"Feature","properties":{"Name":"Second Imperial Geothermal","Max_Voltag":0,"Owner":"IID","COUNTY":"Imperial County","Status":"Operational"},"geometry":{"type":"Point","coordinates":[-115.538355477073,32.7672401433703]}},{"type":"Feature","properties":{"Name":"Terminal Station","Max_Voltag":92,"Owner":"IID","COUNTY":"Imperial County","Status":"Operational"},"geometry":{"type":"Point","coordinates":[-115.549429363517,32.7956585839974]}},{"type":"Feature","properties":{"Name":"Aten","Max_Voltag":0,"Owner":"IID","COUNTY":"Imperial County","Status":"Operational"},"geometry":{"type":"Point","coordinates":[-115.510246333942,32.8201795820521]}},{"type":"Feature","properties":{"Name":"Gateway","Max_Voltag":92,"Owner":"IID","COUNTY":"Imperial County","Status":"Operational"},"geometry":{"type":"Point","coordinates":[-115.373013222371,32.6754613601309]}},{"type":"Feature","properties":{"Name":"Salton Sea 5","Max_Voltag":92,"Owner":"IID","COUNTY":"Imperial County","Status":"Operational"},"geometry":{"type":"Point","coordinates":[-115.639604021418,33.1537181296399]}},{"type":"Feature","properties":{"Name":"Finance","Max_Voltag":66,"Owner":"SCE","COUNTY":"Los Angeles County","Status":"Operational"},"geometry":{"type":"Point","coordinates":[-117.979945543315,34.0994934550561]}},{"type":"Feature","properties":{"Name":"Badillo","Max_Voltag":66,"Owner":"SCE","COUNTY":"Los Angeles County","Status":"Operational"},"geometry":{"type":"Point","coordinates":[-117.926107174515,34.0822219040595]}},{"type":"Feature","properties":{"Name":"Duarte","Max_Voltag":66,"Owner":"SCE","COUNTY":"Los Angeles County","Status":"Operational"},"geometry":{"type":"Point","coordinates":[-117.965769475057,34.1386651882177]}},{"type":"Feature","properties":{"Name":"Monrovia","Max_Voltag":66,"Owner":"SCE","COUNTY":"Los Angeles County","Status":"Operational"},"geometry":{"type":"Point","coordinates":[-118.002821823847,34.1430044705733]}},{"type":"Feature","properties":{"Name":"Mayflower","Max_Voltag":66,"Owner":"SCE","COUNTY":"Los Angeles County","Status":"Operational"},"geometry":{"type":"Point","coordinates":[-118.008014971029,34.1184451373023]}},{"type":"Feature","properties":{"Name":"Sierra Madre","Max_Voltag":66,"Owner":"SCE","COUNTY":"Los Angeles County","Status":"Operational"},"geometry":{"type":"Point","coordinates":[-118.054554899151,34.1582452575557]}},{"type":"Feature","properties":{"Name":"Michillinda","Max_Voltag":66,"Owner":"SCE","COUNTY":"Los Angeles County","Status":"Operational"},"geometry":{"type":"Point","coordinates":[-118.067465842147,34.128547659388]}},{"type":"Feature","properties":{"Name":"Temple","Max_Voltag":0,"Owner":"SCE","COUNTY":"Los Angeles County","Status":"Operational"},"geometry":{"type":"Point","coordinates":[-118.068268486853,34.1061790736485]}},{"type":"Feature","properties":{"Name":"Ivar","Max_Voltag":66,"Owner":"SCE","COUNTY":"Los Angeles County","Status":"Operational"},"geometry":{"type":"Point","coordinates":[-118.075969400627,34.0881554004829]}},{"type":"Feature","properties":{"Name":"San Marino","Max_Voltag":0,"Owner":"SCE","COUNTY":"Los Angeles County","Status":"Low kV"},"geometry":{"type":"Point","coordinates":[-118.099343022636,34.1280897546114]}},{"type":"Feature","properties":{"Name":"Hoyt","Max_Voltag":66,"Owner":"SCE","COUNTY":"Los Angeles County","Status":"Operational"},"geometry":{"type":"Point","coordinates":[-118.048872752246,34.052158520822]}},{"type":"Feature","properties":{"Name":"Sangar","Max_Voltag":0,"Owner":"SCE","COUNTY":"Los Angeles County","Status":"Operational"},"geometry":{"type":"Point","coordinates":[-118.165435619248,34.1121676406023]}},{"type":"Feature","properties":{"Name":"Bartolo","Max_Voltag":66,"Owner":"SCE","COUNTY":"Los Angeles County","Status":"Operational"},"geometry":{"type":"Point","coordinates":[-118.078225271529,34.0019035927803]}},{"type":"Feature","properties":{"Name":"Harding","Max_Voltag":66,"Owner":"SCE","COUNTY":"Los Angeles County","Status":"Operational"},"geometry":{"type":"Point","coordinates":[-118.105323513521,34.0205938577985]}},{"type":"Feature","properties":{"Name":"Montebello","Max_Voltag":66,"Owner":"SCE","COUNTY":"Los Angeles County","Status":"Operational"},"geometry":{"type":"Point","coordinates":[-118.121664296137,34.0060942517065]}},{"type":"Feature","properties":{"Name":"Friendly Hills","Max_Voltag":66,"Owner":"SCE","COUNTY":"Los Angeles County","Status":"Operational"},"geometry":{"type":"Point","coordinates":[-118.006673668631,33.9480191727208]}},{"type":"Feature","properties":{"Name":"Floraday","Max_Voltag":66,"Owner":"SCE","COUNTY":"Los Angeles County","Status":"Operational"},"geometry":{"type":"Point","coordinates":[-118.094207169104,33.9355064731989]}},{"type":"Feature","properties":{"Name":"Woodruff","Max_Voltag":66,"Owner":"SCE","COUNTY":"Los Angeles County","Status":"Operational"},"geometry":{"type":"Point","coordinates":[-118.118470259788,33.8997337735429]}},{"type":"Feature","properties":{"Name":"Siggen","Max_Voltag":66,"Owner":"SCE","COUNTY":"Los Angeles County","Status":"Operational"},"geometry":{"type":"Point","coordinates":[-118.067697801526,33.9245188549493]}},{"type":"Feature","properties":{"Name":"Westgate","Max_Voltag":66,"Owner":"SCE","COUNTY":"Los Angeles County","Status":"Operational"},"geometry":{"type":"Point","coordinates":[-118.064896444839,33.9900536908228]}},{"type":"Feature","properties":{"Name":"Ringmill","Max_Voltag":0,"Owner":"SCE","COUNTY":"Los Angeles County","Status":"Operational"},"geometry":{"type":"Point","coordinates":[-118.163862963833,33.8932064751988]}},{"type":"Feature","properties":{"Name":"Terrace","Max_Voltag":66,"Owner":"SCE","COUNTY":"Los Angeles County","Status":"Operational"},"geometry":{"type":"Point","coordinates":[-118.182251377087,34.0574664066007]}},{"type":"Feature","properties":{"Name":"Belvedere","Max_Voltag":66,"Owner":"SCE","COUNTY":"Los Angeles County","Status":"Operational"},"geometry":{"type":"Point","coordinates":[-118.178990789948,34.0365348873415]}},{"type":"Feature","properties":{"Name":"Bicknell","Max_Voltag":66,"Owner":"SCE","COUNTY":"Los Angeles County","Status":"Operational"},"geometry":{"type":"Point","coordinates":[-118.162613870803,34.0335411398517]}},{"type":"Feature","properties":{"Name":"Amalia","Max_Voltag":66,"Owner":"SCE","COUNTY":"Los Angeles County","Status":"Operational"},"geometry":{"type":"Point","coordinates":[-118.154649847669,34.0244108355329]}},{"type":"Feature","properties":{"Name":"Maywood","Max_Voltag":66,"Owner":"SCE","COUNTY":"Los Angeles County","Status":"Operational"},"geometry":{"type":"Point","coordinates":[-118.186158983894,33.9810605525926]}},{"type":"Feature","properties":{"Name":"Naomi","Max_Voltag":0,"Owner":"SCE","COUNTY":"Los Angeles County","Status":"Operational"},"geometry":{"type":"Point","coordinates":[-118.248004894713,33.9755578525491]}},{"type":"Feature","properties":{"Name":"Plaster","Max_Voltag":66,"Owner":"SCE","COUNTY":"Los Angeles County","Status":"Operational"},"geometry":{"type":"Point","coordinates":[-118.18997345517,33.956776026046]}},{"type":"Feature","properties":{"Name":"Schultz","Max_Voltag":66,"Owner":"SCE","COUNTY":"Los Angeles County","Status":"Operational"},"geometry":{"type":"Point","coordinates":[-118.177445169332,33.9534776210288]}},{"type":"Feature","properties":{"Name":"Velasco","Max_Voltag":0,"Owner":"SCE","COUNTY":"Los Angeles County","Status":"Operational"},"geometry":{"type":"Point","coordinates":[-118.166083620774,33.9464122392414]}},{"type":"Feature","properties":{"Name":"Shred","Max_Voltag":0,"Owner":"SCE","COUNTY":"Los Angeles County","Status":"Operational"},"geometry":{"type":"Point","coordinates":[-118.175003209724,33.945343689706]}},{"type":"Feature","properties":{"Name":"Graham","Max_Voltag":0,"Owner":"SCE","COUNTY":"Los Angeles County","Status":"Operational"},"geometry":{"type":"Point","coordinates":[-118.236915127852,33.958666854283]}},{"type":"Feature","properties":{"Name":"South Gate","Max_Voltag":66,"Owner":"SCE","COUNTY":"Los Angeles County","Status":"Operational"},"geometry":{"type":"Point","coordinates":[-118.213068993801,33.9471032821831]}},{"type":"Feature","properties":{"Name":"Lynwood","Max_Voltag":66,"Owner":"SCE","COUNTY":"Los Angeles County","Status":"Operational"},"geometry":{"type":"Point","coordinates":[-118.212796583284,33.9270996782637]}},{"type":"Feature","properties":{"Name":"Brewster","Max_Voltag":0,"Owner":"SCE","COUNTY":"Los Angeles County","Status":"Operational"},"geometry":{"type":"Point","coordinates":[-118.188008523436,33.920663641045]}},{"type":"Feature","properties":{"Name":"Athens","Max_Voltag":0,"Owner":"SCE","COUNTY":"Los Angeles County","Status":"Operational"},"geometry":{"type":"Point","coordinates":[-118.238564346679,33.9164961338225]}},{"type":"Feature","properties":{"Name":"Longdon","Max_Voltag":66,"Owner":"SCE","COUNTY":"Los Angeles County","Status":"Operational"},"geometry":{"type":"Point","coordinates":[-118.195695323779,33.8817718215201]}},{"type":"Feature","properties":{"Name":"Hedda","Max_Voltag":66,"Owner":"SCE","COUNTY":"Los Angeles County","Status":"Operational"},"geometry":{"type":"Point","coordinates":[-118.117630437405,33.8668021328464]}},{"type":"Feature","properties":{"Name":"Hopeful","Max_Voltag":66,"Owner":"SCE","COUNTY":"Los Angeles County","Status":"Operational"},"geometry":{"type":"Point","coordinates":[-117.973110845325,34.1258706013534]}},{"type":"Feature","properties":{"Name":"Fair Oaks","Max_Voltag":0,"Owner":"SCE","COUNTY":"Los Angeles County","Status":"Operational"},"geometry":{"type":"Point","coordinates":[-118.148411926573,34.1914779294056]}},{"type":"Feature","properties":{"Name":"Station 67","Max_Voltag":66,"Owner":"LADWP","COUNTY":"Los Angeles County","Status":"Operational"},"geometry":{"type":"Point","coordinates":[-118.388532035006,34.2227208533156]}},{"type":"Feature","properties":{"Name":"Unknown","Max_Voltag":66,"Owner":"SCE","COUNTY":"Los Angeles County","Status":"Operational"},"geometry":{"type":"Point","coordinates":[-118.334895310139,34.1885155468559]}},{"type":"Feature","properties":{"Name":"Unknown","Max_Voltag":66,"Owner":"Other","COUNTY":"Los Angeles County","Status":"Operational"},"geometry":{"type":"Point","coordinates":[-118.267103960698,34.1580969835073]}},{"type":"Feature","properties":{"Name":"Air Way (Glendale)","Max_Voltag":230,"Owner":"LADWP","COUNTY":"Los Angeles County","Status":"Operational"},"geometry":{"type":"Point","coordinates":[-118.280191334612,34.1577919217754]}},{"type":"Feature","properties":{"Name":"Unknown","Max_Voltag":66,"Owner":"Other","COUNTY":"Los Angeles County","Status":"Operational"},"geometry":{"type":"Point","coordinates":[-118.260847640308,34.1464974284015]}},{"type":"Feature","properties":{"Name":"Unknown","Max_Voltag":66,"Owner":"SCE","COUNTY":"Los Angeles County","Status":"Operational"},"geometry":{"type":"Point","coordinates":[-118.267733015857,34.1131224881955]}},{"type":"Feature","properties":{"Name":"Unknown","Max_Voltag":66,"Owner":"SCE","COUNTY":"Los Angeles County","Status":"Operational"},"geometry":{"type":"Point","coordinates":[-118.226235227221,34.1207001864339]}},{"type":"Feature","properties":{"Name":"Unknown","Max_Voltag":66,"Owner":"SCE","COUNTY":"Los Angeles County","Status":"Operational"},"geometry":{"type":"Point","coordinates":[-118.214420030344,34.0867326679789]}},{"type":"Feature","properties":{"Name":"Unknown","Max_Voltag":66,"Owner":"SCE","COUNTY":"Los Angeles County","Status":"Operational"},"geometry":{"type":"Point","coordinates":[-118.189382915278,34.1139390562877]}},{"type":"Feature","properties":{"Name":"Compton","Max_Voltag":0,"Owner":"SCE","COUNTY":"Los Angeles County","Status":"Operational"},"geometry":{"type":"Point","coordinates":[-118.224720774551,33.8974341016836]}},{"type":"Feature","properties":{"Name":"Carbonic","Max_Voltag":66,"Owner":"SCE","COUNTY":"Los Angeles County","Status":"Operational"},"geometry":{"type":"Point","coordinates":[-118.239317706215,33.8240130811657]}},{"type":"Feature","properties":{"Name":"Davidson City","Max_Voltag":66,"Owner":"SCE","COUNTY":"Los Angeles County","Status":"Operational"},"geometry":{"type":"Point","coordinates":[-118.214095317216,33.8315197347035]}},{"type":"Feature","properties":{"Name":"Locust","Max_Voltag":66,"Owner":"SCE","COUNTY":"Los Angeles County","Status":"Operational"},"geometry":{"type":"Point","coordinates":[-118.191583062784,33.7832008603135]}},{"type":"Feature","properties":{"Name":"Fairfax","Max_Voltag":66,"Owner":"SCE","COUNTY":"Los Angeles County","Status":"Operational"},"geometry":{"type":"Point","coordinates":[-118.360873818299,34.0899499817664]}},{"type":"Feature","properties":{"Name":"Pearl","Max_Voltag":0,"Owner":"SCE","COUNTY":"Los Angeles County","Status":"Operational"},"geometry":{"type":"Point","coordinates":[-118.458565033221,34.0216722130054]}},{"type":"Feature","properties":{"Name":"Papermate","Max_Voltag":66,"Owner":"SCE","COUNTY":"Los Angeles County","Status":"Operational"},"geometry":{"type":"Point","coordinates":[-118.465984449121,34.0297649085154]}},{"type":"Feature","properties":{"Name":"Sony","Max_Voltag":0,"Owner":"SCE","COUNTY":"Los Angeles County","Status":"Operational"},"geometry":{"type":"Point","coordinates":[-118.402203378534,34.0150476902666]}},{"type":"Feature","properties":{"Name":"MWD Venice","Max_Voltag":66,"Owner":"SCE","COUNTY":"Los Angeles County","Status":"Operational"},"geometry":{"type":"Point","coordinates":[-118.416411700803,34.0114428527886]}},{"type":"Feature","properties":{"Name":"Northrop","Max_Voltag":66,"Owner":"SCE","COUNTY":"Los Angeles County","Status":"Operational"},"geometry":{"type":"Point","coordinates":[-118.335513209121,33.9205624403943]}},{"type":"Feature","properties":{"Name":"Lawndale","Max_Voltag":0,"Owner":"SCE","COUNTY":"Los Angeles County","Status":"Operational"},"geometry":{"type":"Point","coordinates":[-118.357866258728,33.894908584582]}},{"type":"Feature","properties":{"Name":"Wesbasin","Max_Voltag":66,"Owner":"SCE","COUNTY":"Los Angeles County","Status":"Operational"},"geometry":{"type":"Point","coordinates":[-118.390861577642,33.9095187548763]}},{"type":"Feature","properties":{"Name":"Chevcentral","Max_Voltag":66,"Owner":"SCE","COUNTY":"Los Angeles County","Status":"Operational"},"geometry":{"type":"Point","coordinates":[-118.411522197661,33.9093733645765]}},{"type":"Feature","properties":{"Name":"El Porto","Max_Voltag":66,"Owner":"SCE","COUNTY":"Los Angeles County","Status":"Operational"},"geometry":{"type":"Point","coordinates":[-118.409894162007,33.895300762852]}},{"type":"Feature","properties":{"Name":"Perry","Max_Voltag":0,"Owner":"SCE","COUNTY":"Los Angeles County","Status":"Operational"},"geometry":{"type":"Point","coordinates":[-118.348355432794,33.8659850221454]}},{"type":"Feature","properties":{"Name":"Redondo","Max_Voltag":66,"Owner":"SCE","COUNTY":"Los Angeles County","Status":"Operational"},"geometry":{"type":"Point","coordinates":[-118.38782896765,33.8482886898119]}},{"type":"Feature","properties":{"Name":"Vapor","Max_Voltag":66,"Owner":"SCE","COUNTY":"Los Angeles County","Status":"Operational"},"geometry":{"type":"Point","coordinates":[-118.33005293621,33.8481665477562]}},{"type":"Feature","properties":{"Name":"Bluff Cove","Max_Voltag":0,"Owner":"SCE","COUNTY":"Los Angeles County","Status":"Operational"},"geometry":{"type":"Point","coordinates":[-118.387341864272,33.7796621536522]}},{"type":"Feature","properties":{"Name":"Unknown","Max_Voltag":0,"Owner":"SCE","COUNTY":"Los Angeles County","Status":"Operational"},"geometry":{"type":"Point","coordinates":[-118.384635570003,33.8990937433839]}},{"type":"Feature","properties":{"Name":"Canandaiqua Winery","Max_Voltag":60,"Owner":"Other","COUNTY":"Madera County","Status":"Operational"},"geometry":{"type":"Point","coordinates":[-120.107054352497,36.9281714852153]}},{"type":"Feature","properties":{"Name":"Schuller","Max_Voltag":0,"Owner":"Other","COUNTY":"Glenn County","Status":"Operational"},"geometry":{"type":"Point","coordinates":[-122.260969297592,39.5367020653862]}},{"type":"Feature","properties":{"Name":"Arkansas","Max_Voltag":230,"Owner":"PG&E","COUNTY":"Colusa County","Status":"Operational"},"geometry":{"type":"Point","coordinates":[-122.263843662159,39.3652823116744]}},{"type":"Feature","properties":{"Name":"Arkansas","Max_Voltag":161,"Owner":"IID","COUNTY":"Imperial County","Status":"Operational"},"geometry":{"type":"Point","coordinates":[-115.467896442055,33.1340664323302]}},{"type":"Feature","properties":{"Name":"Cal-Sierra","Max_Voltag":60,"Owner":"Other","COUNTY":"Yuba County","Status":"Operational"},"geometry":{"type":"Point","coordinates":[-121.44219059181,39.1944326555198]}},{"type":"Feature","properties":{"Name":"Processing Site","Max_Voltag":115,"Owner":"Other","COUNTY":"Lake County","Status":"Operational"},"geometry":{"type":"Point","coordinates":[-122.43318395078,38.8741397605417]}},{"type":"Feature","properties":{"Name":"Sacramento Mail (Postal Service)","Max_Voltag":0,"Owner":"Other","COUNTY":"Yolo County","Status":"Operational"},"geometry":{"type":"Point","coordinates":[-121.568841216059,38.5675322172264]}},{"type":"Feature","properties":{"Name":"Formica","Max_Voltag":0,"Owner":"Other","COUNTY":"Placer County","Status":"Operational"},"geometry":{"type":"Point","coordinates":[-121.308223140165,38.8227110453493]}},{"type":"Feature","properties":{"Name":"Sierra Pine","Max_Voltag":0,"Owner":"Other","COUNTY":"Placer County","Status":"Operational"},"geometry":{"type":"Point","coordinates":[-121.21746371854,38.8009272171925]}},{"type":"Feature","properties":{"Name":"Michigan Cal","Max_Voltag":0,"Owner":"Other","COUNTY":"El Dorado County","Status":"Operational"},"geometry":{"type":"Point","coordinates":[-120.677525085407,38.7401975400153]}},{"type":"Feature","properties":{"Name":"Pw Pipe","Max_Voltag":60,"Owner":"Other","COUNTY":"El Dorado County","Status":"Operational"},"geometry":{"type":"Point","coordinates":[-120.965479749694,38.6532645286572]}},{"type":"Feature","properties":{"Name":"Santa Rosa B","Max_Voltag":0,"Owner":"PG&E","COUNTY":"Sonoma County","Status":"Operational"},"geometry":{"type":"Point","coordinates":[-122.709006797086,38.4402615781546]}},{"type":"Feature","properties":{"Name":"Oakmont North","Max_Voltag":230,"Owner":"PG&E","COUNTY":"Sonoma County","Status":"Operational"},"geometry":{"type":"Point","coordinates":[-122.583813770235,38.4428257857683]}},{"type":"Feature","properties":{"Name":"Oakmont South","Max_Voltag":230,"Owner":"PG&E","COUNTY":"Sonoma County","Status":"Operational"},"geometry":{"type":"Point","coordinates":[-122.593343474264,38.4288565245889]}},{"type":"Feature","properties":{"Name":"Parkway","Max_Voltag":230,"Owner":"PG&E","COUNTY":"Solano County","Status":"Operational"},"geometry":{"type":"Point","coordinates":[-122.209110477911,38.1381891898306]}},{"type":"Feature","properties":{"Name":"Vallejo B","Max_Voltag":0,"Owner":"PG&E","COUNTY":"Solano County","Status":"Operational"},"geometry":{"type":"Point","coordinates":[-122.241224877416,38.1065196848947]}},{"type":"Feature","properties":{"Name":"Vallejo C","Max_Voltag":0,"Owner":"PG&E","COUNTY":"Solano County","Status":"Operational"},"geometry":{"type":"Point","coordinates":[-122.253172204794,38.0984747092614]}},{"type":"Feature","properties":{"Name":"Crockett","Max_Voltag":0,"Owner":"PG&E","COUNTY":"Contra Costa County","Status":"Operational"},"geometry":{"type":"Point","coordinates":[-122.221699305708,38.0485891259121]}},{"type":"Feature","properties":{"Name":"Liquid Carbonic Inc.","Max_Voltag":0,"Owner":"Other","COUNTY":"Solano County","Status":"Operational"},"geometry":{"type":"Point","coordinates":[-121.953598652468,38.4079681909098]}},{"type":"Feature","properties":{"Name":"Rio Vista","Max_Voltag":0,"Owner":"PG&E","COUNTY":"Solano County","Status":"Low kV"},"geometry":{"type":"Point","coordinates":[-121.696500101297,38.1600497177397]}},{"type":"Feature","properties":{"Name":"Sebastini Winery (Nathanson)","Max_Voltag":60,"Owner":"Other","COUNTY":"San Joaquin County","Status":"Operational"},"geometry":{"type":"Point","coordinates":[-121.387947946996,38.1382755883623]}},{"type":"Feature","properties":{"Name":"Woodbridge Winery","Max_Voltag":60,"Owner":"Other","COUNTY":"San Joaquin County","Status":"Operational"},"geometry":{"type":"Point","coordinates":[-121.245420996083,38.1526282281732]}},{"type":"Feature","properties":{"Name":"Trans Bay Cable","Max_Voltag":0,"Owner":"PG&E","COUNTY":"Contra Costa County","Status":"Operational"},"geometry":{"type":"Point","coordinates":[-121.850871746169,38.0186169128863]}},{"type":"Feature","properties":{"Name":"Sausalito Meter","Max_Voltag":0,"Owner":"PG&E","COUNTY":"Marin County","Status":"Operational"},"geometry":{"type":"Point","coordinates":[-122.478584166537,37.8398421487851]}},{"type":"Feature","properties":{"Name":"Msc","Max_Voltag":115,"Owner":"Other","COUNTY":"Contra Costa County","Status":"Operational"},"geometry":{"type":"Point","coordinates":[-122.350620737146,37.9956775772732]}},{"type":"Feature","properties":{"Name":"Brookside","Max_Voltag":60,"Owner":"PG&E","COUNTY":"Contra Costa County","Status":"Operational"},"geometry":{"type":"Point","coordinates":[-122.347410620953,37.9620956570387]}},{"type":"Feature","properties":{"Name":"Standard Oil 6","Max_Voltag":115,"Owner":"Other","COUNTY":"Contra Costa County","Status":"Operational"},"geometry":{"type":"Point","coordinates":[-122.398745542261,37.9469161797045]}},{"type":"Feature","properties":{"Name":"Mira Vista","Max_Voltag":60,"Owner":"PG&E","COUNTY":"Contra Costa County","Status":"Operational"},"geometry":{"type":"Point","coordinates":[-122.324622900834,37.9385507510526]}},{"type":"Feature","properties":{"Name":"Richmond Q","Max_Voltag":60,"Owner":"PG&E","COUNTY":"Contra Costa County","Status":"Operational"},"geometry":{"type":"Point","coordinates":[-122.337350616258,37.9250134330885]}},{"type":"Feature","properties":{"Name":"Virginia","Max_Voltag":60,"Owner":"PG&E","COUNTY":"Contra Costa County","Status":"Operational"},"geometry":{"type":"Point","coordinates":[-122.359391384523,37.9247241040072]}},{"type":"Feature","properties":{"Name":"Waldo","Max_Voltag":60,"Owner":"PG&E","COUNTY":"Contra Costa County","Status":"Operational"},"geometry":{"type":"Point","coordinates":[-122.306877626525,37.9094259386762]}},{"type":"Feature","properties":{"Name":"Oak","Max_Voltag":60,"Owner":"PG&E","COUNTY":"Contra Costa County","Status":"Operational"},"geometry":{"type":"Point","coordinates":[-122.286300958561,37.9018833623264]}},{"type":"Feature","properties":{"Name":"Fairmont","Max_Voltag":60,"Owner":"PG&E","COUNTY":"Contra Costa County","Status":"Operational"},"geometry":{"type":"Point","coordinates":[-122.296629943106,37.9022321999347]}},{"type":"Feature","properties":{"Name":"Solano","Max_Voltag":60,"Owner":"PG&E","COUNTY":"Alameda County","Status":"Operational"},"geometry":{"type":"Point","coordinates":[-122.292209737835,37.8908588015765]}},{"type":"Feature","properties":{"Name":"Ridge","Max_Voltag":0,"Owner":"PG&E","COUNTY":"Alameda County","Status":"Operational"},"geometry":{"type":"Point","coordinates":[-122.255105730526,37.8849824720675]}},{"type":"Feature","properties":{"Name":"Arlington","Max_Voltag":60,"Owner":"PG&E","COUNTY":"Alameda County","Status":"Operational"},"geometry":{"type":"Point","coordinates":[-122.272939043326,37.8889242765857]}},{"type":"Feature","properties":{"Name":"Hillside","Max_Voltag":115,"Owner":"Other","COUNTY":"Alameda County","Status":"Operational"},"geometry":{"type":"Point","coordinates":[-122.245389806636,37.8758718377048]}},{"type":"Feature","properties":{"Name":"Berkeley F","Max_Voltag":0,"Owner":"PG&E","COUNTY":"Alameda County","Status":"Operational"},"geometry":{"type":"Point","coordinates":[-122.278169111267,37.8724295684867]}},{"type":"Feature","properties":{"Name":"Berkeley T","Max_Voltag":0,"Owner":"Other","COUNTY":"Alameda County","Status":"Operational"},"geometry":{"type":"Point","coordinates":[-122.258961287149,37.8639587162393]}},{"type":"Feature","properties":{"Name":"Stuart","Max_Voltag":60,"Owner":"PG&E","COUNTY":"Alameda County","Status":"Operational"},"geometry":{"type":"Point","coordinates":[-122.268687452732,37.8580446531469]}},{"type":"Feature","properties":{"Name":"Russell","Max_Voltag":60,"Owner":"Other","COUNTY":"Alameda County","Status":"Operational"},"geometry":{"type":"Point","coordinates":[-122.279666917256,37.8544867017006]}},{"type":"Feature","properties":{"Name":"Oakland P","Max_Voltag":0,"Owner":"PG&E","COUNTY":"Alameda County","Status":"Operational"},"geometry":{"type":"Point","coordinates":[-122.328728034595,37.8210199492965]}},{"type":"Feature","properties":{"Name":"Cuthbertson","Max_Voltag":0,"Owner":"Other","COUNTY":"Alameda County","Status":"Operational"},"geometry":{"type":"Point","coordinates":[-122.312706695589,37.8090532654199]}},{"type":"Feature","properties":{"Name":"Schnitzer Steel","Max_Voltag":0,"Owner":"Other","COUNTY":"Alameda County","Status":"Operational"},"geometry":{"type":"Point","coordinates":[-122.288450695308,37.7985320429422]}},{"type":"Feature","properties":{"Name":"Florence","Max_Voltag":0,"Owner":"PG&E","COUNTY":"Alameda County","Status":"Operational"},"geometry":{"type":"Point","coordinates":[-122.220004557568,37.8363203073096]}},{"type":"Feature","properties":{"Name":"Geary","Max_Voltag":60,"Owner":"PG&E","COUNTY":"Contra Costa County","Status":"Operational"},"geometry":{"type":"Point","coordinates":[-122.074943599375,37.9266152002515]}},{"type":"Feature","properties":{"Name":"Pleasant Hill","Max_Voltag":60,"Owner":"PG&E","COUNTY":"Contra Costa County","Status":"Operational"},"geometry":{"type":"Point","coordinates":[-122.082113564799,37.9388042485835]}},{"type":"Feature","properties":{"Name":"Walnut Creek","Max_Voltag":0,"Owner":"PG&E","COUNTY":"Contra Costa County","Status":"Operational"},"geometry":{"type":"Point","coordinates":[-122.060960876413,37.9048020475576]}},{"type":"Feature","properties":{"Name":"Saranap","Max_Voltag":0,"Owner":"PG&E","COUNTY":"Contra Costa County","Status":"Operational"},"geometry":{"type":"Point","coordinates":[-122.073728322526,37.8951041380445]}},{"type":"Feature","properties":{"Name":"Lawndale","Max_Voltag":0,"Owner":"PG&E","COUNTY":"San Mateo County","Status":"Operational"},"geometry":{"type":"Point","coordinates":[-122.442594584017,37.6625236960187]}},{"type":"Feature","properties":{"Name":"Shaw Road","Max_Voltag":0,"Owner":"Other","COUNTY":"San Mateo County","Status":"Operational"},"geometry":{"type":"Point","coordinates":[-122.406495239946,37.6351385177437]}},{"type":"Feature","properties":{"Name":"San Andreas","Max_Voltag":60,"Owner":"PG&E","COUNTY":"San Mateo County","Status":"Operational"},"geometry":{"type":"Point","coordinates":[-122.42315894355,37.6040310179509]}},{"type":"Feature","properties":{"Name":"Santa Paula","Max_Voltag":115,"Owner":"Other","COUNTY":"San Mateo County","Status":"Operational"},"geometry":{"type":"Point","coordinates":[-122.392530731225,37.6058202338994]}},{"type":"Feature","properties":{"Name":"Ma","Max_Voltag":0,"Owner":"Other","COUNTY":"San Mateo County","Status":"Operational"},"geometry":{"type":"Point","coordinates":[-122.391040075825,37.6081044346168]}},{"type":"Feature","properties":{"Name":"Oracle","Max_Voltag":0,"Owner":"Other","COUNTY":"San Mateo County","Status":"Operational"},"geometry":{"type":"Point","coordinates":[-122.266730536666,37.5306284605824]}},{"type":"Feature","properties":{"Name":"Hillsdale Junction","Max_Voltag":60,"Owner":"PG&E","COUNTY":"San Mateo County","Status":"Operational"},"geometry":{"type":"Point","coordinates":[-122.356298241557,37.5250789184035]}},{"type":"Feature","properties":{"Name":"Rmc Lonestar","Max_Voltag":0,"Owner":"Other","COUNTY":"San Mateo County","Status":"Operational"},"geometry":{"type":"Point","coordinates":[-122.206253225352,37.513137172049]}},{"type":"Feature","properties":{"Name":"Ward","Max_Voltag":60,"Owner":"PG&E","COUNTY":"Alameda County","Status":"Operational"},"geometry":{"type":"Point","coordinates":[-122.161628915048,37.7223909197677]}},{"type":"Feature","properties":{"Name":"Bancroft","Max_Voltag":0,"Owner":"PG&E","COUNTY":"Alameda County","Status":"Operational"},"geometry":{"type":"Point","coordinates":[-122.155407232798,37.7398696330575]}},{"type":"Feature","properties":{"Name":"Domtar 2","Max_Voltag":115,"Owner":"Other","COUNTY":"Alameda County","Status":"Operational"},"geometry":{"type":"Point","coordinates":[-122.177178386104,37.7069847414659]}},{"type":"Feature","properties":{"Name":"San Lorenzo","Max_Voltag":60,"Owner":"PG&E","COUNTY":"Alameda County","Status":"Operational"},"geometry":{"type":"Point","coordinates":[-122.126256357449,37.6802100708082]}},{"type":"Feature","properties":{"Name":"Cherry","Max_Voltag":60,"Owner":"PG&E","COUNTY":"Alameda County","Status":"Operational"},"geometry":{"type":"Point","coordinates":[-122.143926879349,37.7158139510687]}},{"type":"Feature","properties":{"Name":"Hayward O","Max_Voltag":60,"Owner":"PG&E","COUNTY":"Alameda County","Status":"Operational"},"geometry":{"type":"Point","coordinates":[-122.102188678187,37.6863890997157]}},{"type":"Feature","properties":{"Name":"Soto","Max_Voltag":0,"Owner":"PG&E","COUNTY":"Alameda County","Status":"Operational"},"geometry":{"type":"Point","coordinates":[-122.084997586256,37.6685112890982]}},{"type":"Feature","properties":{"Name":"Parsons","Max_Voltag":0,"Owner":"PG&E","COUNTY":"Alameda County","Status":"Operational"},"geometry":{"type":"Point","coordinates":[-122.082799494994,37.7018707705694]}},{"type":"Feature","properties":{"Name":"Technical Ecological Services","Max_Voltag":230,"Owner":"PG&E","COUNTY":"Contra Costa County","Status":"Operational"},"geometry":{"type":"Point","coordinates":[-121.967680800965,37.7821214754921]}},{"type":"Feature","properties":{"Name":"Tosco Byron Pumping","Max_Voltag":60,"Owner":"Other","COUNTY":"Alameda County","Status":"Operational"},"geometry":{"type":"Point","coordinates":[-121.631748404639,37.7828964494904]}},{"type":"Feature","properties":{"Name":"Westside","Max_Voltag":0,"Owner":"PG&E","COUNTY":"San Joaquin County","Status":"Operational"},"geometry":{"type":"Point","coordinates":[-121.51762692951,37.7768338040512]}},{"type":"Feature","properties":{"Name":"Unknown","Max_Voltag":0,"Owner":"PG&E","COUNTY":"Alameda County","Status":"Operational"},"geometry":{"type":"Point","coordinates":[-121.804358957051,37.7521494954549]}},{"type":"Feature","properties":{"Name":"Western Digital","Max_Voltag":0,"Owner":"Other","COUNTY":"Alameda County","Status":"Operational"},"geometry":{"type":"Point","coordinates":[-121.94445020692,37.5124472799554]}},{"type":"Feature","properties":{"Name":"Newark Distribution","Max_Voltag":230,"Owner":"PG&E","COUNTY":"Alameda County","Status":"Operational"},"geometry":{"type":"Point","coordinates":[-121.981716942245,37.5028039042382]}},{"type":"Feature","properties":{"Name":"Unknown","Max_Voltag":0,"Owner":"Other","COUNTY":"San Joaquin County","Status":"Operational"},"geometry":{"type":"Point","coordinates":[-121.546450071595,37.6462416078642]}},{"type":"Feature","properties":{"Name":"Van Den Bergh Foods","Max_Voltag":60,"Owner":"Other","COUNTY":"San Joaquin County","Status":"Operational"},"geometry":{"type":"Point","coordinates":[-121.268170910603,37.9704480259753]}},{"type":"Feature","properties":{"Name":"Ragu","Max_Voltag":60,"Owner":"PG&E","COUNTY":"San Joaquin County","Status":"Operational"},"geometry":{"type":"Point","coordinates":[-121.268696537334,37.9681064817257]}},{"type":"Feature","properties":{"Name":"Newark-Sierra-Paperbroad","Max_Voltag":115,"Owner":"PG&E","COUNTY":"San Joaquin County","Status":"Operational"},"geometry":{"type":"Point","coordinates":[-121.301189495882,37.9431614641618]}},{"type":"Feature","properties":{"Name":"Jm Manufacturing","Max_Voltag":0,"Owner":"Other","COUNTY":"San Joaquin County","Status":"Operational"},"geometry":{"type":"Point","coordinates":[-121.260731620375,37.9048709492686]}},{"type":"Feature","properties":{"Name":"Libbey Owens Ford","Max_Voltag":0,"Owner":"Other","COUNTY":"San Joaquin County","Status":"Operational"},"geometry":{"type":"Point","coordinates":[-121.288077151498,37.8082781668934]}},{"type":"Feature","properties":{"Name":"Granite Vernallis","Max_Voltag":0,"Owner":"Other","COUNTY":"San Joaquin County","Status":"Operational"},"geometry":{"type":"Point","coordinates":[-121.360097866315,37.6132388714678]}},{"type":"Feature","properties":{"Name":"Sierra Pacific Industries","Max_Voltag":0,"Owner":"Other","COUNTY":"Tuolumne County","Status":"Operational"},"geometry":{"type":"Point","coordinates":[-120.314703913551,37.964109063983]}},{"type":"Feature","properties":{"Name":"Kaiser Cement","Max_Voltag":0,"Owner":"Other","COUNTY":"Santa Clara County","Status":"Operational"},"geometry":{"type":"Point","coordinates":[-122.092671064583,37.3151945786245]}},{"type":"Feature","properties":{"Name":"Mathew","Max_Voltag":0,"Owner":"SVP","COUNTY":"Santa Clara County","Status":"Operational"},"geometry":{"type":"Point","coordinates":[-121.945824533185,37.3630646543253]}},{"type":"Feature","properties":{"Name":"Pacheco Wind Power","Max_Voltag":230,"Owner":"PG&E","COUNTY":"Merced County","Status":"Operational"},"geometry":{"type":"Point","coordinates":[-121.010815797892,37.0414674324713]}},{"type":"Feature","properties":{"Name":"Arana","Max_Voltag":60,"Owner":"PG&E","COUNTY":"Santa Cruz County","Status":"Operational"},"geometry":{"type":"Point","coordinates":[-121.990377731054,36.9842876082288]}},{"type":"Feature","properties":{"Name":"Blaine Street","Max_Voltag":60,"Owner":"PG&E","COUNTY":"Santa Cruz County","Status":"Operational"},"geometry":{"type":"Point","coordinates":[-122.025097867415,36.9814772947926]}},{"type":"Feature","properties":{"Name":"Meder","Max_Voltag":60,"Owner":"PG&E","COUNTY":"Santa Cruz County","Status":"Operational"},"geometry":{"type":"Point","coordinates":[-122.0569675317,36.9746560502418]}},{"type":"Feature","properties":{"Name":"Cliff Drive","Max_Voltag":60,"Owner":"PG&E","COUNTY":"Santa Cruz County","Status":"Operational"},"geometry":{"type":"Point","coordinates":[-122.052492311804,36.9601442209588]}},{"type":"Feature","properties":{"Name":"Capitola","Max_Voltag":60,"Owner":"PG&E","COUNTY":"Santa Cruz County","Status":"Operational"},"geometry":{"type":"Point","coordinates":[-121.980149683909,36.9764240813182]}},{"type":"Feature","properties":{"Name":"Opal Cliffs","Max_Voltag":60,"Owner":"PG&E","COUNTY":"Santa Cruz County","Status":"Operational"},"geometry":{"type":"Point","coordinates":[-121.964654859169,36.9763305536708]}},{"type":"Feature","properties":{"Name":"Roland","Max_Voltag":60,"Owner":"PG&E","COUNTY":"Santa Cruz County","Status":"Operational"},"geometry":{"type":"Point","coordinates":[-121.973778312687,36.9647277966824]}},{"type":"Feature","properties":{"Name":"Soquel","Max_Voltag":60,"Owner":"PG&E","COUNTY":"Santa Cruz County","Status":"Operational"},"geometry":{"type":"Point","coordinates":[-121.951045676363,36.9867795910181]}},{"type":"Feature","properties":{"Name":"Seacliff","Max_Voltag":60,"Owner":"PG&E","COUNTY":"Santa Cruz County","Status":"Operational"},"geometry":{"type":"Point","coordinates":[-121.915416559021,36.9842836421933]}},{"type":"Feature","properties":{"Name":"Rio Del Mar","Max_Voltag":60,"Owner":"PG&E","COUNTY":"Santa Cruz County","Status":"Operational"},"geometry":{"type":"Point","coordinates":[-121.894299261562,36.9754694753005]}},{"type":"Feature","properties":{"Name":"Pacific Grove","Max_Voltag":60,"Owner":"PG&E","COUNTY":"Monterey County","Status":"Operational"},"geometry":{"type":"Point","coordinates":[-121.919029699874,36.6173906860986]}},{"type":"Feature","properties":{"Name":"Forest","Max_Voltag":0,"Owner":"PG&E","COUNTY":"Monterey County","Status":"Operational"},"geometry":{"type":"Point","coordinates":[-121.944280710097,36.5901183499738]}},{"type":"Feature","properties":{"Name":"Carmel","Max_Voltag":60,"Owner":"PG&E","COUNTY":"Monterey County","Status":"Operational"},"geometry":{"type":"Point","coordinates":[-121.919662880097,36.5608272482607]}},{"type":"Feature","properties":{"Name":"Santa Ana","Max_Voltag":60,"Owner":"Other","COUNTY":"San Benito County","Status":"Operational"},"geometry":{"type":"Point","coordinates":[-121.36393089319,36.8625727058759]}},{"type":"Feature","properties":{"Name":"Valley Children'S Hospital","Max_Voltag":115,"Owner":"Other","COUNTY":"Madera County","Status":"Operational"},"geometry":{"type":"Point","coordinates":[-119.824689124485,36.8795760659801]}},{"type":"Feature","properties":{"Name":"Pinedale","Max_Voltag":115,"Owner":"PG&E","COUNTY":"Fresno County","Status":"Operational"},"geometry":{"type":"Point","coordinates":[-119.80334504913,36.8499290830443]}},{"type":"Feature","properties":{"Name":"Airways","Max_Voltag":115,"Owner":"PG&E","COUNTY":"Fresno County","Status":"Operational"},"geometry":{"type":"Point","coordinates":[-119.67379977366,36.778004493429]}},{"type":"Feature","properties":{"Name":"Fresno Waste Water","Max_Voltag":0,"Owner":"Other","COUNTY":"Fresno County","Status":"Operational"},"geometry":{"type":"Point","coordinates":[-119.881070568159,36.7036765444108]}},{"type":"Feature","properties":{"Name":"Danish Creamery","Max_Voltag":0,"Owner":"Other","COUNTY":"Fresno County","Status":"Operational"},"geometry":{"type":"Point","coordinates":[-119.792711607569,36.7263607665452]}},{"type":"Feature","properties":{"Name":"Oil City","Max_Voltag":60,"Owner":"Other","COUNTY":"Fresno County","Status":"Operational"},"geometry":{"type":"Point","coordinates":[-120.367613330923,36.2379016966671]}},{"type":"Feature","properties":{"Name":"CA State Dept Of Corrections","Max_Voltag":60,"Owner":"Other","COUNTY":"Fresno County","Status":"Operational"},"geometry":{"type":"Point","coordinates":[-120.252036892257,36.133977727037]}},{"type":"Feature","properties":{"Name":"Leprino Foods","Max_Voltag":0,"Owner":"Other","COUNTY":"Kings County","Status":"Operational"},"geometry":{"type":"Point","coordinates":[-119.812286644109,36.3003639343627]}},{"type":"Feature","properties":{"Name":"Candlewick (Dixie) Yarn","Max_Voltag":60,"Owner":"Other","COUNTY":"Kings County","Status":"Operational"},"geometry":{"type":"Point","coordinates":[-119.793085492678,36.3052261419967]}},{"type":"Feature","properties":{"Name":"Leprino","Max_Voltag":60,"Owner":"Other","COUNTY":"Kings County","Status":"Operational"},"geometry":{"type":"Point","coordinates":[-119.791097614379,36.3040001756645]}},{"type":"Feature","properties":{"Name":"Grangeville","Max_Voltag":0,"Owner":"SCE","COUNTY":"Kings County","Status":"Operational"},"geometry":{"type":"Point","coordinates":[-119.691212576092,36.3206123118909]}},{"type":"Feature","properties":{"Name":"California Mens Colony","Max_Voltag":60,"Owner":"PG&E","COUNTY":"San Luis Obispo County","Status":"Operational"},"geometry":{"type":"Point","coordinates":[-120.693164106818,35.320571370621]}},{"type":"Feature","properties":{"Name":"Arco Western Energy","Max_Voltag":115,"Owner":"Other","COUNTY":"Kern County","Status":"Operational"},"geometry":{"type":"Point","coordinates":[-119.309989566558,35.2825825658915]}},{"type":"Feature","properties":{"Name":"Cal Resources Llc","Max_Voltag":0,"Owner":"Other","COUNTY":"Kern County","Status":"Operational"},"geometry":{"type":"Point","coordinates":[-118.963752399775,35.4207551023436]}},{"type":"Feature","properties":{"Name":"Bolthouse Farms","Max_Voltag":0,"Owner":"Other","COUNTY":"Kern County","Status":"Operational"},"geometry":{"type":"Point","coordinates":[-118.924909419366,35.3581371432238]}},{"type":"Feature","properties":{"Name":"Texaco Refining & Manufacturing","Max_Voltag":115,"Owner":"Other","COUNTY":"Kern County","Status":"Operational"},"geometry":{"type":"Point","coordinates":[-119.077334724037,35.3770875554372]}},{"type":"Feature","properties":{"Name":"Pentland","Max_Voltag":70,"Owner":"Other","COUNTY":"Kern County","Status":"Operational"},"geometry":{"type":"Point","coordinates":[-119.304121148589,35.0823147625555]}},{"type":"Feature","properties":{"Name":"Texaco Basic Training","Max_Voltag":70,"Owner":"Other","COUNTY":"Kern County","Status":"Operational"},"geometry":{"type":"Point","coordinates":[-119.296680226123,35.0832476713617]}},{"type":"Feature","properties":{"Name":"Pacific Pipeline Emidio","Max_Voltag":70,"Owner":"Other","COUNTY":"Kern County","Status":"Operational"},"geometry":{"type":"Point","coordinates":[-119.064427235063,35.0599803725605]}},{"type":"Feature","properties":{"Name":"Cal Water","Max_Voltag":0,"Owner":"Other","COUNTY":"Kern County","Status":"Operational"},"geometry":{"type":"Point","coordinates":[-118.900763164466,35.4220268575928]}},{"type":"Feature","properties":{"Name":"Grimmway-Malaga","Max_Voltag":0,"Owner":"Other","COUNTY":"Kern County","Status":"Operational"},"geometry":{"type":"Point","coordinates":[-118.860858074456,35.2472965130804]}},{"type":"Feature","properties":{"Name":"Unknown","Max_Voltag":0,"Owner":"SCE","COUNTY":"Kern County","Status":"Operational"},"geometry":{"type":"Point","coordinates":[-118.372502654281,35.0754575303472]}},{"type":"Feature","properties":{"Name":"Oakwind","Max_Voltag":0,"Owner":"SCE","COUNTY":"Kern County","Status":"Operational"},"geometry":{"type":"Point","coordinates":[-118.352432932581,35.0352503937436]}},{"type":"Feature","properties":{"Name":"Southwind","Max_Voltag":0,"Owner":"SCE","COUNTY":"Kern County","Status":"Operational"},"geometry":{"type":"Point","coordinates":[-118.351475511745,35.0316198805789]}},{"type":"Feature","properties":{"Name":"Garey","Max_Voltag":60,"Owner":"Other","COUNTY":"Santa Barbara County","Status":"Operational"},"geometry":{"type":"Point","coordinates":[-120.260190216473,34.8893864656602]}},{"type":"Feature","properties":{"Name":"Lompoc - Control Building","Max_Voltag":115,"Owner":"PG&E","COUNTY":"Santa Barbara County","Status":"Operational"},"geometry":{"type":"Point","coordinates":[-120.454846556038,34.6427778034327]}},{"type":"Feature","properties":{"Name":"Hatchet Ridge Wind","Max_Voltag":230,"Owner":"PG&E","COUNTY":"Shasta County","Status":"Operational"},"geometry":{"type":"Point","coordinates":[-121.796893400084,40.8902808605945]}},{"type":"Feature","properties":{"Name":"Onshore","Max_Voltag":66,"Owner":"SCE","COUNTY":"Santa Barbara County","Status":"Operational"},"geometry":{"type":"Point","coordinates":[-119.911455839201,34.4315911765446]}},{"type":"Feature","properties":{"Name":"Colegio","Max_Voltag":66,"Owner":"Other","COUNTY":"Santa Barbara County","Status":"Operational"},"geometry":{"type":"Point","coordinates":[-119.851390330885,34.419510502688]}},{"type":"Feature","properties":{"Name":"Shellsom","Max_Voltag":66,"Owner":"SCE","COUNTY":"Ventura County","Status":"Operational"},"geometry":{"type":"Point","coordinates":[-119.011856258873,34.2634314720782]}},{"type":"Feature","properties":{"Name":"Colossus","Max_Voltag":66,"Owner":"SCE","COUNTY":"Los Angeles County","Status":"Operational"},"geometry":{"type":"Point","coordinates":[-118.598789167276,34.4310957100604]}},{"type":"Feature","properties":{"Name":"Pharmacy","Max_Voltag":66,"Owner":"SCE","COUNTY":"Ventura County","Status":"Operational"},"geometry":{"type":"Point","coordinates":[-118.919451356311,34.1928658927298]}},{"type":"Feature","properties":{"Name":"Haveda","Max_Voltag":66,"Owner":"SCE","COUNTY":"Los Angeles County","Status":"Operational"},"geometry":{"type":"Point","coordinates":[-118.344445983542,33.8247101916619]}},{"type":"Feature","properties":{"Name":"Moog","Max_Voltag":66,"Owner":"SCE","COUNTY":"Los Angeles County","Status":"Operational"},"geometry":{"type":"Point","coordinates":[-118.311121566825,33.847511723398]}},{"type":"Feature","properties":{"Name":"Larder","Max_Voltag":66,"Owner":"SCE","COUNTY":"Los Angeles County","Status":"Operational"},"geometry":{"type":"Point","coordinates":[-118.215760447003,33.7962941744871]}},{"type":"Feature","properties":{"Name":"Thumsgen","Max_Voltag":66,"Owner":"SCE","COUNTY":"Los Angeles County","Status":"Operational"},"geometry":{"type":"Point","coordinates":[-118.213505919982,33.7677223652103]}},{"type":"Feature","properties":{"Name":"Santee","Max_Voltag":66,"Owner":"SCE","COUNTY":"Los Angeles County","Status":"Operational"},"geometry":{"type":"Point","coordinates":[-117.914301561763,33.9970783584304]}},{"type":"Feature","properties":{"Name":"Basta","Max_Voltag":66,"Owner":"SCE","COUNTY":"Orange County","Status":"Operational"},"geometry":{"type":"Point","coordinates":[-117.959695829775,33.869469439201]}},{"type":"Feature","properties":{"Name":"Viejo","Max_Voltag":230,"Owner":"SCE","COUNTY":"Orange County","Status":"Operational"},"geometry":{"type":"Point","coordinates":[-117.642375050204,33.6670068777246]}},{"type":"Feature","properties":{"Name":"Grizzly","Max_Voltag":0,"Owner":"PG&E","COUNTY":"Plumas County","Status":"Operational"},"geometry":{"type":"Point","coordinates":[-121.327580416996,39.9109698391207]}},{"type":"Feature","properties":{"Name":"Ralston","Max_Voltag":0,"Owner":"Other","COUNTY":"Placer County","Status":"Operational"},"geometry":{"type":"Point","coordinates":[-120.724843983135,39.0009003324574]}},{"type":"Feature","properties":{"Name":"Foothills","Max_Voltag":60,"Owner":"Other","COUNTY":"Placer County","Status":"Operational"},"geometry":{"type":"Point","coordinates":[-121.319575127054,38.7813726548568]}},{"type":"Feature","properties":{"Name":"West Plan","Max_Voltag":0,"Owner":"Other","COUNTY":"Placer County","Status":"Operational"},"geometry":{"type":"Point","coordinates":[-121.362327038387,38.7922707686339]}},{"type":"Feature","properties":{"Name":"Border","Max_Voltag":92,"Owner":"IID","COUNTY":"Imperial County","Status":"Operational"},"geometry":{"type":"Point","coordinates":[-115.436288038397,32.6700151425781]}},{"type":"Feature","properties":{"Name":"Cedarwood","Max_Voltag":0,"Owner":"SCE","COUNTY":"Orange County","Status":"Operational"},"geometry":{"type":"Point","coordinates":[-117.993784022893,33.7534953458645]}},{"type":"Feature","properties":{"Name":"El Sobrante","Max_Voltag":115,"Owner":"SCE","COUNTY":"Riverside County","Status":"Operational"},"geometry":{"type":"Point","coordinates":[-117.440701767834,33.858808235013]}},{"type":"Feature","properties":{"Name":"Orcosan","Max_Voltag":0,"Owner":"SCE","COUNTY":"Orange County","Status":"Operational"},"geometry":{"type":"Point","coordinates":[-117.942595841386,33.6872030265836]}},{"type":"Feature","properties":{"Name":"Edinger","Max_Voltag":0,"Owner":"SCE","COUNTY":"Orange County","Status":"Operational"},"geometry":{"type":"Point","coordinates":[-117.868538234392,33.7269042589651]}},{"type":"Feature","properties":{"Name":"Oneill","Max_Voltag":66,"Owner":"SCE","COUNTY":"Orange County","Status":"Operational"},"geometry":{"type":"Point","coordinates":[-117.605587900255,33.6431901390374]}},{"type":"Feature","properties":{"Name":"Edgemont","Max_Voltag":0,"Owner":"SCE","COUNTY":"Riverside County","Status":"Operational"},"geometry":{"type":"Point","coordinates":[-117.284698196705,33.9234613906566]}},{"type":"Feature","properties":{"Name":"Nuevo","Max_Voltag":33,"Owner":"SCE","COUNTY":"Riverside County","Status":"Operational"},"geometry":{"type":"Point","coordinates":[-117.122822763467,33.8343886448319]}},{"type":"Feature","properties":{"Name":"Murrietta 2","Max_Voltag":0,"Owner":"SCE","COUNTY":"Riverside County","Status":"Operational"},"geometry":{"type":"Point","coordinates":[-117.187607280074,33.5399126645614]}},{"type":"Feature","properties":{"Name":"Beaumont","Max_Voltag":0,"Owner":"SCE","COUNTY":"Riverside County","Status":"Operational"},"geometry":{"type":"Point","coordinates":[-116.983752150678,33.933820555612]}},{"type":"Feature","properties":{"Name":"San Jacinto","Max_Voltag":0,"Owner":"SCE","COUNTY":"Riverside County","Status":"Operational"},"geometry":{"type":"Point","coordinates":[-116.95938318725,33.78334936465]}},{"type":"Feature","properties":{"Name":"Cabazon","Max_Voltag":0,"Owner":"SCE","COUNTY":"Riverside County","Status":"Operational"},"geometry":{"type":"Point","coordinates":[-116.783849261782,33.9139889576168]}},{"type":"Feature","properties":{"Name":"Whitewater","Max_Voltag":115,"Owner":"SCE","COUNTY":"Riverside County","Status":"Operational"},"geometry":{"type":"Point","coordinates":[-116.650183724921,33.9215862102458]}},{"type":"Feature","properties":{"Name":"Coffee","Max_Voltag":115,"Owner":"SCE","COUNTY":"Riverside County","Status":"Operational"},"geometry":{"type":"Point","coordinates":[-116.505164723442,33.9326157930944]}},{"type":"Feature","properties":{"Name":"Holiday","Max_Voltag":33,"Owner":"SCE","COUNTY":"Riverside County","Status":"Operational"},"geometry":{"type":"Point","coordinates":[-116.545904293554,33.8455514184498]}},{"type":"Feature","properties":{"Name":"Palm Springs","Max_Voltag":33,"Owner":"SCE","COUNTY":"Riverside County","Status":"Operational"},"geometry":{"type":"Point","coordinates":[-116.546093798553,33.8251404811713]}},{"type":"Feature","properties":{"Name":"Belding","Max_Voltag":0,"Owner":"SCE","COUNTY":"Riverside County","Status":"Operational"},"geometry":{"type":"Point","coordinates":[-116.514839946463,33.830194330525]}},{"type":"Feature","properties":{"Name":"Unknown","Max_Voltag":230,"Owner":"Other","COUNTY":"Riverside County","Status":"Operational"},"geometry":{"type":"Point","coordinates":[-115.451093424123,33.8096428780783]}},{"type":"Feature","properties":{"Name":"Tassajara","Max_Voltag":230,"Owner":"PG&E","COUNTY":"Contra Costa County","Status":"Operational"},"geometry":{"type":"Point","coordinates":[-121.907853957054,37.7999449877625]}},{"type":"Feature","properties":{"Name":"Calistoga 19","Max_Voltag":230,"Owner":"PG&E","COUNTY":"Lake County","Status":"Operational"},"geometry":{"type":"Point","coordinates":[-122.744444749343,38.7894687266166]}},{"type":"Feature","properties":{"Name":"Pardee","Max_Voltag":60,"Owner":"PG&E","COUNTY":"Calaveras County","Status":"Operational"},"geometry":{"type":"Point","coordinates":[-120.850382247822,38.2570783557802]}},{"type":"Feature","properties":{"Name":"Urich","Max_Voltag":0,"Owner":"Other","COUNTY":"Contra Costa County","Status":"Operational"},"geometry":{"type":"Point","coordinates":[-122.074327709924,38.0327364784972]}},{"type":"Feature","properties":{"Name":"Orick","Max_Voltag":60,"Owner":"PG&E","COUNTY":"Humboldt County","Status":"Operational"},"geometry":{"type":"Point","coordinates":[-124.056871381543,41.2942870883728]}},{"type":"Feature","properties":{"Name":"Simpson Paper (Humbolt)","Max_Voltag":0,"Owner":"Other","COUNTY":"Humboldt County","Status":"Operational"},"geometry":{"type":"Point","coordinates":[-124.199145352499,40.7867764720027]}},{"type":"Feature","properties":{"Name":"Southpac","Max_Voltag":0,"Owner":"SCE","COUNTY":"Los Angeles County","Status":"Operational"},"geometry":{"type":"Point","coordinates":[-118.071162043028,33.8914992649018]}},{"type":"Feature","properties":{"Name":"Haynes","Max_Voltag":230,"Owner":"LADWP","COUNTY":"Los Angeles County","Status":"Operational"},"geometry":{"type":"Point","coordinates":[-118.096223057772,33.7629068926572]}},{"type":"Feature","properties":{"Name":"Sonoma 3","Max_Voltag":230,"Owner":"PG&E","COUNTY":"Sonoma County","Status":"Operational"},"geometry":{"type":"Point","coordinates":[-122.756820003579,38.7900804812613]}},{"type":"Feature","properties":{"Name":"Kirkwall","Max_Voltag":66,"Owner":"Other","COUNTY":"Los Angeles County","Status":"Operational"},"geometry":{"type":"Point","coordinates":[-117.923442183884,34.1139509501243]}},{"type":"Feature","properties":{"Name":"Grant 20","Max_Voltag":230,"Owner":"PG&E","COUNTY":"Sonoma County","Status":"Operational"},"geometry":{"type":"Point","coordinates":[-122.755226040126,38.7787309238671]}},{"type":"Feature","properties":{"Name":"San Miguel","Max_Voltag":60,"Owner":"PG&E","COUNTY":"San Luis Obispo County","Status":"Operational"},"geometry":{"type":"Point","coordinates":[-120.683966845919,35.7523360810851]}},{"type":"Feature","properties":{"Name":"Stockton Acres","Max_Voltag":60,"Owner":"PG&E","COUNTY":"San Joaquin County","Status":"Operational"},"geometry":{"type":"Point","coordinates":[-121.323431205599,37.9633121001447]}},{"type":"Feature","properties":{"Name":"Mariposa","Max_Voltag":60,"Owner":"Other","COUNTY":"Stanislaus County","Status":"Operational"},"geometry":{"type":"Point","coordinates":[-120.934894994269,37.6272420063607]}},{"type":"Feature","properties":{"Name":"Kelso","Max_Voltag":0,"Owner":"PG&E","COUNTY":"Alameda County","Status":"Operational"},"geometry":{"type":"Point","coordinates":[-121.603310554471,37.7974893696073]}},{"type":"Feature","properties":{"Name":"Garfield","Max_Voltag":69,"Owner":"SDG&E","COUNTY":"San Diego County","Status":"Operational"},"geometry":{"type":"Point","coordinates":[-116.996786998301,32.7952510193924]}},{"type":"Feature","properties":{"Name":"Bishop Creek 6","Max_Voltag":0,"Owner":"SCE","COUNTY":"Inyo County","Status":"Operational"},"geometry":{"type":"Point","coordinates":[-118.463021885264,37.350095410727]}},{"type":"Feature","properties":{"Name":"Melones","Max_Voltag":115,"Owner":"Other","COUNTY":"Tuolumne County","Status":"Operational"},"geometry":{"type":"Point","coordinates":[-120.527630344773,37.9462072047412]}},{"type":"Feature","properties":{"Name":"Keswick","Max_Voltag":60,"Owner":"PG&E","COUNTY":"Shasta County","Status":"Operational"},"geometry":{"type":"Point","coordinates":[-122.461998533717,40.6238603984577]}},{"type":"Feature","properties":{"Name":"Lake View","Max_Voltag":230,"Owner":"PG&E","COUNTY":"Sonoma County","Status":"Operational"},"geometry":{"type":"Point","coordinates":[-122.781316457709,38.8238910326692]}},{"type":"Feature","properties":{"Name":"Golden Valley","Max_Voltag":0,"Owner":"Other","COUNTY":"Kern County","Status":"Operational"},"geometry":{"type":"Point","coordinates":[-119.336835982928,35.405937924597]}},{"type":"Feature","properties":{"Name":"Contra Costa","Max_Voltag":69,"Owner":"WAPA","COUNTY":"Contra Costa County","Status":"Operational"},"geometry":{"type":"Point","coordinates":[-121.701891638716,37.9952996483338]}},{"type":"Feature","properties":{"Name":"Contra Costa 3","Max_Voltag":69,"Owner":"WAPA","COUNTY":"Contra Costa County","Status":"Operational"},"geometry":{"type":"Point","coordinates":[-121.727904436469,37.9833716036515]}},{"type":"Feature","properties":{"Name":"O'Neill","Max_Voltag":115,"Owner":"WAPA","COUNTY":"Merced County","Status":"Operational"},"geometry":{"type":"Point","coordinates":[-121.048479141213,37.0983437541346]}},{"type":"Feature","properties":{"Name":"Trinity","Max_Voltag":230,"Owner":"WAPA","COUNTY":"Trinity County","Status":"Operational"},"geometry":{"type":"Point","coordinates":[-122.767397747797,40.7922026493124]}},{"type":"Feature","properties":{"Name":"Weaverville","Max_Voltag":115,"Owner":"WAPA","COUNTY":"Trinity County","Status":"Operational"},"geometry":{"type":"Point","coordinates":[-122.924839685189,40.7023001335747]}},{"type":"Feature","properties":{"Name":"Sacramento Operations Ce","Max_Voltag":230,"Owner":"WAPA","COUNTY":"Sacramento County","Status":"Operational"},"geometry":{"type":"Point","coordinates":[-121.189801836707,38.6563235978087]}},{"type":"Feature","properties":{"Name":"Bethany Byron","Max_Voltag":0,"Owner":"Other","COUNTY":"Contra Costa County","Status":"Operational"},"geometry":{"type":"Point","coordinates":[-121.594850220227,37.8081351684735]}},{"type":"Feature","properties":{"Name":"East Contra Costa Irrigation Dist.","Max_Voltag":0,"Owner":"Other","COUNTY":"Contra Costa County","Status":"Operational"},"geometry":{"type":"Point","coordinates":[-121.626414121345,37.9178079068065]}},{"type":"Feature","properties":{"Name":"Blythe","Max_Voltag":0,"Owner":"SCE","COUNTY":"Riverside County","Status":"Operational"},"geometry":{"type":"Point","coordinates":[-114.599855362174,33.6062126551239]}},{"type":"Feature","properties":{"Name":"West Riverside","Max_Voltag":0,"Owner":"SCE","COUNTY":"Riverside County","Status":"Low kV"},"geometry":{"type":"Point","coordinates":[-117.392449564543,34.0057416365461]}},{"type":"Feature","properties":{"Name":"Norco","Max_Voltag":0,"Owner":"SCE","COUNTY":"Riverside County","Status":"Low kV"},"geometry":{"type":"Point","coordinates":[-117.554668029354,33.9326513049556]}},{"type":"Feature","properties":{"Name":"Moval","Max_Voltag":115,"Owner":"Other","COUNTY":"Riverside County","Status":"Operational"},"geometry":{"type":"Point","coordinates":[-117.174964538988,33.9232099307932]}},{"type":"Feature","properties":{"Name":"Military","Max_Voltag":66,"Owner":"SCE","COUNTY":"San Bernardino County","Status":"Operational"},"geometry":{"type":"Point","coordinates":[-116.70227962887,35.2625071192953]}},{"type":"Feature","properties":{"Name":"Mascot","Max_Voltag":66,"Owner":"SCE","COUNTY":"Kings County","Status":"Proposed"},"geometry":{"type":"Point","coordinates":[-119.592410844053,36.3422477353671]}},{"type":"Feature","properties":{"Name":"Black Meadows","Max_Voltag":0,"Owner":"WAPA","COUNTY":"San Bernardino County","Status":"Operational"},"geometry":{"type":"Point","coordinates":[-114.15765555018,34.3151496318161]}},{"type":"Feature","properties":{"Name":"Amargo","Max_Voltag":33,"Owner":"SCE","COUNTY":"Kern County","Status":"Operational"},"geometry":{"type":"Point","coordinates":[-117.64919984337,35.0001944082477]}},{"type":"Feature","properties":{"Name":"North Muroc","Max_Voltag":33,"Owner":"SCE","COUNTY":"Kern County","Status":"Operational"},"geometry":{"type":"Point","coordinates":[-117.881304588153,35.0135915687529]}},{"type":"Feature","properties":{"Name":"Windhub","Max_Voltag":500,"Owner":"SCE","COUNTY":"Kern County","Status":"Operational"},"geometry":{"type":"Point","coordinates":[-118.280689787305,35.0348495611581]}},{"type":"Feature","properties":{"Name":"North Intake","Max_Voltag":0,"Owner":"SCE","COUNTY":"Riverside County","Status":"Operational"},"geometry":{"type":"Point","coordinates":[-114.517176817434,33.7293500200868]}},{"type":"Feature","properties":{"Name":"Second Ave.","Max_Voltag":33,"Owner":"SCE","COUNTY":"Riverside County","Status":"Operational"},"geometry":{"type":"Point","coordinates":[-114.572467592267,33.6909493619883]}},{"type":"Feature","properties":{"Name":"Defrain","Max_Voltag":0,"Owner":"SCE","COUNTY":"Riverside County","Status":"Operational"},"geometry":{"type":"Point","coordinates":[-114.623760028653,33.6604648718964]}},{"type":"Feature","properties":{"Name":"Olive Lake","Max_Voltag":33,"Owner":"SCE","COUNTY":"Riverside County","Status":"Operational"},"geometry":{"type":"Point","coordinates":[-114.551017014448,33.6112788021627]}},{"type":"Feature","properties":{"Name":"Dunes","Max_Voltag":161,"Owner":"SCE","COUNTY":"Riverside County","Status":"Operational"},"geometry":{"type":"Point","coordinates":[-114.679955878593,33.6108640539603]}},{"type":"Feature","properties":{"Name":"Forest Home","Max_Voltag":33,"Owner":"SCE","COUNTY":"San Bernardino County","Status":"Low kV"},"geometry":{"type":"Point","coordinates":[-116.9205846456,34.0875522724521]}},{"type":"Feature","properties":{"Name":"Burnt Mill","Max_Voltag":33,"Owner":"SCE","COUNTY":"San Bernardino County","Status":"Low kV"},"geometry":{"type":"Point","coordinates":[-117.20142413361,34.2343874101423]}},{"type":"Feature","properties":{"Name":"Canyon Lake","Max_Voltag":0,"Owner":"SCE","COUNTY":"Riverside County","Status":"Low kV"},"geometry":{"type":"Point","coordinates":[-117.260492727557,33.6730521542222]}},{"type":"Feature","properties":{"Name":"Cathedral City","Max_Voltag":0,"Owner":"SCE","COUNTY":"Riverside County","Status":"Low kV"},"geometry":{"type":"Point","coordinates":[-116.463298498877,33.7783707089481]}},{"type":"Feature","properties":{"Name":"Converse Flats","Max_Voltag":33,"Owner":"SCE","COUNTY":"San Bernardino County","Status":"Low kV"},"geometry":{"type":"Point","coordinates":[-116.912375588107,34.195723103054]}},{"type":"Feature","properties":{"Name":"Gavilan","Max_Voltag":0,"Owner":"SCE","COUNTY":"Riverside County","Status":"Operational"},"geometry":{"type":"Point","coordinates":[-117.244210234823,33.7845409133751]}},{"type":"Feature","properties":{"Name":"Goldstone","Max_Voltag":0,"Owner":"SCE","COUNTY":"San Bernardino County","Status":"Low kV"},"geometry":{"type":"Point","coordinates":[-116.780836164995,35.2740661085689]}},{"type":"Feature","properties":{"Name":"Yermo","Max_Voltag":0,"Owner":"SCE","COUNTY":"San Bernardino County","Status":"Operational"},"geometry":{"type":"Point","coordinates":[-116.829358276995,34.9030171975758]}},{"type":"Feature","properties":{"Name":"Harvard","Max_Voltag":33,"Owner":"SCE","COUNTY":"San Bernardino County","Status":"Operational"},"geometry":{"type":"Point","coordinates":[-116.653195405064,34.9574859152672]}},{"type":"Feature","properties":{"Name":"Cady","Max_Voltag":0,"Owner":"SCE","COUNTY":"San Bernardino County","Status":"Operational"},"geometry":{"type":"Point","coordinates":[-116.662669607583,34.8367477613851]}},{"type":"Feature","properties":{"Name":"Wilde","Max_Voltag":33,"Owner":"SCE","COUNTY":"San Bernardino County","Status":"Operational"},"geometry":{"type":"Point","coordinates":[-117.247980594326,34.7859349102125]}},{"type":"Feature","properties":{"Name":"Helendale","Max_Voltag":33,"Owner":"SCE","COUNTY":"San Bernardino County","Status":"Operational"},"geometry":{"type":"Point","coordinates":[-117.323930670452,34.7405204529291]}},{"type":"Feature","properties":{"Name":"Bryman","Max_Voltag":33,"Owner":"SCE","COUNTY":"San Bernardino County","Status":"Operational"},"geometry":{"type":"Point","coordinates":[-117.338900485604,34.6821280435242]}},{"type":"Feature","properties":{"Name":"Idyllwild","Max_Voltag":33,"Owner":"SCE","COUNTY":"Riverside County","Status":"Operational"},"geometry":{"type":"Point","coordinates":[-116.715478029164,33.7464455490942]}},{"type":"Feature","properties":{"Name":"Inyokern Town","Max_Voltag":0,"Owner":"SCE","COUNTY":"Kern County","Status":"Operational"},"geometry":{"type":"Point","coordinates":[-117.816594542781,35.6484823401124]}},{"type":"Feature","properties":{"Name":"Junction","Max_Voltag":0,"Owner":"SCE","COUNTY":"Inyo County","Status":"Low kV"},"geometry":{"type":"Point","coordinates":[-116.414595680877,36.3053722076032]}},{"type":"Feature","properties":{"Name":"Minaret","Max_Voltag":0,"Owner":"SCE","COUNTY":"Mono County","Status":"Low kV"},"geometry":{"type":"Point","coordinates":[-119.010668145281,37.6515288202444]}},{"type":"Feature","properties":{"Name":"Muscoy","Max_Voltag":0,"Owner":"SCE","COUNTY":"San Bernardino County","Status":"Low kV"},"geometry":{"type":"Point","coordinates":[-117.33901109786,34.1571927728899]}},{"type":"Feature","properties":{"Name":"Nugget","Max_Voltag":0,"Owner":"SCE","COUNTY":"San Bernardino County","Status":"Low kV"},"geometry":{"type":"Point","coordinates":[-116.369002768406,34.2073800600005]}},{"type":"Feature","properties":{"Name":"Skiland","Max_Voltag":0,"Owner":"SCE","COUNTY":"Mono County","Status":"Low kV"},"geometry":{"type":"Point","coordinates":[-118.964388591151,37.636663239835]}},{"type":"Feature","properties":{"Name":"Peerless","Max_Voltag":0,"Owner":"SCE","COUNTY":"Kern County","Status":"Low kV"},"geometry":{"type":"Point","coordinates":[-117.800320291192,35.0974148338147]}},{"type":"Feature","properties":{"Name":"Unknown","Max_Voltag":66,"Owner":" ","COUNTY":"San Bernardino County","Status":"IN SERVICE"},"geometry":{"type":"Point","coordinates":[-117.2852639404,34.0861423798545]}},{"type":"Feature","properties":{"Name":"Avena Tap 2","Max_Voltag":115,"Owner":" ","COUNTY":"San Joaquin County","Status":"IN SERVICE"},"geometry":{"type":"Point","coordinates":[-121.054947173853,37.8428226672655]}},{"type":"Feature","properties":{"Name":"Unknown","Max_Voltag":60,"Owner":" ","COUNTY":"Sacramento County","Status":"IN SERVICE"},"geometry":{"type":"Point","coordinates":[-121.446290504564,38.6201860800231]}},{"type":"Feature","properties":{"Name":"Unknown","Max_Voltag":66,"Owner":" ","COUNTY":"Los Angeles County","Status":"IN SERVICE"},"geometry":{"type":"Point","coordinates":[-117.932380889882,34.1134678799209]}},{"type":"Feature","properties":{"Name":"Unknown","Max_Voltag":60,"Owner":" ","COUNTY":"Kings County","Status":"IN SERVICE"},"geometry":{"type":"Point","coordinates":[-119.780117999836,36.2257809996401]}},{"type":"Feature","properties":{"Name":"Unknown","Max_Voltag":60,"Owner":" ","COUNTY":"Amador County","Status":"IN SERVICE"},"geometry":{"type":"Point","coordinates":[-120.909307088865,38.2869914602989]}},{"type":"Feature","properties":{"Name":"Unknown","Max_Voltag":0,"Owner":" ","COUNTY":"Alameda County","Status":"IN SERVICE"},"geometry":{"type":"Point","coordinates":[-122.288373999844,37.7988030001224]}},{"type":"Feature","properties":{"Name":"Urich Tap","Max_Voltag":60,"Owner":" ","COUNTY":"Contra Costa County","Status":"IN SERVICE"},"geometry":{"type":"Point","coordinates":[-122.101782000078,38.0263719996976]}},{"type":"Feature","properties":{"Name":"Unknown","Max_Voltag":66,"Owner":" ","COUNTY":"Tulare County","Status":"IN SERVICE"},"geometry":{"type":"Point","coordinates":[-119.251994640836,36.3384245920448]}},{"type":"Feature","properties":{"Name":"Unknown","Max_Voltag":60,"Owner":" ","COUNTY":"Sacramento County","Status":"IN SERVICE"},"geometry":{"type":"Point","coordinates":[-121.460208766217,38.6061369433151]}},{"type":"Feature","properties":{"Name":"Unknown","Max_Voltag":66,"Owner":" ","COUNTY":"Los Angeles County","Status":"IN SERVICE"},"geometry":{"type":"Point","coordinates":[-118.05842831518,34.6022414349626]}},{"type":"Feature","properties":{"Name":"Unknown","Max_Voltag":115,"Owner":" ","COUNTY":"Stanislaus County","Status":"IN SERVICE"},"geometry":{"type":"Point","coordinates":[-121.187765537418,37.4726839566835]}},{"type":"Feature","properties":{"Name":"Unknown","Max_Voltag":0,"Owner":" ","COUNTY":"San Bernardino County","Status":"IN SERVICE"},"geometry":{"type":"Point","coordinates":[-117.243675465039,34.0359894090711]}},{"type":"Feature","properties":{"Name":"Unknown","Max_Voltag":60,"Owner":" ","COUNTY":"Sacramento County","Status":"IN SERVICE"},"geometry":{"type":"Point","coordinates":[-121.160899271873,38.4931378868729]}},{"type":"Feature","properties":{"Name":"Valley Home Tap 1","Max_Voltag":115,"Owner":" ","COUNTY":"San Joaquin County","Status":"IN SERVICE"},"geometry":{"type":"Point","coordinates":[-120.945123457334,37.8567166333448]}},{"type":"Feature","properties":{"Name":"Unknown","Max_Voltag":66,"Owner":" ","COUNTY":"Orange County","Status":"IN SERVICE"},"geometry":{"type":"Point","coordinates":[-118.029450309828,33.7591655497436]}},{"type":"Feature","properties":{"Name":"Unknown","Max_Voltag":60,"Owner":" ","COUNTY":"Stanislaus County","Status":"IN SERVICE"},"geometry":{"type":"Point","coordinates":[-121.049313518008,37.3333033983244]}},{"type":"Feature","properties":{"Name":"Unknown","Max_Voltag":66,"Owner":" ","COUNTY":"San Bernardino County","Status":"IN SERVICE"},"geometry":{"type":"Point","coordinates":[-117.698117719846,34.0997212600344]}},{"type":"Feature","properties":{"Name":"Unknown","Max_Voltag":60,"Owner":" ","COUNTY":"San Joaquin County","Status":"IN SERVICE"},"geometry":{"type":"Point","coordinates":[-121.260714484113,38.1019162437808]}},{"type":"Feature","properties":{"Name":"Unknown","Max_Voltag":66,"Owner":" ","COUNTY":"Los Angeles County","Status":"IN SERVICE"},"geometry":{"type":"Point","coordinates":[-118.100289519959,33.9019639997783]}},{"type":"Feature","properties":{"Name":"Unknown","Max_Voltag":92,"Owner":" ","COUNTY":"Riverside County","Status":"IN SERVICE"},"geometry":{"type":"Point","coordinates":[-116.163726409907,33.7445033048589]}},{"type":"Feature","properties":{"Name":"Cajalco Tap","Max_Voltag":115,"Owner":" ","COUNTY":"Riverside County","Status":"IN SERVICE"},"geometry":{"type":"Point","coordinates":[-117.217198105334,33.8364979239039]}},{"type":"Feature","properties":{"Name":"Unknown","Max_Voltag":60,"Owner":" ","COUNTY":"Lassen County","Status":"IN SERVICE"},"geometry":{"type":"Point","coordinates":[-120.686238466982,40.4296007543271]}},{"type":"Feature","properties":{"Name":"Federalgen Tap","Max_Voltag":66,"Owner":" ","COUNTY":"Los Angeles County","Status":"IN SERVICE"},"geometry":{"type":"Point","coordinates":[-118.167030647205,33.9806205021641]}},{"type":"Feature","properties":{"Name":"Unknown","Max_Voltag":60,"Owner":" ","COUNTY":"Sacramento County","Status":"IN SERVICE"},"geometry":{"type":"Point","coordinates":[-121.456831168123,38.491730496733]}},{"type":"Feature","properties":{"Name":"Otay Tap","Max_Voltag":69,"Owner":" ","COUNTY":"San Diego County","Status":"IN SERVICE"},"geometry":{"type":"Point","coordinates":[-117.058148000326,32.5893570002584]}},{"type":"Feature","properties":{"Name":"Unknown","Max_Voltag":230,"Owner":" ","COUNTY":"Fresno County","Status":"IN SERVICE"},"geometry":{"type":"Point","coordinates":[-119.897107999586,36.7055769998974]}},{"type":"Feature","properties":{"Name":"Unknown","Max_Voltag":69,"Owner":" ","COUNTY":"San Diego County","Status":"IN SERVICE"},"geometry":{"type":"Point","coordinates":[-116.698737607637,32.6677922983398]}},{"type":"Feature","properties":{"Name":"Lockheed 2 Tap","Max_Voltag":0,"Owner":" ","COUNTY":"Santa Clara County","Status":"IN SERVICE"},"geometry":{"type":"Point","coordinates":[-122.005894975947,37.4148277786506]}},{"type":"Feature","properties":{"Name":"Unknown","Max_Voltag":115,"Owner":" ","COUNTY":"Riverside County","Status":"IN SERVICE"},"geometry":{"type":"Point","coordinates":[-116.719668837051,33.9253821231169]}},{"type":"Feature","properties":{"Name":"Woodland Tap","Max_Voltag":115,"Owner":" ","COUNTY":"Yolo County","Status":"IN SERVICE"},"geometry":{"type":"Point","coordinates":[-121.755229000014,38.8040789996937]}},{"type":"Feature","properties":{"Name":"Unknown","Max_Voltag":66,"Owner":" ","COUNTY":"Los Angeles County","Status":"IN SERVICE"},"geometry":{"type":"Point","coordinates":[-118.052229000082,33.9441090002187]}},{"type":"Feature","properties":{"Name":"Unknown","Max_Voltag":0,"Owner":" ","COUNTY":"San Joaquin County","Status":"IN SERVICE"},"geometry":{"type":"Point","coordinates":[-121.194617559419,37.9883818173375]}},{"type":"Feature","properties":{"Name":"Unknown","Max_Voltag":66,"Owner":" ","COUNTY":"Los Angeles County","Status":"IN SERVICE"},"geometry":{"type":"Point","coordinates":[-118.194896999969,33.9635240001438]}},{"type":"Feature","properties":{"Name":"Glendale South Tap 3","Max_Voltag":66,"Owner":" ","COUNTY":"Los Angeles County","Status":"IN SERVICE"},"geometry":{"type":"Point","coordinates":[-118.248022434319,34.1129386761562]}},{"type":"Feature","properties":{"Name":"Unknown","Max_Voltag":66,"Owner":" ","COUNTY":"Tulare County","Status":"IN SERVICE"},"geometry":{"type":"Point","coordinates":[-119.32856334807,36.1234997776909]}},{"type":"Feature","properties":{"Name":"Unknown","Max_Voltag":66,"Owner":" ","COUNTY":"Riverside County","Status":"IN SERVICE"},"geometry":{"type":"Point","coordinates":[-117.568946159704,33.8918986502219]}},{"type":"Feature","properties":{"Name":"Unknown","Max_Voltag":0,"Owner":" ","COUNTY":"Stanislaus County","Status":"IN SERVICE"},"geometry":{"type":"Point","coordinates":[-121.261565177907,37.528842527006]}},{"type":"Feature","properties":{"Name":"Unknown","Max_Voltag":70,"Owner":" ","COUNTY":"Kern County","Status":"IN SERVICE"},"geometry":{"type":"Point","coordinates":[-119.481664240632,35.1081618651118]}},{"type":"Feature","properties":{"Name":"Unknown","Max_Voltag":66,"Owner":" ","COUNTY":"Orange County","Status":"IN SERVICE"},"geometry":{"type":"Point","coordinates":[-118.028586910262,33.7443145946987]}},{"type":"Feature","properties":{"Name":"Tulloch Tap","Max_Voltag":115,"Owner":" ","COUNTY":"Calaveras County","Status":"IN SERVICE"},"geometry":{"type":"Point","coordinates":[-120.607932000272,37.880202000328]}},{"type":"Feature","properties":{"Name":"Unknown","Max_Voltag":60,"Owner":" ","COUNTY":"Sacramento County","Status":"IN SERVICE"},"geometry":{"type":"Point","coordinates":[-121.39211020283,38.6831241910247]}},{"type":"Feature","properties":{"Name":"Unknown","Max_Voltag":60,"Owner":" ","COUNTY":"Sacramento County","Status":"IN SERVICE"},"geometry":{"type":"Point","coordinates":[-121.372101288092,38.4781295807874]}},{"type":"Feature","properties":{"Name":"Unknown","Max_Voltag":60,"Owner":" ","COUNTY":"Plumas County","Status":"IN SERVICE"},"geometry":{"type":"Point","coordinates":[-120.962972937113,40.0272904748668]}},{"type":"Feature","properties":{"Name":"Unknown","Max_Voltag":66,"Owner":" ","COUNTY":"Tulare County","Status":"IN SERVICE"},"geometry":{"type":"Point","coordinates":[-119.035597979942,35.8341299220194]}},{"type":"Feature","properties":{"Name":"Valley Home Tap 2","Max_Voltag":115,"Owner":" ","COUNTY":"San Joaquin County","Status":"IN SERVICE"},"geometry":{"type":"Point","coordinates":[-120.945132008397,37.8566273200619]}},{"type":"Feature","properties":{"Name":"Unknown","Max_Voltag":66,"Owner":" ","COUNTY":"Riverside County","Status":"IN SERVICE"},"geometry":{"type":"Point","coordinates":[-117.42732867037,34.014610629735]}},{"type":"Feature","properties":{"Name":"Unknown","Max_Voltag":60,"Owner":" ","COUNTY":"Sonoma County","Status":"IN SERVICE"},"geometry":{"type":"Point","coordinates":[-122.735312000058,38.311746999899]}},{"type":"Feature","properties":{"Name":"Unknown","Max_Voltag":66,"Owner":" ","COUNTY":"Los Angeles County","Status":"IN SERVICE"},"geometry":{"type":"Point","coordinates":[-118.071938299723,33.8174789998056]}},{"type":"Feature","properties":{"Name":"Unknown","Max_Voltag":60,"Owner":" ","COUNTY":"Amador County","Status":"IN SERVICE"},"geometry":{"type":"Point","coordinates":[-120.917041523274,38.3410976499471]}},{"type":"Feature","properties":{"Name":"Jessup Tap 1","Max_Voltag":115,"Owner":" ","COUNTY":"Shasta County","Status":"IN SERVICE"},"geometry":{"type":"Point","coordinates":[-122.329006876151,40.4508796047279]}},{"type":"Feature","properties":{"Name":"Unknown","Max_Voltag":60,"Owner":" ","COUNTY":"Lassen County","Status":"IN SERVICE"},"geometry":{"type":"Point","coordinates":[-120.641150871232,40.4102010158036]}},{"type":"Feature","properties":{"Name":"Unknown","Max_Voltag":60,"Owner":" ","COUNTY":"San Joaquin County","Status":"IN SERVICE"},"geometry":{"type":"Point","coordinates":[-121.210269999863,38.054274000107]}},{"type":"Feature","properties":{"Name":"Unknown","Max_Voltag":69,"Owner":" ","COUNTY":"San Diego County","Status":"IN SERVICE"},"geometry":{"type":"Point","coordinates":[-116.498789994318,32.7975477106418]}},{"type":"Feature","properties":{"Name":"Unknown","Max_Voltag":66,"Owner":" ","COUNTY":"Orange County","Status":"IN SERVICE"},"geometry":{"type":"Point","coordinates":[-117.876846069735,33.7001469996411]}},{"type":"Feature","properties":{"Name":"Unknown","Max_Voltag":69,"Owner":" ","COUNTY":"Modoc County","Status":"IN SERVICE"},"geometry":{"type":"Point","coordinates":[-121.2267097894,41.6330807917478]}},{"type":"Feature","properties":{"Name":"Unknown","Max_Voltag":60,"Owner":" ","COUNTY":"Monterey County","Status":"IN SERVICE"},"geometry":{"type":"Point","coordinates":[-121.498213543007,36.581712311196]}},{"type":"Feature","properties":{"Name":"Unknown","Max_Voltag":66,"Owner":" ","COUNTY":"Orange County","Status":"IN SERVICE"},"geometry":{"type":"Point","coordinates":[-118.028566150196,33.8714530001438]}},{"type":"Feature","properties":{"Name":"Unknown","Max_Voltag":66,"Owner":" ","COUNTY":"San Bernardino County","Status":"IN SERVICE"},"geometry":{"type":"Point","coordinates":[-117.118765219754,34.0280429998025]}},{"type":"Feature","properties":{"Name":"Unknown","Max_Voltag":60,"Owner":" ","COUNTY":"Sonoma County","Status":"IN SERVICE"},"geometry":{"type":"Point","coordinates":[-122.742152916186,38.4319696929113]}},{"type":"Feature","properties":{"Name":"GWF #5 Tap","Max_Voltag":60,"Owner":" ","COUNTY":"Contra Costa County","Status":"IN SERVICE"},"geometry":{"type":"Point","coordinates":[-121.987690975142,38.0423266741405]}},{"type":"Feature","properties":{"Name":"Unknown","Max_Voltag":60,"Owner":" ","COUNTY":"Tehama County","Status":"IN SERVICE"},"geometry":{"type":"Point","coordinates":[-122.091245999674,40.0452890002976]}},{"type":"Feature","properties":{"Name":"Unknown","Max_Voltag":92,"Owner":" ","COUNTY":"Imperial County","Status":"IN SERVICE"},"geometry":{"type":"Point","coordinates":[-115.640217000326,33.1539830003684]}},{"type":"Feature","properties":{"Name":"Electra Tap 2","Max_Voltag":230,"Owner":" ","COUNTY":"Amador County","Status":"IN SERVICE"},"geometry":{"type":"Point","coordinates":[-120.668821540384,38.3316482423438]}},{"type":"Feature","properties":{"Name":"Unknown","Max_Voltag":66,"Owner":" ","COUNTY":"Kern County","Status":"IN SERVICE"},"geometry":{"type":"Point","coordinates":[-118.806238662737,35.1947038147025]}},{"type":"Feature","properties":{"Name":"Unknown","Max_Voltag":92,"Owner":" ","COUNTY":"Imperial County","Status":"IN SERVICE"},"geometry":{"type":"Point","coordinates":[-115.535647663753,32.9129601540332]}},{"type":"Feature","properties":{"Name":"Unknown","Max_Voltag":60,"Owner":" ","COUNTY":"Sonoma County","Status":"IN SERVICE"},"geometry":{"type":"Point","coordinates":[-122.633690192238,38.2373854991998]}},{"type":"Feature","properties":{"Name":"Bunker 2 Tap","Max_Voltag":115,"Owner":" ","COUNTY":"Riverside County","Status":"IN SERVICE"},"geometry":{"type":"Point","coordinates":[-117.210885073402,33.8304491360583]}},{"type":"Feature","properties":{"Name":"Unknown","Max_Voltag":0,"Owner":" ","COUNTY":"Sacramento County","Status":"IN SERVICE"},"geometry":{"type":"Point","coordinates":[-121.34613503924,38.6138224337045]}},{"type":"Feature","properties":{"Name":"Unknown","Max_Voltag":66,"Owner":" ","COUNTY":"Los Angeles County","Status":"IN SERVICE"},"geometry":{"type":"Point","coordinates":[-118.228501119727,34.6892913810388]}},{"type":"Feature","properties":{"Name":"Unknown","Max_Voltag":60,"Owner":" ","COUNTY":"Sonoma County","Status":"IN SERVICE"},"geometry":{"type":"Point","coordinates":[-122.851612406283,38.4823126778029]}},{"type":"Feature","properties":{"Name":"Unknown","Max_Voltag":66,"Owner":" ","COUNTY":"Los Angeles County","Status":"IN SERVICE"},"geometry":{"type":"Point","coordinates":[-118.129235978275,34.5724071741481]}},{"type":"Feature","properties":{"Name":"Electra Tap 1","Max_Voltag":230,"Owner":" ","COUNTY":"Amador County","Status":"IN SERVICE"},"geometry":{"type":"Point","coordinates":[-120.669107069898,38.3315146877207]}},{"type":"Feature","properties":{"Name":"Unknown","Max_Voltag":60,"Owner":" ","COUNTY":"Plumas County","Status":"IN SERVICE"},"geometry":{"type":"Point","coordinates":[-120.390820000138,39.8205679997165]}},{"type":"Feature","properties":{"Name":"Unknown","Max_Voltag":60,"Owner":" ","COUNTY":"Sacramento County","Status":"IN SERVICE"},"geometry":{"type":"Point","coordinates":[-121.380527000367,38.519944999682]}},{"type":"Feature","properties":{"Name":"Unknown","Max_Voltag":66,"Owner":" ","COUNTY":"Los Angeles County","Status":"IN SERVICE"},"geometry":{"type":"Point","coordinates":[-118.222449309795,33.95893300036]}},{"type":"Feature","properties":{"Name":"Unknown","Max_Voltag":115,"Owner":" ","COUNTY":"Shasta County","Status":"IN SERVICE"},"geometry":{"type":"Point","coordinates":[-122.396013000118,40.5868869997797]}},{"type":"Feature","properties":{"Name":"Unknown","Max_Voltag":34,"Owner":" ","COUNTY":"San Bernardino County","Status":"IN SERVICE"},"geometry":{"type":"Point","coordinates":[-116.840162655379,34.2726476157418]}},{"type":"Feature","properties":{"Name":"Carquinez Tap","Max_Voltag":115,"Owner":" ","COUNTY":"Solano County","Status":"IN SERVICE"},"geometry":{"type":"Point","coordinates":[-122.245506000125,38.0844479998442]}},{"type":"Feature","properties":{"Name":"Unknown","Max_Voltag":60,"Owner":" ","COUNTY":"Sacramento County","Status":"IN SERVICE"},"geometry":{"type":"Point","coordinates":[-121.453353000039,38.3792799999843]}},{"type":"Feature","properties":{"Name":"Unknown","Max_Voltag":60,"Owner":" ","COUNTY":"Sacramento County","Status":"IN SERVICE"},"geometry":{"type":"Point","coordinates":[-121.444478092393,38.3209563761261]}},{"type":"Feature","properties":{"Name":"Unknown","Max_Voltag":60,"Owner":" ","COUNTY":"Fresno County","Status":"IN SERVICE"},"geometry":{"type":"Point","coordinates":[-120.354695000182,36.1907490001135]}},{"type":"Feature","properties":{"Name":"Unknown","Max_Voltag":66,"Owner":" ","COUNTY":"Los Angeles County","Status":"IN SERVICE"},"geometry":{"type":"Point","coordinates":[-118.767270099648,34.1472833000342]}},{"type":"Feature","properties":{"Name":"Unknown","Max_Voltag":60,"Owner":" ","COUNTY":"Sacramento County","Status":"IN SERVICE"},"geometry":{"type":"Point","coordinates":[-121.364748195707,38.5945272713142]}},{"type":"Feature","properties":{"Name":"Dixon Tap","Max_Voltag":0,"Owner":" ","COUNTY":"Solano County","Status":"IN SERVICE"},"geometry":{"type":"Point","coordinates":[-121.82593643987,38.4448781783487]}},{"type":"Feature","properties":{"Name":"Unknown","Max_Voltag":66,"Owner":" ","COUNTY":"Los Angeles County","Status":"IN SERVICE"},"geometry":{"type":"Point","coordinates":[-117.93392899973,34.1252699998107]}},{"type":"Feature","properties":{"Name":"Fairway Tap","Max_Voltag":0,"Owner":" ","COUNTY":"Santa Barbara County","Status":"IN SERVICE"},"geometry":{"type":"Point","coordinates":[-120.451337061903,34.9621964271929]}},{"type":"Feature","properties":{"Name":"Unknown","Max_Voltag":115,"Owner":" ","COUNTY":"Kern County","Status":"IN SERVICE"},"geometry":{"type":"Point","coordinates":[-119.082682288922,35.4416162681764]}},{"type":"Feature","properties":{"Name":"Unknown","Max_Voltag":60,"Owner":" ","COUNTY":"Humboldt County","Status":"IN SERVICE"},"geometry":{"type":"Point","coordinates":[-124.047288472096,40.8890759540104]}},{"type":"Feature","properties":{"Name":"Unknown","Max_Voltag":60,"Owner":" ","COUNTY":"Sacramento County","Status":"IN SERVICE"},"geometry":{"type":"Point","coordinates":[-121.297898908606,38.4961314787967]}},{"type":"Feature","properties":{"Name":"Unknown","Max_Voltag":110,"Owner":" ","COUNTY":"Stanislaus County","Status":"IN SERVICE"},"geometry":{"type":"Point","coordinates":[-120.921170924125,37.6673704808726]}},{"type":"Feature","properties":{"Name":"Unknown","Max_Voltag":60,"Owner":" ","COUNTY":"Colusa County","Status":"IN SERVICE"},"geometry":{"type":"Point","coordinates":[-122.060956920233,38.9693370497517]}},{"type":"Feature","properties":{"Name":"Wolfskill Tap","Max_Voltag":0,"Owner":" ","COUNTY":"Solano County","Status":"IN SERVICE"},"geometry":{"type":"Point","coordinates":[-122.080398999823,38.2286479999785]}},{"type":"Feature","properties":{"Name":"Unknown","Max_Voltag":115,"Owner":" ","COUNTY":"Shasta County","Status":"IN SERVICE"},"geometry":{"type":"Point","coordinates":[-122.395740000306,40.5869409998859]}},{"type":"Feature","properties":{"Name":"Unknown","Max_Voltag":60,"Owner":" ","COUNTY":"Sutter County","Status":"IN SERVICE"},"geometry":{"type":"Point","coordinates":[-121.688897649167,39.1485655870993]}},{"type":"Feature","properties":{"Name":"Unknown","Max_Voltag":60,"Owner":" ","COUNTY":"Fresno County","Status":"IN SERVICE"},"geometry":{"type":"Point","coordinates":[-120.343067238585,36.6176168958882]}},{"type":"Feature","properties":{"Name":"Unknown","Max_Voltag":60,"Owner":" ","COUNTY":"Sacramento County","Status":"IN SERVICE"},"geometry":{"type":"Point","coordinates":[-121.523312810711,38.6128013680716]}},{"type":"Feature","properties":{"Name":"Unknown","Max_Voltag":70,"Owner":" ","COUNTY":"Kern County","Status":"IN SERVICE"},"geometry":{"type":"Point","coordinates":[-119.064842501066,35.0629586837279]}},{"type":"Feature","properties":{"Name":"Unknown","Max_Voltag":66,"Owner":" ","COUNTY":"Orange County","Status":"IN SERVICE"},"geometry":{"type":"Point","coordinates":[-117.924255869783,33.9390650001668]}},{"type":"Feature","properties":{"Name":"Unknown","Max_Voltag":69,"Owner":" ","COUNTY":"Stanislaus County","Status":"IN SERVICE"},"geometry":{"type":"Point","coordinates":[-120.789212076709,37.5216508993299]}},{"type":"Feature","properties":{"Name":"Unknown","Max_Voltag":66,"Owner":" ","COUNTY":"Tulare County","Status":"IN SERVICE"},"geometry":{"type":"Point","coordinates":[-119.313279666947,36.2116141716584]}},{"type":"Feature","properties":{"Name":"Sutter-Vale Vista Tap","Max_Voltag":0,"Owner":" ","COUNTY":"Sacramento County","Status":"IN SERVICE"},"geometry":{"type":"Point","coordinates":[-121.328200788142,38.6336239731472]}},{"type":"Feature","properties":{"Name":"Unknown","Max_Voltag":66,"Owner":" ","COUNTY":"Los Angeles County","Status":"IN SERVICE"},"geometry":{"type":"Point","coordinates":[-118.037304000082,34.0239920000868]}},{"type":"Feature","properties":{"Name":"Country Club 2 Tap","Max_Voltag":0,"Owner":" ","COUNTY":"Sacramento County","Status":"IN SERVICE"},"geometry":{"type":"Point","coordinates":[-121.385859000143,38.6033399999303]}},{"type":"Feature","properties":{"Name":"Geysers Tap 2","Max_Voltag":230,"Owner":" ","COUNTY":"Sonoma County","Status":"IN SERVICE"},"geometry":{"type":"Point","coordinates":[-122.761533156651,38.767157868148]}},{"type":"Feature","properties":{"Name":"Halldale Tap","Max_Voltag":0,"Owner":" ","COUNTY":"Los Angeles County","Status":"IN SERVICE"},"geometry":{"type":"Point","coordinates":[-118.284000000076,33.8472310001434]}},{"type":"Feature","properties":{"Name":"Unknown","Max_Voltag":60,"Owner":" ","COUNTY":"Contra Costa County","Status":"IN SERVICE"},"geometry":{"type":"Point","coordinates":[-122.291189723288,37.9040414430597]}},{"type":"Feature","properties":{"Name":"Warren Canyon Tap","Max_Voltag":69,"Owner":" ","COUNTY":"San Diego County","Status":"IN SERVICE"},"geometry":{"type":"Point","coordinates":[-117.032503999625,33.0221469998702]}},{"type":"Feature","properties":{"Name":"Unknown","Max_Voltag":115,"Owner":" ","COUNTY":"Madera County","Status":"NOT AVAILABLE"},"geometry":{"type":"Point","coordinates":[-120.147173582006,37.1269117232784]}},{"type":"Feature","properties":{"Name":"Unknown","Max_Voltag":115,"Owner":" ","COUNTY":"Butte County","Status":"NOT AVAILABLE"},"geometry":{"type":"Point","coordinates":[-121.539958372838,39.4917596469262]}},{"type":"Feature","properties":{"Name":"Unknown","Max_Voltag":69,"Owner":" ","COUNTY":"San Diego County","Status":"NOT AVAILABLE"},"geometry":{"type":"Point","coordinates":[-116.679640340978,32.6537272599676]}},{"type":"Feature","properties":{"Name":"Unknown","Max_Voltag":60,"Owner":" ","COUNTY":"Lassen County","Status":"NOT AVAILABLE"},"geometry":{"type":"Point","coordinates":[-120.686354727844,40.4258237500858]}},{"type":"Feature","properties":{"Name":"Unknown","Max_Voltag":115,"Owner":" ","COUNTY":"San Francisco County","Status":"NOT AVAILABLE"},"geometry":{"type":"Point","coordinates":[-122.407352718715,37.7644381258633]}},{"type":"Feature","properties":{"Name":"Unknown","Max_Voltag":60,"Owner":" ","COUNTY":"Santa Cruz County","Status":"NOT AVAILABLE"},"geometry":{"type":"Point","coordinates":[-122.031391862249,36.9607869420813]}},{"type":"Feature","properties":{"Name":"Unknown","Max_Voltag":69,"Owner":" ","COUNTY":"San Diego County","Status":"IN SERVICE"},"geometry":{"type":"Point","coordinates":[-116.342163054366,32.7055477666979]}},{"type":"Feature","properties":{"Name":"Unknown","Max_Voltag":500,"Owner":" ","COUNTY":"Solano County","Status":"NOT AVAILABLE"},"geometry":{"type":"Point","coordinates":[-121.83105022988,38.1281504802922]}},{"type":"Feature","properties":{"Name":"Unknown","Max_Voltag":0,"Owner":" ","COUNTY":"Orange County","Status":"IN SERVICE"},"geometry":{"type":"Point","coordinates":[-117.826355865729,33.913181153841]}},{"type":"Feature","properties":{"Name":"Unknown","Max_Voltag":60,"Owner":" ","COUNTY":"Plumas County","Status":"IN SERVICE"},"geometry":{"type":"Point","coordinates":[-120.473485999905,39.8176390002857]}},{"type":"Feature","properties":{"Name":"Unknown","Max_Voltag":66,"Owner":" ","COUNTY":"Los Angeles County","Status":"IN SERVICE"},"geometry":{"type":"Point","coordinates":[-117.765160000104,34.0928149996662]}},{"type":"Feature","properties":{"Name":"Unknown","Max_Voltag":0,"Owner":" ","COUNTY":"Orange County","Status":"IN SERVICE"},"geometry":{"type":"Point","coordinates":[-118.041682357336,33.7231464992794]}},{"type":"Feature","properties":{"Name":"Unknown","Max_Voltag":60,"Owner":" ","COUNTY":"Alameda County","Status":"IN SERVICE"},"geometry":{"type":"Point","coordinates":[-122.165694114204,37.7217944908737]}},{"type":"Feature","properties":{"Name":"Unknown","Max_Voltag":69,"Owner":" ","COUNTY":"Orange County","Status":"IN SERVICE"},"geometry":{"type":"Point","coordinates":[-117.923438045345,33.8507800348004]}},{"type":"Feature","properties":{"Name":"Unknown","Max_Voltag":0,"Owner":" ","COUNTY":"Riverside County","Status":"IN SERVICE"},"geometry":{"type":"Point","coordinates":[-117.372983611326,33.8369201096934]}},{"type":"Feature","properties":{"Name":"Unknown","Max_Voltag":115,"Owner":" ","COUNTY":"San Joaquin County","Status":"IN SERVICE"},"geometry":{"type":"Point","coordinates":[-121.137513439065,38.235600334773]}},{"type":"Feature","properties":{"Name":"Brawley","Max_Voltag":0,"Owner":" ","COUNTY":"Imperial County","Status":"IN SERVICE"},"geometry":{"type":"Point","coordinates":[-115.512853560205,32.9033065598565]}},{"type":"Feature","properties":{"Name":"Unknown","Max_Voltag":66,"Owner":" ","COUNTY":"Orange County","Status":"IN SERVICE"},"geometry":{"type":"Point","coordinates":[-117.943901999894,33.6527400000351]}},{"type":"Feature","properties":{"Name":"Skaggs Island Junction 2","Max_Voltag":115,"Owner":" ","COUNTY":"Solano County","Status":"IN SERVICE"},"geometry":{"type":"Point","coordinates":[-122.380997999707,38.1526799999678]}},{"type":"Feature","properties":{"Name":"Unknown","Max_Voltag":66,"Owner":" ","COUNTY":"Santa Barbara County","Status":"IN SERVICE"},"geometry":{"type":"Point","coordinates":[-120.044345999717,34.4644930001609]}},{"type":"Feature","properties":{"Name":"Mesquite","Max_Voltag":0,"Owner":" ","COUNTY":"Imperial County","Status":"IN SERVICE"},"geometry":{"type":"Point","coordinates":[-115.510209042179,32.8475133229977]}},{"type":"Feature","properties":{"Name":"Unknown","Max_Voltag":0,"Owner":" ","COUNTY":"Riverside County","Status":"IN SERVICE"},"geometry":{"type":"Point","coordinates":[-115.008239979962,33.6688946842563]}},{"type":"Feature","properties":{"Name":"Unknown","Max_Voltag":60,"Owner":" ","COUNTY":"Colusa County","Status":"IN SERVICE"},"geometry":{"type":"Point","coordinates":[-122.109965259753,39.105497338905]}},{"type":"Feature","properties":{"Name":"Unknown","Max_Voltag":66,"Owner":" ","COUNTY":"Los Angeles County","Status":"IN SERVICE"},"geometry":{"type":"Point","coordinates":[-118.309473000175,33.8474890002984]}},{"type":"Feature","properties":{"Name":"Unknown","Max_Voltag":66,"Owner":" ","COUNTY":"San Bernardino County","Status":"IN SERVICE"},"geometry":{"type":"Point","coordinates":[-117.714815999606,33.9973100001791]}},{"type":"Feature","properties":{"Name":"Unknown","Max_Voltag":66,"Owner":" ","COUNTY":"Los Angeles County","Status":"IN SERVICE"},"geometry":{"type":"Point","coordinates":[-118.173245370207,33.9017519499043]}},{"type":"Feature","properties":{"Name":"Unknown","Max_Voltag":0,"Owner":" ","COUNTY":"Los Angeles County","Status":"NOT AVAILABLE"},"geometry":{"type":"Point","coordinates":[-118.479518917247,34.1297555218607]}},{"type":"Feature","properties":{"Name":"Unknown","Max_Voltag":66,"Owner":" ","COUNTY":"Los Angeles County","Status":"IN SERVICE"},"geometry":{"type":"Point","coordinates":[-118.464825999697,34.0138359997764]}},{"type":"Feature","properties":{"Name":"Unknown","Max_Voltag":66,"Owner":" ","COUNTY":"Orange County","Status":"IN SERVICE"},"geometry":{"type":"Point","coordinates":[-117.95929757966,33.8767459997205]}},{"type":"Feature","properties":{"Name":"Unknown","Max_Voltag":0,"Owner":" ","COUNTY":"Riverside County","Status":"NOT AVAILABLE"},"geometry":{"type":"Point","coordinates":[-116.181438999912,33.6274340002441]}},{"type":"Feature","properties":{"Name":"Unknown","Max_Voltag":66,"Owner":" ","COUNTY":"San Bernardino County","Status":"IN SERVICE"},"geometry":{"type":"Point","coordinates":[-117.714735000313,33.9973079997518]}},{"type":"Feature","properties":{"Name":"Unknown","Max_Voltag":0,"Owner":" ","COUNTY":"Los Angeles County","Status":"NOT AVAILABLE"},"geometry":{"type":"Point","coordinates":[-118.596259516826,34.2015078960289]}},{"type":"Feature","properties":{"Name":"Halsey","Max_Voltag":60,"Owner":" ","COUNTY":"Placer County","Status":"IN SERVICE"},"geometry":{"type":"Point","coordinates":[-121.043269850406,38.9569118501341]}},{"type":"Feature","properties":{"Name":"Unknown","Max_Voltag":69,"Owner":" ","COUNTY":"Orange County","Status":"IN SERVICE"},"geometry":{"type":"Point","coordinates":[-117.923610999784,33.8468100000768]}},{"type":"Feature","properties":{"Name":"Unknown","Max_Voltag":66,"Owner":" ","COUNTY":"San Bernardino County","Status":"IN SERVICE"},"geometry":{"type":"Point","coordinates":[-117.279322335787,34.1009197369793]}},{"type":"Feature","properties":{"Name":"Unknown","Max_Voltag":0,"Owner":" ","COUNTY":"Stanislaus County","Status":"NOT AVAILABLE"},"geometry":{"type":"Point","coordinates":[-120.968836378415,37.7103378072643]}},{"type":"Feature","properties":{"Name":"Unknown","Max_Voltag":115,"Owner":" ","COUNTY":"Kern County","Status":"NOT AVAILABLE"},"geometry":{"type":"Point","coordinates":[-118.925355016985,35.3588603841989]}},{"type":"Feature","properties":{"Name":"Unknown","Max_Voltag":70,"Owner":" ","COUNTY":"Kern County","Status":"IN SERVICE"},"geometry":{"type":"Point","coordinates":[-118.878629859845,35.1475437562599]}},{"type":"Feature","properties":{"Name":"Unknown","Max_Voltag":230,"Owner":" ","COUNTY":"Imperial County","Status":"IN SERVICE"},"geometry":{"type":"Point","coordinates":[-115.717348444594,32.7345406921679]}},{"type":"Feature","properties":{"Name":"Unknown","Max_Voltag":0,"Owner":" ","COUNTY":"Orange County","Status":"IN SERVICE"},"geometry":{"type":"Point","coordinates":[-117.826274537653,33.9132178770368]}},{"type":"Feature","properties":{"Name":"Unknown","Max_Voltag":66,"Owner":" ","COUNTY":"Orange County","Status":"IN SERVICE"},"geometry":{"type":"Point","coordinates":[-117.707320694929,33.6192525599219]}},{"type":"Feature","properties":{"Name":"Unknown","Max_Voltag":60,"Owner":" ","COUNTY":"Sacramento County","Status":"IN SERVICE"},"geometry":{"type":"Point","coordinates":[-121.357428075087,38.6538775472137]}},{"type":"Feature","properties":{"Name":"Unknown","Max_Voltag":66,"Owner":" ","COUNTY":"Los Angeles County","Status":"IN SERVICE"},"geometry":{"type":"Point","coordinates":[-118.369888811028,33.9330191349989]}},{"type":"Feature","properties":{"Name":"Unknown","Max_Voltag":0,"Owner":" ","COUNTY":"Orange County","Status":"IN SERVICE"},"geometry":{"type":"Point","coordinates":[-117.826051344034,33.9110222516499]}},{"type":"Feature","properties":{"Name":"Onshore","Max_Voltag":0,"Owner":" ","COUNTY":"Santa Barbara County","Status":"NOT AVAILABLE"},"geometry":{"type":"Point","coordinates":[-119.912133991782,34.4336971302828]}},{"type":"Feature","properties":{"Name":"Unknown","Max_Voltag":60,"Owner":" ","COUNTY":"Sacramento County","Status":"NOT AVAILABLE"},"geometry":{"type":"Point","coordinates":[-121.264475748174,38.6529027842568]}},{"type":"Feature","properties":{"Name":"Unknown","Max_Voltag":115,"Owner":" ","COUNTY":"Kern County","Status":"IN SERVICE"},"geometry":{"type":"Point","coordinates":[-117.918094034196,34.9082712542495]}},{"type":"Feature","properties":{"Name":"Unknown","Max_Voltag":66,"Owner":" ","COUNTY":"Los Angeles County","Status":"IN SERVICE"},"geometry":{"type":"Point","coordinates":[-118.215879763036,34.0674439628715]}},{"type":"Feature","properties":{"Name":"Unknown","Max_Voltag":34,"Owner":" ","COUNTY":"San Bernardino County","Status":"IN SERVICE"},"geometry":{"type":"Point","coordinates":[-116.831259705923,34.2611832141315]}},{"type":"Feature","properties":{"Name":"Unknown","Max_Voltag":60,"Owner":" ","COUNTY":"Fresno County","Status":"IN SERVICE"},"geometry":{"type":"Point","coordinates":[-119.703326487954,36.9976445587381]}},{"type":"Feature","properties":{"Name":"Bank C","Max_Voltag":0,"Owner":" ","COUNTY":"Inyo County","Status":"NOT AVAILABLE"},"geometry":{"type":"Point","coordinates":[-118.043865796177,36.443381252912]}},{"type":"Feature","properties":{"Name":"Unknown","Max_Voltag":60,"Owner":" ","COUNTY":"Sacramento County","Status":"IN SERVICE"},"geometry":{"type":"Point","coordinates":[-121.385295999903,38.581367999654]}},{"type":"Feature","properties":{"Name":"Unknown","Max_Voltag":66,"Owner":" ","COUNTY":"Orange County","Status":"NOT AVAILABLE"},"geometry":{"type":"Point","coordinates":[-117.865405079564,33.6545679996291]}},{"type":"Feature","properties":{"Name":"Unknown","Max_Voltag":66,"Owner":" ","COUNTY":"Orange County","Status":"IN SERVICE"},"geometry":{"type":"Point","coordinates":[-117.727327905563,33.6294813777551]}},{"type":"Feature","properties":{"Name":"Unknown","Max_Voltag":66,"Owner":" ","COUNTY":"Los Angeles County","Status":"IN SERVICE"},"geometry":{"type":"Point","coordinates":[-118.046333170022,33.9025290497278]}},{"type":"Feature","properties":{"Name":"Unknown","Max_Voltag":0,"Owner":" ","COUNTY":"San Joaquin County","Status":"IN SERVICE"},"geometry":{"type":"Point","coordinates":[-121.272722000411,37.9492710001407]}},{"type":"Feature","properties":{"Name":"Unknown","Max_Voltag":70,"Owner":" ","COUNTY":"Kern County","Status":"IN SERVICE"},"geometry":{"type":"Point","coordinates":[-119.331282905964,35.1093250609178]}},{"type":"Feature","properties":{"Name":"Unknown","Max_Voltag":0,"Owner":" ","COUNTY":"Kern County","Status":"NOT AVAILABLE"},"geometry":{"type":"Point","coordinates":[-118.448328800627,34.9197474720059]}},{"type":"Feature","properties":{"Name":"Unknown","Max_Voltag":66,"Owner":" ","COUNTY":"San Bernardino County","Status":"NOT AVAILABLE"},"geometry":{"type":"Point","coordinates":[-117.479883999705,34.0482020000708]}},{"type":"Feature","properties":{"Name":"Unknown","Max_Voltag":60,"Owner":" ","COUNTY":"Sacramento County","Status":"IN SERVICE"},"geometry":{"type":"Point","coordinates":[-121.343977000263,38.5455960000828]}},{"type":"Feature","properties":{"Name":"Unknown","Max_Voltag":0,"Owner":" ","COUNTY":"Ventura County","Status":"IN SERVICE"},"geometry":{"type":"Point","coordinates":[-119.421816236904,34.3545364522697]}},{"type":"Feature","properties":{"Name":"Unknown","Max_Voltag":110,"Owner":" ","COUNTY":"Stanislaus County","Status":"NOT AVAILABLE"},"geometry":{"type":"Point","coordinates":[-120.95871183336,37.6677828348444]}},{"type":"Feature","properties":{"Name":"Unknown","Max_Voltag":0,"Owner":" ","COUNTY":"Fresno County","Status":"IN SERVICE"},"geometry":{"type":"Point","coordinates":[-120.422063314091,36.7211024780526]}},{"type":"Feature","properties":{"Name":"Unknown","Max_Voltag":69,"Owner":" ","COUNTY":"San Diego County","Status":"IN SERVICE"},"geometry":{"type":"Point","coordinates":[-117.20794075882,32.7352703380941]}},{"type":"Feature","properties":{"Name":"Unknown","Max_Voltag":0,"Owner":" ","COUNTY":"San Bernardino County","Status":"NOT AVAILABLE"},"geometry":{"type":"Point","coordinates":[-114.677446483355,35.0327940397847]}},{"type":"Feature","properties":{"Name":"Unknown","Max_Voltag":230,"Owner":" ","COUNTY":"Kings County","Status":"IN SERVICE"},"geometry":{"type":"Point","coordinates":[-119.919291096925,36.2322360519893]}},{"type":"Feature","properties":{"Name":"Unknown","Max_Voltag":60,"Owner":" ","COUNTY":"Sacramento County","Status":"NOT AVAILABLE"},"geometry":{"type":"Point","coordinates":[-121.417637206949,38.4192399472335]}},{"type":"Feature","properties":{"Name":"Unknown","Max_Voltag":0,"Owner":" ","COUNTY":"Los Angeles County","Status":"IN SERVICE"},"geometry":{"type":"Point","coordinates":[-118.432249637066,34.7872475100492]}},{"type":"Feature","properties":{"Name":"Unknown","Max_Voltag":60,"Owner":" ","COUNTY":"Kings County","Status":"NOT AVAILABLE"},"geometry":{"type":"Point","coordinates":[-120.092821223252,36.0437222583286]}},{"type":"Feature","properties":{"Name":"Unknown","Max_Voltag":0,"Owner":" ","COUNTY":"Stanislaus County","Status":"NOT AVAILABLE"},"geometry":{"type":"Point","coordinates":[-120.939160586903,37.6380527343328]}},{"type":"Feature","properties":{"Name":"Unknown","Max_Voltag":60,"Owner":" ","COUNTY":"Amador County","Status":"IN SERVICE"},"geometry":{"type":"Point","coordinates":[-120.94913024803,38.3697034326725]}},{"type":"Feature","properties":{"Name":"Lime Saddle","Max_Voltag":0,"Owner":" ","COUNTY":"Butte County","Status":"NOT AVAILABLE"},"geometry":{"type":"Point","coordinates":[-121.573847171404,39.7021597519433]}},{"type":"Feature","properties":{"Name":"Unknown","Max_Voltag":60,"Owner":" ","COUNTY":"Santa Cruz County","Status":"IN SERVICE"},"geometry":{"type":"Point","coordinates":[-121.980760322706,36.9758030749639]}},{"type":"Feature","properties":{"Name":"Unknown","Max_Voltag":60,"Owner":" ","COUNTY":"Sacramento County","Status":"IN SERVICE"},"geometry":{"type":"Point","coordinates":[-121.337397999634,38.6553579996926]}},{"type":"Feature","properties":{"Name":"Unknown","Max_Voltag":500,"Owner":" ","COUNTY":"Kern County","Status":"NOT AVAILABLE"},"geometry":{"type":"Point","coordinates":[-118.297367362695,35.0213107999023]}},{"type":"Feature","properties":{"Name":"Unknown","Max_Voltag":0,"Owner":" ","COUNTY":"Los Angeles County","Status":"NOT AVAILABLE"},"geometry":{"type":"Point","coordinates":[-118.291612502558,33.8471646651993]}},{"type":"Feature","properties":{"Name":"Unknown","Max_Voltag":115,"Owner":" ","COUNTY":"Fresno County","Status":"IN SERVICE"},"geometry":{"type":"Point","coordinates":[-119.736651154403,36.6961113421191]}},{"type":"Feature","properties":{"Name":"Unknown","Max_Voltag":0,"Owner":" ","COUNTY":"Kern County","Status":"IN SERVICE"},"geometry":{"type":"Point","coordinates":[-118.238667334035,34.9011422360861]}},{"type":"Feature","properties":{"Name":"Unknown","Max_Voltag":66,"Owner":" ","COUNTY":"Orange County","Status":"IN SERVICE"},"geometry":{"type":"Point","coordinates":[-117.697031439275,33.6236143010748]}},{"type":"Feature","properties":{"Name":"Unknown","Max_Voltag":66,"Owner":" ","COUNTY":"Los Angeles County","Status":"IN SERVICE"},"geometry":{"type":"Point","coordinates":[-118.081606000252,33.9354209996767]}},{"type":"Feature","properties":{"Name":"Unknown","Max_Voltag":60,"Owner":" ","COUNTY":"Sacramento County","Status":"IN SERVICE"},"geometry":{"type":"Point","coordinates":[-121.417465274794,38.40916860319]}},{"type":"Feature","properties":{"Name":"Unknown","Max_Voltag":66,"Owner":" ","COUNTY":"Los Angeles County","Status":"IN SERVICE"},"geometry":{"type":"Point","coordinates":[-117.993448730307,34.0278530002316]}},{"type":"Feature","properties":{"Name":"Unknown","Max_Voltag":0,"Owner":" ","COUNTY":"Los Angeles County","Status":"NOT AVAILABLE"},"geometry":{"type":"Point","coordinates":[-118.385049191191,33.9660347798114]}},{"type":"Feature","properties":{"Name":"Unknown","Max_Voltag":0,"Owner":" ","COUNTY":"Kern County","Status":"IN SERVICE"},"geometry":{"type":"Point","coordinates":[-118.395570482581,34.8470814152172]}},{"type":"Feature","properties":{"Name":"Unknown","Max_Voltag":66,"Owner":" ","COUNTY":"Los Angeles County","Status":"IN SERVICE"},"geometry":{"type":"Point","coordinates":[-118.064175999574,33.9295799996685]}},{"type":"Feature","properties":{"Name":"Unknown","Max_Voltag":69,"Owner":" ","COUNTY":"Orange County","Status":"IN SERVICE"},"geometry":{"type":"Point","coordinates":[-117.919460104045,33.8294102059285]}},{"type":"Feature","properties":{"Name":"Unknown","Max_Voltag":0,"Owner":" ","COUNTY":"Orange County","Status":"IN SERVICE"},"geometry":{"type":"Point","coordinates":[-117.958740993392,33.8176396509398]}},{"type":"Feature","properties":{"Name":"Unknown","Max_Voltag":60,"Owner":" ","COUNTY":"Placer County","Status":"IN SERVICE"},"geometry":{"type":"Point","coordinates":[-120.953262801069,39.134358418154]}},{"type":"Feature","properties":{"Name":"Unknown","Max_Voltag":66,"Owner":" ","COUNTY":"San Bernardino County","Status":"IN SERVICE"},"geometry":{"type":"Point","coordinates":[-117.645852569704,34.0411749997719]}},{"type":"Feature","properties":{"Name":"Unknown","Max_Voltag":0,"Owner":" ","COUNTY":"Orange County","Status":"NOT AVAILABLE"},"geometry":{"type":"Point","coordinates":[-117.923738000904,33.8106109051558]}},{"type":"Feature","properties":{"Name":"Unknown","Max_Voltag":115,"Owner":" ","COUNTY":"Riverside County","Status":"NOT AVAILABLE"},"geometry":{"type":"Point","coordinates":[-117.094982772663,33.5193604853734]}},{"type":"Feature","properties":{"Name":"Unknown","Max_Voltag":115,"Owner":" ","COUNTY":"Kings County","Status":"IN SERVICE"},"geometry":{"type":"Point","coordinates":[-119.58888911217,36.1519281462512]}},{"type":"Feature","properties":{"Name":"Unknown","Max_Voltag":66,"Owner":" ","COUNTY":"Los Angeles County","Status":"IN SERVICE"},"geometry":{"type":"Point","coordinates":[-117.934313739183,34.1034420220891]}},{"type":"Feature","properties":{"Name":"Woodland Biomass","Max_Voltag":0,"Owner":" ","COUNTY":"Yolo County","Status":"IN SERVICE"},"geometry":{"type":"Point","coordinates":[-121.734441226162,38.6950663792336]}},{"type":"Feature","properties":{"Name":"Unknown","Max_Voltag":0,"Owner":" ","COUNTY":"Orange County","Status":"IN SERVICE"},"geometry":{"type":"Point","coordinates":[-117.824483667082,33.914574354902]}},{"type":"Feature","properties":{"Name":"Unknown","Max_Voltag":0,"Owner":" ","COUNTY":"Imperial County","Status":"IN SERVICE"},"geometry":{"type":"Point","coordinates":[-115.577664671436,32.7525084942856]}},{"type":"Feature","properties":{"Name":"Unknown","Max_Voltag":0,"Owner":" ","COUNTY":"San Bernardino County","Status":"IN SERVICE"},"geometry":{"type":"Point","coordinates":[-117.400550000447,34.0398379999849]}},{"type":"Feature","properties":{"Name":"Unknown","Max_Voltag":0,"Owner":" ","COUNTY":"Kings County","Status":"IN SERVICE"},"geometry":{"type":"Point","coordinates":[-119.904428302564,36.2404786872346]}},{"type":"Feature","properties":{"Name":"Unknown","Max_Voltag":66,"Owner":" ","COUNTY":"Orange County","Status":"IN SERVICE"},"geometry":{"type":"Point","coordinates":[-117.841924310102,33.8497567600187]}},{"type":"Feature","properties":{"Name":"Unknown","Max_Voltag":69,"Owner":" ","COUNTY":"Orange County","Status":"IN SERVICE"},"geometry":{"type":"Point","coordinates":[-117.791290655026,33.8579114017392]}},{"type":"Feature","properties":{"Name":"Unknown","Max_Voltag":60,"Owner":" ","COUNTY":"Monterey County","Status":"NOT AVAILABLE"},"geometry":{"type":"Point","coordinates":[-121.866100510583,36.5877196069232]}},{"type":"Feature","properties":{"Name":"Unknown","Max_Voltag":60,"Owner":" ","COUNTY":"Madera County","Status":"IN SERVICE"},"geometry":{"type":"Point","coordinates":[-119.529649090023,37.2915480829461]}},{"type":"Feature","properties":{"Name":"Unknown","Max_Voltag":66,"Owner":" ","COUNTY":"Los Angeles County","Status":"IN SERVICE"},"geometry":{"type":"Point","coordinates":[-118.374762740078,33.8689370503167]}},{"type":"Feature","properties":{"Name":"Trans Bay Cable Facility","Max_Voltag":200,"Owner":" ","COUNTY":"San Francisco County","Status":"IN SERVICE"},"geometry":{"type":"Point","coordinates":[-122.386019928895,37.7548342579729]}},{"type":"Feature","properties":{"Name":"Unknown","Max_Voltag":0,"Owner":" ","COUNTY":"Placer County","Status":"NOT AVAILABLE"},"geometry":{"type":"Point","coordinates":[-121.303570511984,38.9027873082497]}},{"type":"Feature","properties":{"Name":"Unknown","Max_Voltag":60,"Owner":" ","COUNTY":"Sacramento County","Status":"IN SERVICE"},"geometry":{"type":"Point","coordinates":[-121.397612305792,38.6451026771154]}},{"type":"Feature","properties":{"Name":"Unknown","Max_Voltag":60,"Owner":" ","COUNTY":"Fresno County","Status":"IN SERVICE"},"geometry":{"type":"Point","coordinates":[-120.387904484646,36.6175006661776]}},{"type":"Feature","properties":{"Name":"Unknown","Max_Voltag":92,"Owner":" ","COUNTY":"Riverside County","Status":"IN SERVICE"},"geometry":{"type":"Point","coordinates":[-116.112595498694,33.5694341350512]}},{"type":"Feature","properties":{"Name":"Unknown","Max_Voltag":0,"Owner":" ","COUNTY":"Kern County","Status":"NOT AVAILABLE"},"geometry":{"type":"Point","coordinates":[-118.383378116353,35.1073215428664]}},{"type":"Feature","properties":{"Name":"Unknown","Max_Voltag":0,"Owner":" ","COUNTY":"Stanislaus County","Status":"NOT AVAILABLE"},"geometry":{"type":"Point","coordinates":[-120.674797577422,37.6518793767557]}},{"type":"Feature","properties":{"Name":"Unknown","Max_Voltag":0,"Owner":" ","COUNTY":"Kern County","Status":"IN SERVICE"},"geometry":{"type":"Point","coordinates":[-119.474965216995,35.1151741370289]}},{"type":"Feature","properties":{"Name":"Colgate","Max_Voltag":0,"Owner":" ","COUNTY":"Yuba County","Status":"IN SERVICE"},"geometry":{"type":"Point","coordinates":[-121.189705730447,39.331114581695]}},{"type":"Feature","properties":{"Name":"Unknown","Max_Voltag":66,"Owner":" ","COUNTY":"Orange County","Status":"NOT AVAILABLE"},"geometry":{"type":"Point","coordinates":[-117.86239660461,33.8022988083236]}},{"type":"Feature","properties":{"Name":"Unknown","Max_Voltag":66,"Owner":" ","COUNTY":"Orange County","Status":"IN SERVICE"},"geometry":{"type":"Point","coordinates":[-117.829017349337,33.8994945709521]}},{"type":"Feature","properties":{"Name":"Unknown","Max_Voltag":66,"Owner":" ","COUNTY":"Orange County","Status":"IN SERVICE"},"geometry":{"type":"Point","coordinates":[-117.838103482347,33.88873930273]}},{"type":"Feature","properties":{"Name":"Walnut","Max_Voltag":230,"Owner":" ","COUNTY":"Stanislaus County","Status":"IN SERVICE"},"geometry":{"type":"Point","coordinates":[-120.907096891906,37.4903224820389]}},{"type":"Feature","properties":{"Name":"Unknown","Max_Voltag":66,"Owner":" ","COUNTY":"San Bernardino County","Status":"IN SERVICE"},"geometry":{"type":"Point","coordinates":[-117.715429999899,33.9976249998595]}},{"type":"Feature","properties":{"Name":"Unknown","Max_Voltag":66,"Owner":" ","COUNTY":"Los Angeles County","Status":"IN SERVICE"},"geometry":{"type":"Point","coordinates":[-117.961351411369,34.1073686369832]}},{"type":"Feature","properties":{"Name":"Unknown","Max_Voltag":60,"Owner":" ","COUNTY":"Humboldt County","Status":"IN SERVICE"},"geometry":{"type":"Point","coordinates":[-124.064086990367,40.5416944039639]}},{"type":"Feature","properties":{"Name":"Dynegy Oakland Power Plant","Max_Voltag":115,"Owner":" ","COUNTY":"Alameda County","Status":"IN SERVICE"},"geometry":{"type":"Point","coordinates":[-122.280928999924,37.7964319998821]}},{"type":"Feature","properties":{"Name":"Unknown","Max_Voltag":115,"Owner":" ","COUNTY":"Tulare County","Status":"IN SERVICE"},"geometry":{"type":"Point","coordinates":[-119.45466124072,35.812388365897]}},{"type":"Feature","properties":{"Name":"Unknown","Max_Voltag":230,"Owner":" ","COUNTY":"Solano County","Status":"NOT AVAILABLE"},"geometry":{"type":"Point","coordinates":[-122.158428000298,38.1991740000168]}},{"type":"Feature","properties":{"Name":"Unknown","Max_Voltag":60,"Owner":" ","COUNTY":"Sacramento County","Status":"IN SERVICE"},"geometry":{"type":"Point","coordinates":[-121.43272804134,38.5709242477498]}},{"type":"Feature","properties":{"Name":"Unknown","Max_Voltag":69,"Owner":" ","COUNTY":"San Diego County","Status":"IN SERVICE"},"geometry":{"type":"Point","coordinates":[-117.211344866199,32.8938214790949]}},{"type":"Feature","properties":{"Name":"Unknown","Max_Voltag":0,"Owner":" ","COUNTY":"Kern County","Status":"NOT AVAILABLE"},"geometry":{"type":"Point","coordinates":[-118.296086703764,35.0231912640857]}},{"type":"Feature","properties":{"Name":"Unknown","Max_Voltag":0,"Owner":" ","COUNTY":"Kern County","Status":"IN SERVICE"},"geometry":{"type":"Point","coordinates":[-118.511684312314,34.8283848652398]}},{"type":"Feature","properties":{"Name":"Unknown","Max_Voltag":0,"Owner":" ","COUNTY":"Los Angeles County","Status":"IN SERVICE"},"geometry":{"type":"Point","coordinates":[-117.988763533705,34.079455331765]}},{"type":"Feature","properties":{"Name":"Unknown","Max_Voltag":161,"Owner":" ","COUNTY":"San Bernardino County","Status":"NOT AVAILABLE"},"geometry":{"type":"Point","coordinates":[-114.372353170783,34.1309693417958]}},{"type":"Feature","properties":{"Name":"Unknown","Max_Voltag":66,"Owner":" ","COUNTY":"Los Angeles County","Status":"NOT AVAILABLE"},"geometry":{"type":"Point","coordinates":[-118.339425980342,33.8788642400573]}},{"type":"Feature","properties":{"Name":"Unknown","Max_Voltag":0,"Owner":" ","COUNTY":"Kern County","Status":"IN SERVICE"},"geometry":{"type":"Point","coordinates":[-118.824331976726,35.3264118193164]}},{"type":"Feature","properties":{"Name":"Unknown","Max_Voltag":115,"Owner":" ","COUNTY":"Fresno County","Status":"NOT AVAILABLE"},"geometry":{"type":"Point","coordinates":[-119.58092831758,36.5392872361212]}},{"type":"Feature","properties":{"Name":"Unknown","Max_Voltag":500,"Owner":" ","COUNTY":"Los Angeles County","Status":"NOT AVAILABLE"},"geometry":{"type":"Point","coordinates":[-118.379563528297,34.191232111852]}},{"type":"Feature","properties":{"Name":"Unknown","Max_Voltag":0,"Owner":" ","COUNTY":"Imperial County","Status":"IN SERVICE"},"geometry":{"type":"Point","coordinates":[-114.590449000426,32.7816820003416]}},{"type":"Feature","properties":{"Name":"Unknown","Max_Voltag":66,"Owner":" ","COUNTY":"Los Angeles County","Status":"IN SERVICE"},"geometry":{"type":"Point","coordinates":[-118.390323360124,34.2416820003486]}},{"type":"Feature","properties":{"Name":"Unknown","Max_Voltag":0,"Owner":" ","COUNTY":"Orange County","Status":"IN SERVICE"},"geometry":{"type":"Point","coordinates":[-117.968610000087,33.8759450000101]}},{"type":"Feature","properties":{"Name":"Unknown","Max_Voltag":0,"Owner":" ","COUNTY":"Los Angeles County","Status":"NOT AVAILABLE"},"geometry":{"type":"Point","coordinates":[-118.493168763192,34.2579850528234]}},{"type":"Feature","properties":{"Name":"Unknown","Max_Voltag":115,"Owner":" ","COUNTY":"Fresno County","Status":"IN SERVICE"},"geometry":{"type":"Point","coordinates":[-119.580756739361,36.5385591237294]}},{"type":"Feature","properties":{"Name":"Unknown","Max_Voltag":0,"Owner":" ","COUNTY":"Sacramento County","Status":"IN SERVICE"},"geometry":{"type":"Point","coordinates":[-121.281897999984,38.5859249997925]}},{"type":"Feature","properties":{"Name":"Unknown","Max_Voltag":60,"Owner":" ","COUNTY":"Mariposa County","Status":"IN SERVICE"},"geometry":{"type":"Point","coordinates":[-120.310170942762,37.5220909723007]}},{"type":"Feature","properties":{"Name":"Unknown","Max_Voltag":60,"Owner":" ","COUNTY":"Alameda County","Status":"NOT AVAILABLE"},"geometry":{"type":"Point","coordinates":[-122.091963441871,37.6772637999505]}},{"type":"Feature","properties":{"Name":"Unknown","Max_Voltag":115,"Owner":" ","COUNTY":"San Bernardino County","Status":"IN SERVICE"},"geometry":{"type":"Point","coordinates":[-117.328957951802,34.3070934059348]}},{"type":"Feature","properties":{"Name":"Imhoff Tap 1","Max_Voltag":115,"Owner":" ","COUNTY":"Contra Costa County","Status":"IN SERVICE"},"geometry":{"type":"Point","coordinates":[-122.067153516131,38.0178885667642]}},{"type":"Feature","properties":{"Name":"Unknown","Max_Voltag":0,"Owner":" ","COUNTY":"Fresno County","Status":"IN SERVICE"},"geometry":{"type":"Point","coordinates":[-119.534366911639,37.0709747087704]}},{"type":"Feature","properties":{"Name":"Unknown","Max_Voltag":60,"Owner":" ","COUNTY":"Lassen County","Status":"IN SERVICE"},"geometry":{"type":"Point","coordinates":[-120.73784847399,40.4130888398825]}},{"type":"Feature","properties":{"Name":"Avena Tap 1","Max_Voltag":115,"Owner":" ","COUNTY":"San Joaquin County","Status":"IN SERVICE"},"geometry":{"type":"Point","coordinates":[-121.054667033334,37.8430437149217]}},{"type":"Feature","properties":{"Name":"Unknown","Max_Voltag":66,"Owner":" ","COUNTY":"San Bernardino County","Status":"IN SERVICE"},"geometry":{"type":"Point","coordinates":[-117.709093999842,33.9970190000749]}},{"type":"Feature","properties":{"Name":"Universal Studios Tap 2","Max_Voltag":66,"Owner":" ","COUNTY":"Los Angeles County","Status":"IN SERVICE"},"geometry":{"type":"Point","coordinates":[-118.359447999704,34.1430879998829]}},{"type":"Feature","properties":{"Name":"Unknown","Max_Voltag":115,"Owner":" ","COUNTY":"Riverside County","Status":"IN SERVICE"},"geometry":{"type":"Point","coordinates":[-116.406277999998,33.8018520002295]}},{"type":"Feature","properties":{"Name":"Unknown","Max_Voltag":66,"Owner":" ","COUNTY":"San Bernardino County","Status":"IN SERVICE"},"geometry":{"type":"Point","coordinates":[-117.732490999608,33.989718000076]}},{"type":"Feature","properties":{"Name":"Unknown","Max_Voltag":60,"Owner":" ","COUNTY":"San Mateo County","Status":"IN SERVICE"},"geometry":{"type":"Point","coordinates":[-122.16713442532,37.4828130192044]}},{"type":"Feature","properties":{"Name":"Unknown","Max_Voltag":0,"Owner":" ","COUNTY":"Kern County","Status":"IN SERVICE"},"geometry":{"type":"Point","coordinates":[-119.689672000414,35.4476360002346]}},{"type":"Feature","properties":{"Name":"Unknown","Max_Voltag":115,"Owner":" ","COUNTY":"Fresno County","Status":"IN SERVICE"},"geometry":{"type":"Point","coordinates":[-119.610015850024,36.8268687160901]}},{"type":"Feature","properties":{"Name":"Unknown","Max_Voltag":115,"Owner":" ","COUNTY":"Riverside County","Status":"IN SERVICE"},"geometry":{"type":"Point","coordinates":[-116.559938392065,33.9101831196943]}},{"type":"Feature","properties":{"Name":"Unknown","Max_Voltag":60,"Owner":" ","COUNTY":"Yuba County","Status":"IN SERVICE"},"geometry":{"type":"Point","coordinates":[-121.331779493876,39.1135886298276]}},{"type":"Feature","properties":{"Name":"Dumbarton Tap","Max_Voltag":115,"Owner":" ","COUNTY":"Alameda County","Status":"IN SERVICE"},"geometry":{"type":"Point","coordinates":[-122.071000999594,37.5504710001695]}},{"type":"Feature","properties":{"Name":"Underground Tap 1","Max_Voltag":66,"Owner":" ","COUNTY":"Los Angeles County","Status":"IN SERVICE"},"geometry":{"type":"Point","coordinates":[-118.234774014034,34.1175419688928]}},{"type":"Feature","properties":{"Name":"Newcomb Tap","Max_Voltag":115,"Owner":" ","COUNTY":"Riverside County","Status":"IN SERVICE"},"geometry":{"type":"Point","coordinates":[-117.154485285231,33.6845083308358]}},{"type":"Feature","properties":{"Name":"James Black Tap","Max_Voltag":230,"Owner":" ","COUNTY":"Shasta County","Status":"IN SERVICE"},"geometry":{"type":"Point","coordinates":[-121.929858425297,40.9242884356744]}},{"type":"Feature","properties":{"Name":"Bollman Tap 1","Max_Voltag":115,"Owner":" ","COUNTY":"Contra Costa County","Status":"IN SERVICE"},"geometry":{"type":"Point","coordinates":[-122.033738000361,38.0309290000937]}},{"type":"Feature","properties":{"Name":"Unknown","Max_Voltag":66,"Owner":" ","COUNTY":"Tulare County","Status":"IN SERVICE"},"geometry":{"type":"Point","coordinates":[-119.251259853069,36.4141519420026]}},{"type":"Feature","properties":{"Name":"Unknown","Max_Voltag":115,"Owner":" ","COUNTY":"Solano County","Status":"IN SERVICE"},"geometry":{"type":"Point","coordinates":[-122.221859000114,38.0771870001089]}},{"type":"Feature","properties":{"Name":"Jamacha Tap","Max_Voltag":69,"Owner":" ","COUNTY":"San Diego County","Status":"IN SERVICE"},"geometry":{"type":"Point","coordinates":[-116.925369000039,32.7277930001556]}},{"type":"Feature","properties":{"Name":"Unknown","Max_Voltag":60,"Owner":" ","COUNTY":"Sacramento County","Status":"IN SERVICE"},"geometry":{"type":"Point","coordinates":[-121.498191963678,38.6273408630031]}},{"type":"Feature","properties":{"Name":"Unknown","Max_Voltag":70,"Owner":" ","COUNTY":"Kern County","Status":"IN SERVICE"},"geometry":{"type":"Point","coordinates":[-119.445696000286,35.091234999818]}},{"type":"Feature","properties":{"Name":"Unknown","Max_Voltag":60,"Owner":" ","COUNTY":"Sacramento County","Status":"IN SERVICE"},"geometry":{"type":"Point","coordinates":[-121.262313753017,38.6642729701503]}},{"type":"Feature","properties":{"Name":"Unknown","Max_Voltag":60,"Owner":" ","COUNTY":"San Joaquin County","Status":"IN SERVICE"},"geometry":{"type":"Point","coordinates":[-121.408849720652,38.1895481939578]}},{"type":"Feature","properties":{"Name":"Unknown","Max_Voltag":60,"Owner":" ","COUNTY":"Sacramento County","Status":"IN SERVICE"},"geometry":{"type":"Point","coordinates":[-121.37862626404,38.5178414868101]}},{"type":"Feature","properties":{"Name":"Unknown","Max_Voltag":70,"Owner":" ","COUNTY":"Kern County","Status":"IN SERVICE"},"geometry":{"type":"Point","coordinates":[-119.442411262839,35.0899793512184]}},{"type":"Feature","properties":{"Name":"Unknown","Max_Voltag":60,"Owner":" ","COUNTY":"Sacramento County","Status":"IN SERVICE"},"geometry":{"type":"Point","coordinates":[-121.418340304847,38.4694261432635]}},{"type":"Feature","properties":{"Name":"Unknown","Max_Voltag":60,"Owner":" ","COUNTY":"Colusa County","Status":"IN SERVICE"},"geometry":{"type":"Point","coordinates":[-122.035591000214,39.2779979998112]}},{"type":"Feature","properties":{"Name":"Unknown","Max_Voltag":60,"Owner":" ","COUNTY":"Sacramento County","Status":"IN SERVICE"},"geometry":{"type":"Point","coordinates":[-121.450047157572,38.4740434621043]}},{"type":"Feature","properties":{"Name":"Unknown","Max_Voltag":66,"Owner":" ","COUNTY":"Los Angeles County","Status":"IN SERVICE"},"geometry":{"type":"Point","coordinates":[-117.93388137285,34.1282575431144]}},{"type":"Feature","properties":{"Name":"Unknown","Max_Voltag":60,"Owner":" ","COUNTY":"Kings County","Status":"IN SERVICE"},"geometry":{"type":"Point","coordinates":[-119.79766700034,36.305554999889]}},{"type":"Feature","properties":{"Name":"Unknown","Max_Voltag":60,"Owner":" ","COUNTY":"Sacramento County","Status":"IN SERVICE"},"geometry":{"type":"Point","coordinates":[-121.370010743136,38.4233535377175]}},{"type":"Feature","properties":{"Name":"Unknown","Max_Voltag":60,"Owner":" ","COUNTY":"Sacramento County","Status":"IN SERVICE"},"geometry":{"type":"Point","coordinates":[-121.457687676712,38.4306026829749]}},{"type":"Feature","properties":{"Name":"Unknown","Max_Voltag":66,"Owner":" ","COUNTY":"Los Angeles County","Status":"IN SERVICE"},"geometry":{"type":"Point","coordinates":[-118.072365501641,34.6022617918227]}},{"type":"Feature","properties":{"Name":"Unknown","Max_Voltag":66,"Owner":" ","COUNTY":"Los Angeles County","Status":"IN SERVICE"},"geometry":{"type":"Point","coordinates":[-118.228429434167,33.9481284931428]}},{"type":"Feature","properties":{"Name":"Unknown","Max_Voltag":60,"Owner":" ","COUNTY":"Humboldt County","Status":"IN SERVICE"},"geometry":{"type":"Point","coordinates":[-123.707879999862,40.1989989997048]}},{"type":"Feature","properties":{"Name":"Unknown","Max_Voltag":66,"Owner":" ","COUNTY":"Orange County","Status":"IN SERVICE"},"geometry":{"type":"Point","coordinates":[-117.937261060426,33.7161642396907]}},{"type":"Feature","properties":{"Name":"Unknown","Max_Voltag":115,"Owner":" ","COUNTY":"Santa Barbara County","Status":"IN SERVICE"},"geometry":{"type":"Point","coordinates":[-120.439879999973,34.6678500002432]}},{"type":"Feature","properties":{"Name":"Unknown","Max_Voltag":60,"Owner":" ","COUNTY":"Colusa County","Status":"IN SERVICE"},"geometry":{"type":"Point","coordinates":[-122.126665000173,39.1230989999441]}},{"type":"Feature","properties":{"Name":"Geysers Tap 7","Max_Voltag":230,"Owner":" ","COUNTY":"Sonoma County","Status":"IN SERVICE"},"geometry":{"type":"Point","coordinates":[-122.767182515048,38.781622949912]}},{"type":"Feature","properties":{"Name":"Unknown","Max_Voltag":60,"Owner":" ","COUNTY":"Sacramento County","Status":"IN SERVICE"},"geometry":{"type":"Point","coordinates":[-121.446259999573,38.6246550000872]}},{"type":"Feature","properties":{"Name":"Unknown","Max_Voltag":115,"Owner":" ","COUNTY":"Riverside County","Status":"IN SERVICE"},"geometry":{"type":"Point","coordinates":[-117.174191441668,33.9464142818527]}},{"type":"Feature","properties":{"Name":"Unknown","Max_Voltag":66,"Owner":" ","COUNTY":"Los Angeles County","Status":"IN SERVICE"},"geometry":{"type":"Point","coordinates":[-118.385229720224,33.923751379769]}},{"type":"Feature","properties":{"Name":"Owens Illinois Tap","Max_Voltag":115,"Owner":" ","COUNTY":"San Joaquin County","Status":"IN SERVICE"},"geometry":{"type":"Point","coordinates":[-121.486936297746,37.7122845778653]}},{"type":"Feature","properties":{"Name":"Unknown","Max_Voltag":60,"Owner":" ","COUNTY":"Fresno County","Status":"IN SERVICE"},"geometry":{"type":"Point","coordinates":[-119.36816054411,36.5746628281488]}},{"type":"Feature","properties":{"Name":"Unknown","Max_Voltag":60,"Owner":" ","COUNTY":"Humboldt County","Status":"IN SERVICE"},"geometry":{"type":"Point","coordinates":[-123.768477000009,40.2675120000643]}},{"type":"Feature","properties":{"Name":"Unknown","Max_Voltag":60,"Owner":" ","COUNTY":"Fresno County","Status":"IN SERVICE"},"geometry":{"type":"Point","coordinates":[-120.244910000153,36.1370899997945]}},{"type":"Feature","properties":{"Name":"Unknown","Max_Voltag":60,"Owner":" ","COUNTY":"Sacramento County","Status":"IN SERVICE"},"geometry":{"type":"Point","coordinates":[-121.225786289847,38.6532957972666]}},{"type":"Feature","properties":{"Name":"Unknown","Max_Voltag":66,"Owner":" ","COUNTY":"San Bernardino County","Status":"IN SERVICE"},"geometry":{"type":"Point","coordinates":[-117.524514999762,34.0335799997637]}},{"type":"Feature","properties":{"Name":"Unknown","Max_Voltag":70,"Owner":" ","COUNTY":"Madera County","Status":"IN SERVICE"},"geometry":{"type":"Point","coordinates":[-120.110322972371,36.8802049402233]}},{"type":"Feature","properties":{"Name":"Unknown","Max_Voltag":60,"Owner":" ","COUNTY":"Humboldt County","Status":"IN SERVICE"},"geometry":{"type":"Point","coordinates":[-124.171608031962,40.7803987132421]}},{"type":"Feature","properties":{"Name":"Unknown","Max_Voltag":70,"Owner":" ","COUNTY":"Kern County","Status":"IN SERVICE"},"geometry":{"type":"Point","coordinates":[-119.125300672875,35.4705643799902]}},{"type":"Feature","properties":{"Name":"Unknown","Max_Voltag":60,"Owner":" ","COUNTY":"Trinity County","Status":"IN SERVICE"},"geometry":{"type":"Point","coordinates":[-122.80654940371,40.7251428058867]}},{"type":"Feature","properties":{"Name":"Unknown","Max_Voltag":66,"Owner":" ","COUNTY":"Los Angeles County","Status":"IN SERVICE"},"geometry":{"type":"Point","coordinates":[-118.387650430183,34.1974854001419]}},{"type":"Feature","properties":{"Name":"Unknown","Max_Voltag":0,"Owner":" ","COUNTY":"Solano County","Status":"IN SERVICE"},"geometry":{"type":"Point","coordinates":[-121.796776000158,38.4767260003241]}},{"type":"Feature","properties":{"Name":"Unknown","Max_Voltag":0,"Owner":" ","COUNTY":"San Joaquin County","Status":"IN SERVICE"},"geometry":{"type":"Point","coordinates":[-121.257003751185,38.1287260467952]}},{"type":"Feature","properties":{"Name":"San Bruno Tap","Max_Voltag":60,"Owner":" ","COUNTY":"San Mateo County","Status":"IN SERVICE"},"geometry":{"type":"Point","coordinates":[-122.439897729245,37.6157070451744]}},{"type":"Feature","properties":{"Name":"Unknown","Max_Voltag":60,"Owner":" ","COUNTY":"Fresno County","Status":"IN SERVICE"},"geometry":{"type":"Point","coordinates":[-120.197587890947,36.6177183943156]}},{"type":"Feature","properties":{"Name":"Unknown","Max_Voltag":115,"Owner":" ","COUNTY":"Solano County","Status":"IN SERVICE"},"geometry":{"type":"Point","coordinates":[-121.807381999984,38.2955559996893]}},{"type":"Feature","properties":{"Name":"Banning Tap","Max_Voltag":115,"Owner":" ","COUNTY":"Riverside County","Status":"IN SERVICE"},"geometry":{"type":"Point","coordinates":[-116.872324266741,33.9127405987551]}},{"type":"Feature","properties":{"Name":"Unknown","Max_Voltag":66,"Owner":" ","COUNTY":"San Bernardino County","Status":"IN SERVICE"},"geometry":{"type":"Point","coordinates":[-117.575595580166,34.0915681802526]}},{"type":"Feature","properties":{"Name":"Unknown","Max_Voltag":60,"Owner":" ","COUNTY":"Merced County","Status":"IN SERVICE"},"geometry":{"type":"Point","coordinates":[-120.488364613598,37.1859003139957]}},{"type":"Feature","properties":{"Name":"Spring Gap Tap","Max_Voltag":115,"Owner":" ","COUNTY":"Tuolumne County","Status":"IN SERVICE"},"geometry":{"type":"Point","coordinates":[-120.10008750065,38.1683779322723]}},{"type":"Feature","properties":{"Name":"Unknown","Max_Voltag":60,"Owner":" ","COUNTY":"Sacramento County","Status":"IN SERVICE"},"geometry":{"type":"Point","coordinates":[-121.365854170044,38.5804048041286]}},{"type":"Feature","properties":{"Name":"Dunhill Tap","Max_Voltag":69,"Owner":" ","COUNTY":"San Diego County","Status":"IN SERVICE"},"geometry":{"type":"Point","coordinates":[-117.230075000384,32.9006699999869]}},{"type":"Feature","properties":{"Name":"Unknown","Max_Voltag":60,"Owner":" ","COUNTY":"Sacramento County","Status":"IN SERVICE"},"geometry":{"type":"Point","coordinates":[-121.429567000111,38.5320289999428]}},{"type":"Feature","properties":{"Name":"Unknown","Max_Voltag":66,"Owner":" ","COUNTY":"San Bernardino County","Status":"IN SERVICE"},"geometry":{"type":"Point","coordinates":[-117.488768849905,34.0483596002805]}},{"type":"Feature","properties":{"Name":"Unknown","Max_Voltag":33,"Owner":" ","COUNTY":"San Bernardino County","Status":"IN SERVICE"},"geometry":{"type":"Point","coordinates":[-116.995900468015,34.1023554036778]}},{"type":"Feature","properties":{"Name":"Unknown","Max_Voltag":66,"Owner":" ","COUNTY":"San Bernardino County","Status":"IN SERVICE"},"geometry":{"type":"Point","coordinates":[-117.174928839938,34.0547141000132]}},{"type":"Feature","properties":{"Name":"Unknown","Max_Voltag":115,"Owner":" ","COUNTY":"Shasta County","Status":"IN SERVICE"},"geometry":{"type":"Point","coordinates":[-122.395715416112,40.5862027147292]}},{"type":"Feature","properties":{"Name":"Unknown","Max_Voltag":60,"Owner":" ","COUNTY":"Fresno County","Status":"IN SERVICE"},"geometry":{"type":"Point","coordinates":[-120.31908999991,36.1947799997798]}},{"type":"Feature","properties":{"Name":"Unknown","Max_Voltag":115,"Owner":" ","COUNTY":"Contra Costa County","Status":"IN SERVICE"},"geometry":{"type":"Point","coordinates":[-121.854036675306,38.0126064602426]}},{"type":"Feature","properties":{"Name":"Unknown","Max_Voltag":66,"Owner":" ","COUNTY":"Los Angeles County","Status":"IN SERVICE"},"geometry":{"type":"Point","coordinates":[-118.248581630194,33.8318449000162]}},{"type":"Feature","properties":{"Name":"Unknown","Max_Voltag":60,"Owner":" ","COUNTY":"Placer County","Status":"IN SERVICE"},"geometry":{"type":"Point","coordinates":[-121.383142999577,38.7288899997333]}},{"type":"Feature","properties":{"Name":"Unknown","Max_Voltag":66,"Owner":" ","COUNTY":"Los Angeles County","Status":"IN SERVICE"},"geometry":{"type":"Point","coordinates":[-118.7510051573,34.1132467929952]}},{"type":"Feature","properties":{"Name":"Unknown","Max_Voltag":66,"Owner":" ","COUNTY":"Los Angeles County","Status":"IN SERVICE"},"geometry":{"type":"Point","coordinates":[-118.099683220024,34.0917227702081]}},{"type":"Feature","properties":{"Name":"Unknown","Max_Voltag":60,"Owner":" ","COUNTY":"San Joaquin County","Status":"IN SERVICE"},"geometry":{"type":"Point","coordinates":[-121.243405624844,38.1464247187172]}},{"type":"Feature","properties":{"Name":"Unknown","Max_Voltag":0,"Owner":" ","COUNTY":"Kern County","Status":"IN SERVICE"},"geometry":{"type":"Point","coordinates":[-119.642679999618,35.3833640002885]}},{"type":"Feature","properties":{"Name":"Evergreen Tap","Max_Voltag":0,"Owner":" ","COUNTY":"Santa Clara County","Status":"IN SERVICE"},"geometry":{"type":"Point","coordinates":[-121.848823407658,37.2923910078054]}},{"type":"Feature","properties":{"Name":"Unknown","Max_Voltag":60,"Owner":" ","COUNTY":"Alameda County","Status":"IN SERVICE"},"geometry":{"type":"Point","coordinates":[-121.689161708046,37.7303973387463]}},{"type":"Feature","properties":{"Name":"Unknown","Max_Voltag":60,"Owner":" ","COUNTY":"San Luis Obispo County","Status":"IN SERVICE"},"geometry":{"type":"Point","coordinates":[-120.653037617125,35.3133976391181]}},{"type":"Feature","properties":{"Name":"Unknown","Max_Voltag":66,"Owner":" ","COUNTY":"Tulare County","Status":"IN SERVICE"},"geometry":{"type":"Point","coordinates":[-118.817475498183,36.1249009889849]}},{"type":"Feature","properties":{"Name":"Beardsley Tap","Max_Voltag":115,"Owner":" ","COUNTY":"Tuolumne County","Status":"IN SERVICE"},"geometry":{"type":"Point","coordinates":[-120.060306128418,38.1795176087956]}},{"type":"Feature","properties":{"Name":"Unknown","Max_Voltag":66,"Owner":" ","COUNTY":"Los Angeles County","Status":"IN SERVICE"},"geometry":{"type":"Point","coordinates":[-118.148004499269,34.6750385990751]}},{"type":"Feature","properties":{"Name":"Unknown","Max_Voltag":69,"Owner":" ","COUNTY":"Modoc County","Status":"IN SERVICE"},"geometry":{"type":"Point","coordinates":[-120.880589340722,41.4489333159364]}},{"type":"Feature","properties":{"Name":"Dixon Tap","Max_Voltag":0,"Owner":" ","COUNTY":"Solano County","Status":"IN SERVICE"},"geometry":{"type":"Point","coordinates":[-121.826041328061,38.4449861511069]}},{"type":"Feature","properties":{"Name":"Unknown","Max_Voltag":115,"Owner":" ","COUNTY":"Santa Barbara County","Status":"IN SERVICE"},"geometry":{"type":"Point","coordinates":[-120.436266374928,34.7007171600764]}},{"type":"Feature","properties":{"Name":"Robertson-Fairoaks Tap","Max_Voltag":0,"Owner":" ","COUNTY":"Sacramento County","Status":"IN SERVICE"},"geometry":{"type":"Point","coordinates":[-121.328257831162,38.6320643738168]}},{"type":"Feature","properties":{"Name":"Elsinore Tap","Max_Voltag":0,"Owner":" ","COUNTY":"Riverside County","Status":"IN SERVICE"},"geometry":{"type":"Point","coordinates":[-117.331670683399,33.6839954938414]}},{"type":"Feature","properties":{"Name":"Unknown","Max_Voltag":66,"Owner":" ","COUNTY":"San Bernardino County","Status":"IN SERVICE"},"geometry":{"type":"Point","coordinates":[-117.278598370025,34.0520968803138]}},{"type":"Feature","properties":{"Name":"Unknown","Max_Voltag":115,"Owner":" ","COUNTY":"Kern County","Status":"IN SERVICE"},"geometry":{"type":"Point","coordinates":[-118.977625029707,35.3144130729725]}},{"type":"Feature","properties":{"Name":"Evergreen Tap 2","Max_Voltag":115,"Owner":" ","COUNTY":"Santa Clara County","Status":"IN SERVICE"},"geometry":{"type":"Point","coordinates":[-121.85739958415,37.3191802011648]}},{"type":"Feature","properties":{"Name":"Unknown","Max_Voltag":60,"Owner":" ","COUNTY":"Tehama County","Status":"IN SERVICE"},"geometry":{"type":"Point","coordinates":[-122.096317000233,40.0332879999461]}},{"type":"Feature","properties":{"Name":"Unknown","Max_Voltag":66,"Owner":" ","COUNTY":"Tulare County","Status":"IN SERVICE"},"geometry":{"type":"Point","coordinates":[-119.367448731655,36.3126273621473]}},{"type":"Feature","properties":{"Name":"Engle-Eastern Tap","Max_Voltag":0,"Owner":" ","COUNTY":"Sacramento County","Status":"IN SERVICE"},"geometry":{"type":"Point","coordinates":[-121.363093000389,38.6320029997818]}},{"type":"Feature","properties":{"Name":"Universal Studios Tap","Max_Voltag":66,"Owner":" ","COUNTY":"Los Angeles County","Status":"IN SERVICE"},"geometry":{"type":"Point","coordinates":[-118.359240921861,34.1432254722525]}},{"type":"Feature","properties":{"Name":"Daly City Tap","Max_Voltag":115,"Owner":" ","COUNTY":"San Mateo County","Status":"IN SERVICE"},"geometry":{"type":"Point","coordinates":[-122.429751992932,37.6809375961409]}},{"type":"Feature","properties":{"Name":"Unknown","Max_Voltag":115,"Owner":" ","COUNTY":"Contra Costa County","Status":"IN SERVICE"},"geometry":{"type":"Point","coordinates":[-121.854523547817,38.0125696269666]}},{"type":"Feature","properties":{"Name":"Unknown","Max_Voltag":66,"Owner":" ","COUNTY":"Los Angeles County","Status":"IN SERVICE"},"geometry":{"type":"Point","coordinates":[-118.457391999648,34.4133839997359]}},{"type":"Feature","properties":{"Name":"Glendale South Tap 6","Max_Voltag":66,"Owner":" ","COUNTY":"Los Angeles County","Status":"IN SERVICE"},"geometry":{"type":"Point","coordinates":[-118.247577000194,34.1133769687091]}},{"type":"Feature","properties":{"Name":"Moreno Tap","Max_Voltag":115,"Owner":" ","COUNTY":"Riverside County","Status":"IN SERVICE"},"geometry":{"type":"Point","coordinates":[-117.156518368552,33.9465042260063]}},{"type":"Feature","properties":{"Name":"Unknown","Max_Voltag":110,"Owner":" ","COUNTY":"Stanislaus County","Status":"IN SERVICE"},"geometry":{"type":"Point","coordinates":[-120.921502512059,37.6671022457304]}},{"type":"Feature","properties":{"Name":"Unknown","Max_Voltag":70,"Owner":" ","COUNTY":"Kern County","Status":"IN SERVICE"},"geometry":{"type":"Point","coordinates":[-119.064907000104,35.0602549997638]}},{"type":"Feature","properties":{"Name":"Unknown","Max_Voltag":60,"Owner":" ","COUNTY":"Monterey County","Status":"IN SERVICE"},"geometry":{"type":"Point","coordinates":[-121.280302043169,36.3662605787848]}},{"type":"Feature","properties":{"Name":"Unknown","Max_Voltag":60,"Owner":" ","COUNTY":"Sacramento County","Status":"IN SERVICE"},"geometry":{"type":"Point","coordinates":[-121.273927041856,38.3914572219032]}},{"type":"Feature","properties":{"Name":"Unknown","Max_Voltag":60,"Owner":" ","COUNTY":"Sacramento County","Status":"IN SERVICE"},"geometry":{"type":"Point","coordinates":[-121.315461000258,38.6779369998091]}},{"type":"Feature","properties":{"Name":"Unknown","Max_Voltag":115,"Owner":" ","COUNTY":"Tuolumne County","Status":"IN SERVICE"},"geometry":{"type":"Point","coordinates":[-120.481561999836,37.9208650002355]}},{"type":"Feature","properties":{"Name":"Unknown","Max_Voltag":60,"Owner":" ","COUNTY":"Yuba County","Status":"IN SERVICE"},"geometry":{"type":"Point","coordinates":[-121.33173591211,39.1134063411004]}},{"type":"Feature","properties":{"Name":"Melones Tap 1","Max_Voltag":115,"Owner":" ","COUNTY":"Calaveras County","Status":"IN SERVICE"},"geometry":{"type":"Point","coordinates":[-120.644907199948,37.9849991999039]}},{"type":"Feature","properties":{"Name":"Luka Tap","Max_Voltag":60,"Owner":" ","COUNTY":"Alameda County","Status":"IN SERVICE"},"geometry":{"type":"Point","coordinates":[-121.835567608611,37.6735759889151]}},{"type":"Feature","properties":{"Name":"Unknown","Max_Voltag":69,"Owner":" ","COUNTY":"San Diego County","Status":"IN SERVICE"},"geometry":{"type":"Point","coordinates":[-117.019899056052,33.2279933850526]}},{"type":"Feature","properties":{"Name":"Unknown","Max_Voltag":66,"Owner":" ","COUNTY":"Tulare County","Status":"IN SERVICE"},"geometry":{"type":"Point","coordinates":[-119.178886591724,35.9932890873582]}},{"type":"Feature","properties":{"Name":"Unknown","Max_Voltag":60,"Owner":" ","COUNTY":"Yuba County","Status":"IN SERVICE"},"geometry":{"type":"Point","coordinates":[-121.336161197354,39.0975439730065]}},{"type":"Feature","properties":{"Name":"Unknown","Max_Voltag":0,"Owner":" ","COUNTY":"Stanislaus County","Status":"IN SERVICE"},"geometry":{"type":"Point","coordinates":[-120.781372422631,37.7108860380935]}},{"type":"Feature","properties":{"Name":"Unknown","Max_Voltag":66,"Owner":" ","COUNTY":"San Bernardino County","Status":"IN SERVICE"},"geometry":{"type":"Point","coordinates":[-117.690572999743,33.9899389997182]}},{"type":"Feature","properties":{"Name":"Geysers Tap  8","Max_Voltag":230,"Owner":" ","COUNTY":"Sonoma County","Status":"IN SERVICE"},"geometry":{"type":"Point","coordinates":[-122.767458084041,38.7867934490025]}},{"type":"Feature","properties":{"Name":"Unknown","Max_Voltag":66,"Owner":" ","COUNTY":"Orange County","Status":"IN SERVICE"},"geometry":{"type":"Point","coordinates":[-117.968438850364,33.9172395899799]}},{"type":"Feature","properties":{"Name":"Unknown","Max_Voltag":0,"Owner":" ","COUNTY":"Sacramento County","Status":"IN SERVICE"},"geometry":{"type":"Point","coordinates":[-121.364643000293,38.6068980001277]}},{"type":"Feature","properties":{"Name":"Unknown","Max_Voltag":66,"Owner":" ","COUNTY":"Los Angeles County","Status":"IN SERVICE"},"geometry":{"type":"Point","coordinates":[-118.186442999746,33.9570410000135]}},{"type":"Feature","properties":{"Name":"Border Tap","Max_Voltag":69,"Owner":" ","COUNTY":"San Diego County","Status":"IN SERVICE"},"geometry":{"type":"Point","coordinates":[-116.939411999957,32.5983249996408]}},{"type":"Feature","properties":{"Name":"Rincon Tap","Max_Voltag":115,"Owner":" ","COUNTY":"Sonoma County","Status":"IN SERVICE"},"geometry":{"type":"Point","coordinates":[-122.66764865785,38.496993569715]}},{"type":"Feature","properties":{"Name":"Unknown","Max_Voltag":60,"Owner":" ","COUNTY":"Kings County","Status":"IN SERVICE"},"geometry":{"type":"Point","coordinates":[-119.793075171934,36.3054435868542]}},{"type":"Feature","properties":{"Name":"Unknown","Max_Voltag":60,"Owner":" ","COUNTY":"Stanislaus County","Status":"IN SERVICE"},"geometry":{"type":"Point","coordinates":[-121.049151100808,37.6384219849224]}},{"type":"Feature","properties":{"Name":"Unknown","Max_Voltag":60,"Owner":" ","COUNTY":"Sacramento County","Status":"IN SERVICE"},"geometry":{"type":"Point","coordinates":[-121.475397580754,38.6275004731309]}},{"type":"Feature","properties":{"Name":"Unknown","Max_Voltag":66,"Owner":" ","COUNTY":"Orange County","Status":"IN SERVICE"},"geometry":{"type":"Point","coordinates":[-117.806290286161,33.7594832198995]}},{"type":"Feature","properties":{"Name":"Unknown","Max_Voltag":66,"Owner":" ","COUNTY":"Ventura County","Status":"IN SERVICE"},"geometry":{"type":"Point","coordinates":[-119.241549999994,34.3414220001942]}},{"type":"Feature","properties":{"Name":"Unknown","Max_Voltag":69,"Owner":" ","COUNTY":"Tuolumne County","Status":"IN SERVICE"},"geometry":{"type":"Point","coordinates":[-120.440603089878,37.6920847532948]}},{"type":"Feature","properties":{"Name":"Eagle Rock Underground Tap 1","Max_Voltag":66,"Owner":" ","COUNTY":"Los Angeles County","Status":"IN SERVICE"},"geometry":{"type":"Point","coordinates":[-118.222501215351,34.1233986142106]}},{"type":"Feature","properties":{"Name":"Unknown","Max_Voltag":60,"Owner":" ","COUNTY":"Sacramento County","Status":"IN SERVICE"},"geometry":{"type":"Point","coordinates":[-121.401520203653,38.7142721870192]}},{"type":"Feature","properties":{"Name":"Unknown","Max_Voltag":60,"Owner":" ","COUNTY":"San Luis Obispo County","Status":"IN SERVICE"},"geometry":{"type":"Point","coordinates":[-120.689140045112,35.5577707268086]}},{"type":"Feature","properties":{"Name":"Unknown","Max_Voltag":60,"Owner":" ","COUNTY":"Yuba County","Status":"IN SERVICE"},"geometry":{"type":"Point","coordinates":[-121.336771309739,39.0974323341176]}},{"type":"Feature","properties":{"Name":"Unknown","Max_Voltag":60,"Owner":" ","COUNTY":"Sacramento County","Status":"IN SERVICE"},"geometry":{"type":"Point","coordinates":[-121.383695999771,38.6579550000515]}},{"type":"Feature","properties":{"Name":"Unknown","Max_Voltag":70,"Owner":" ","COUNTY":"Kern County","Status":"IN SERVICE"},"geometry":{"type":"Point","coordinates":[-119.109563549146,35.108964608188]}},{"type":"Feature","properties":{"Name":"Zamora Tap","Max_Voltag":115,"Owner":" ","COUNTY":"Yolo County","Status":"IN SERVICE"},"geometry":{"type":"Point","coordinates":[-121.858200000136,38.7500099997311]}},{"type":"Feature","properties":{"Name":"Unknown","Max_Voltag":60,"Owner":" ","COUNTY":"Lassen County","Status":"IN SERVICE"},"geometry":{"type":"Point","coordinates":[-120.738286000246,40.4153910001013]}},{"type":"Feature","properties":{"Name":"Unknown","Max_Voltag":115,"Owner":" ","COUNTY":"San Bernardino County","Status":"IN SERVICE"},"geometry":{"type":"Point","coordinates":[-117.173618215905,34.0738072102765]}},{"type":"Feature","properties":{"Name":"Unknown","Max_Voltag":60,"Owner":" ","COUNTY":"San Joaquin County","Status":"IN SERVICE"},"geometry":{"type":"Point","coordinates":[-121.321218384661,37.9453684942142]}},{"type":"Feature","properties":{"Name":"Kenneth-Garfield Tap","Max_Voltag":0,"Owner":" ","COUNTY":"Sacramento County","Status":"IN SERVICE"},"geometry":{"type":"Point","coordinates":[-121.336750871269,38.6211537080748]}},{"type":"Feature","properties":{"Name":"Unknown","Max_Voltag":66,"Owner":" ","COUNTY":"Orange County","Status":"IN SERVICE"},"geometry":{"type":"Point","coordinates":[-117.862688519348,33.6369268959909]}},{"type":"Feature","properties":{"Name":"Unknown","Max_Voltag":60,"Owner":" ","COUNTY":"Sacramento County","Status":"IN SERVICE"},"geometry":{"type":"Point","coordinates":[-121.446181999755,38.6317750003256]}},{"type":"Feature","properties":{"Name":"Pit 5 Tap","Max_Voltag":230,"Owner":" ","COUNTY":"Shasta County","Status":"IN SERVICE"},"geometry":{"type":"Point","coordinates":[-121.930517695291,40.9243760840373]}},{"type":"Feature","properties":{"Name":"Unknown","Max_Voltag":70,"Owner":" ","COUNTY":"Madera County","Status":"IN SERVICE"},"geometry":{"type":"Point","coordinates":[-120.110494546997,36.9165354487235]}},{"type":"Feature","properties":{"Name":"Unknown","Max_Voltag":66,"Owner":" ","COUNTY":"San Bernardino County","Status":"IN SERVICE"},"geometry":{"type":"Point","coordinates":[-117.173598700006,34.0809934191829]}},{"type":"Feature","properties":{"Name":"Unknown","Max_Voltag":60,"Owner":" ","COUNTY":"Monterey County","Status":"IN SERVICE"},"geometry":{"type":"Point","coordinates":[-121.672010999878,36.6867749996963]}},{"type":"Feature","properties":{"Name":"Unknown","Max_Voltag":66,"Owner":" ","COUNTY":"Los Angeles County","Status":"IN SERVICE"},"geometry":{"type":"Point","coordinates":[-118.174887000066,34.6892860000453]}},{"type":"Feature","properties":{"Name":"Unknown","Max_Voltag":60,"Owner":" ","COUNTY":"Contra Costa County","Status":"IN SERVICE"},"geometry":{"type":"Point","coordinates":[-122.2935318621,37.9033315562977]}},{"type":"Feature","properties":{"Name":"Unknown","Max_Voltag":66,"Owner":" ","COUNTY":"Riverside County","Status":"IN SERVICE"},"geometry":{"type":"Point","coordinates":[-117.589878029616,33.8965152497814]}},{"type":"Feature","properties":{"Name":"Unknown","Max_Voltag":115,"Owner":" ","COUNTY":"Sonoma County","Status":"IN SERVICE"},"geometry":{"type":"Point","coordinates":[-122.742671313276,38.4370132598747]}},{"type":"Feature","properties":{"Name":"Kasson Tap 2","Max_Voltag":115,"Owner":" ","COUNTY":"San Joaquin County","Status":"IN SERVICE"},"geometry":{"type":"Point","coordinates":[-121.339346999746,37.7453930001678]}},{"type":"Feature","properties":{"Name":"Unknown","Max_Voltag":60,"Owner":" ","COUNTY":"Shasta County","Status":"IN SERVICE"},"geometry":{"type":"Point","coordinates":[-122.308370219591,40.590604931038]}},{"type":"Feature","properties":{"Name":"Carlton Hills Tap","Max_Voltag":138,"Owner":" ","COUNTY":"San Diego County","Status":"IN SERVICE"},"geometry":{"type":"Point","coordinates":[-117.033910234049,32.8604604947655]}},{"type":"Feature","properties":{"Name":"Unknown","Max_Voltag":60,"Owner":" ","COUNTY":"Stanislaus County","Status":"IN SERVICE"},"geometry":{"type":"Point","coordinates":[-121.012839597125,37.3157181231755]}},{"type":"Feature","properties":{"Name":"Unknown","Max_Voltag":115,"Owner":" ","COUNTY":"Yolo County","Status":"IN SERVICE"},"geometry":{"type":"Point","coordinates":[-121.561620305378,38.583791255238]}},{"type":"Feature","properties":{"Name":"Unknown","Max_Voltag":60,"Owner":" ","COUNTY":"Fresno County","Status":"IN SERVICE"},"geometry":{"type":"Point","coordinates":[-120.097236522823,36.6620127040556]}},{"type":"Feature","properties":{"Name":"Unknown","Max_Voltag":60,"Owner":" ","COUNTY":"Monterey County","Status":"IN SERVICE"},"geometry":{"type":"Point","coordinates":[-121.449056965296,36.5103933710997]}},{"type":"Feature","properties":{"Name":"Melones Tap 2","Max_Voltag":115,"Owner":" ","COUNTY":"Calaveras County","Status":"IN SERVICE"},"geometry":{"type":"Point","coordinates":[-120.644911299859,37.9851790002771]}},{"type":"Feature","properties":{"Name":"Moffet Field Tap","Max_Voltag":115,"Owner":" ","COUNTY":"Santa Clara County","Status":"IN SERVICE"},"geometry":{"type":"Point","coordinates":[-122.037177152816,37.4195611459088]}},{"type":"Feature","properties":{"Name":"Unknown","Max_Voltag":115,"Owner":" ","COUNTY":"Contra Costa County","Status":"IN SERVICE"},"geometry":{"type":"Point","coordinates":[-121.85407235639,38.0126306302563]}},{"type":"Feature","properties":{"Name":"Unknown","Max_Voltag":60,"Owner":" ","COUNTY":"Monterey County","Status":"IN SERVICE"},"geometry":{"type":"Point","coordinates":[-121.153187572027,36.262521494095]}},{"type":"Feature","properties":{"Name":"Unknown","Max_Voltag":115,"Owner":" ","COUNTY":"Shasta County","Status":"IN SERVICE"},"geometry":{"type":"Point","coordinates":[-122.380710999652,40.5998790002477]}},{"type":"Feature","properties":{"Name":"Unknown","Max_Voltag":60,"Owner":" ","COUNTY":"Sacramento County","Status":"IN SERVICE"},"geometry":{"type":"Point","coordinates":[-121.390885774843,38.547494382673]}},{"type":"Feature","properties":{"Name":"Unknown","Max_Voltag":60,"Owner":" ","COUNTY":"Fresno County","Status":"NOT AVAILABLE"},"geometry":{"type":"Point","coordinates":[-120.33522717757,36.5474946016613]}},{"type":"Feature","properties":{"Name":"Unknown","Max_Voltag":60,"Owner":" ","COUNTY":"Fresno County","Status":"NOT AVAILABLE"},"geometry":{"type":"Point","coordinates":[-120.334067697778,36.6175679091552]}},{"type":"Feature","properties":{"Name":"Unknown","Max_Voltag":60,"Owner":" ","COUNTY":"Glenn County","Status":"NOT AVAILABLE"},"geometry":{"type":"Point","coordinates":[-122.186017000016,39.5533570003319]}},{"type":"Feature","properties":{"Name":"Unknown","Max_Voltag":115,"Owner":" ","COUNTY":"San Bernardino County","Status":"NOT AVAILABLE"},"geometry":{"type":"Point","coordinates":[-116.940171682735,34.3842515530214]}},{"type":"Feature","properties":{"Name":"Unknown","Max_Voltag":66,"Owner":" ","COUNTY":"Tulare County","Status":"NOT AVAILABLE"},"geometry":{"type":"Point","coordinates":[-119.247473375993,36.2928034553293]}},{"type":"Feature","properties":{"Name":"Unknown","Max_Voltag":115,"Owner":" ","COUNTY":"San Bernardino County","Status":"NOT AVAILABLE"},"geometry":{"type":"Point","coordinates":[-117.550483000329,35.0094529998565]}},{"type":"Feature","properties":{"Name":"Unknown","Max_Voltag":115,"Owner":" ","COUNTY":"San Bernardino County","Status":"NOT AVAILABLE"},"geometry":{"type":"Point","coordinates":[-117.55548000037,35.0163100002111]}},{"type":"Feature","properties":{"Name":"Unknown","Max_Voltag":0,"Owner":" ","COUNTY":"Sacramento County","Status":"NOT AVAILABLE"},"geometry":{"type":"Point","coordinates":[-121.34592531496,38.606397814208]}},{"type":"Feature","properties":{"Name":"Unknown","Max_Voltag":60,"Owner":" ","COUNTY":"Sonoma County","Status":"NOT AVAILABLE"},"geometry":{"type":"Point","coordinates":[-123.130612585664,38.4736874056552]}},{"type":"Feature","properties":{"Name":"Unknown","Max_Voltag":60,"Owner":" ","COUNTY":"Santa Cruz County","Status":"NOT AVAILABLE"},"geometry":{"type":"Point","coordinates":[-121.981135709799,36.9880221499463]}},{"type":"Feature","properties":{"Name":"Unknown","Max_Voltag":115,"Owner":" ","COUNTY":"San Bernardino County","Status":"NOT AVAILABLE"},"geometry":{"type":"Point","coordinates":[-116.945818000334,34.4439970003111]}},{"type":"Feature","properties":{"Name":"Unknown","Max_Voltag":60,"Owner":" ","COUNTY":"San Joaquin County","Status":"NOT AVAILABLE"},"geometry":{"type":"Point","coordinates":[-121.310722635968,37.9446832837121]}},{"type":"Feature","properties":{"Name":"Unknown","Max_Voltag":0,"Owner":" ","COUNTY":"Inyo County","Status":"NOT AVAILABLE"},"geometry":{"type":"Point","coordinates":[-116.845215529731,36.4568182727928]}},{"type":"Feature","properties":{"Name":"Unknown","Max_Voltag":66,"Owner":" ","COUNTY":"Santa Barbara County","Status":"NOT AVAILABLE"},"geometry":{"type":"Point","coordinates":[-119.504053187816,34.4301721201812]}},{"type":"Feature","properties":{"Name":"Unknown","Max_Voltag":0,"Owner":" ","COUNTY":"Imperial County","Status":"NOT AVAILABLE"},"geometry":{"type":"Point","coordinates":[-115.337069253606,32.6939806163752]}},{"type":"Feature","properties":{"Name":"Unknown","Max_Voltag":69,"Owner":" ","COUNTY":"San Diego County","Status":"NOT AVAILABLE"},"geometry":{"type":"Point","coordinates":[-117.229237370789,32.7476427700662]}},{"type":"Feature","properties":{"Name":"Unknown","Max_Voltag":69,"Owner":" ","COUNTY":"San Diego County","Status":"NOT AVAILABLE"},"geometry":{"type":"Point","coordinates":[-117.214929596933,32.8066816089205]}},{"type":"Feature","properties":{"Name":"Unknown","Max_Voltag":60,"Owner":" ","COUNTY":"San Joaquin County","Status":"NOT AVAILABLE"},"geometry":{"type":"Point","coordinates":[-121.252130277581,37.7538395422764]}},{"type":"Feature","properties":{"Name":"Unknown","Max_Voltag":115,"Owner":" ","COUNTY":"Contra Costa County","Status":"NOT AVAILABLE"},"geometry":{"type":"Point","coordinates":[-121.56109670884,37.8170035237978]}},{"type":"Feature","properties":{"Name":"Unknown","Max_Voltag":0,"Owner":" ","COUNTY":"San Bernardino County","Status":"NOT AVAILABLE"},"geometry":{"type":"Point","coordinates":[-117.564958399817,34.0043697999702]}},{"type":"Feature","properties":{"Name":"Unknown","Max_Voltag":66,"Owner":" ","COUNTY":"Riverside County","Status":"NOT AVAILABLE"},"geometry":{"type":"Point","coordinates":[-117.558127850247,33.9591073700118]}},{"type":"Feature","properties":{"Name":"Unknown","Max_Voltag":66,"Owner":" ","COUNTY":"Los Angeles County","Status":"NOT AVAILABLE"},"geometry":{"type":"Point","coordinates":[-117.925358460167,34.0092487499219]}},{"type":"Feature","properties":{"Name":"Unknown","Max_Voltag":66,"Owner":" ","COUNTY":"Los Angeles County","Status":"NOT AVAILABLE"},"geometry":{"type":"Point","coordinates":[-117.925235499669,34.0959811999278]}},{"type":"Feature","properties":{"Name":"Unknown","Max_Voltag":69,"Owner":" ","COUNTY":"San Diego County","Status":"NOT AVAILABLE"},"geometry":{"type":"Point","coordinates":[-117.049699733152,32.6961334399354]}},{"type":"Feature","properties":{"Name":"Unknown","Max_Voltag":115,"Owner":" ","COUNTY":"Contra Costa County","Status":"NOT AVAILABLE"},"geometry":{"type":"Point","coordinates":[-121.787856874739,37.9995687677843]}},{"type":"Feature","properties":{"Name":"Unknown","Max_Voltag":115,"Owner":" ","COUNTY":"Contra Costa County","Status":"NOT AVAILABLE"},"geometry":{"type":"Point","coordinates":[-121.872830677014,37.9873507687065]}},{"type":"Feature","properties":{"Name":"Unknown","Max_Voltag":33,"Owner":" ","COUNTY":"Riverside County","Status":"NOT AVAILABLE"},"geometry":{"type":"Point","coordinates":[-117.01628599964,33.8443890001547]}},{"type":"Feature","properties":{"Name":"Unknown","Max_Voltag":0,"Owner":" ","COUNTY":"Los Angeles County","Status":" "},"geometry":{"type":"Point","coordinates":[-117.72880599982,34.033600999742]}}]}